{"type":"FeatureCollection","features":[{"type":"Feature","properties":{"name":"Altai Krai"},"geometry":{"type":"Polygon","coordinates":[[[85.1159569,54.43783],[84.6409018,54.2790766],[84.5760162,54.2358862],[84.5510349,54.1619377],[84.4371813,54.1387763],[84.3977994,54.1779414],[84.2792108,54.1566239],[84.2293351,54.1934538],[83.8781904,54.079841],[83.8556951,54.088543],[83.8836109,54.1214129],[83.8290921,54.1278201],[83.7290107,54.1009735],[83.5541405,54.1092291],[83.4759464,54.0632094],[83.488263,53.9783164],[83.4422578,53.9737416],[83.4504543,53.9473909],[83.3491966,53.9342806],[83.3012323,54.0849268],[83.2749967,54.051269],[83.1978437,54.0658048],[83.0844601,54.0063373],[83.1107997,53.9790204],[83.0886125,53.9906407],[82.714469,53.7775176],[82.760436,53.7497528],[82.6210752,53.6692613],[82.6655532,53.6423025],[82.5021258,53.5473106],[82.5818045,53.5137325],[82.5663872,53.4984936],[82.4099794,53.5031068],[82.3373428,53.5278978],[82.3306254,53.5648879],[82.2088171,53.5889006],[82.2037671,53.61685],[82.155514,53.6041081],[82.1914309,53.6780904],[82.1385799,53.6472311],[81.9563927,53.7195174],[81.8174782,53.6852307],[81.7961373,53.743773],[81.7150044,53.7766058],[81.7524134,53.8042658],[81.7210567,53.8433349],[81.8363903,53.8711],[81.8325389,53.9642994],[81.7506332,53.9476534],[81.7056559,53.973573],[81.7308424,53.9863908],[81.6647847,53.9812225],[81.5403908,53.9058417],[81.5657007,54.004292],[81.6138041,54.0203438],[81.4941206,54.0288071],[81.4676176,54.0756577],[81.3840778,54.0513772],[81.3225152,54.0909938],[81.1319965,54.1117577],[80.9517245,54.375455],[80.8121569,54.3433616],[80.8637378,54.2459537],[80.8158933,54.2335097],[80.7971163,54.2575696],[80.5348934,54.1695466],[80.5712397,54.1248909],[80.218595,54.0315194],[80.1916334,54.0794639],[80.050758,54.0447297],[80.0931794,53.9905106],[79.8647509,53.914954],[79.8496577,53.8910806],[79.8876754,53.8420603],[79.6236994,53.7945381],[79.6395902,53.7436991],[79.4218173,53.6781622],[79.3854911,53.7101888],[79.25787,53.6773163],[79.0880536,53.6982447],[79.0406401,53.6526804],[78.9420881,53.6766374],[78.6160624,53.6368895],[78.6520925,53.5823173],[78.6446885,53.5131975],[78.5003079,53.5303815],[78.3632249,53.4755521],[78.2449238,53.5005155],[78.2275519,53.6183205],[78.156556,53.6218808],[78.1563986,53.585845],[78.1087448,53.5761242],[77.9103656,53.5724644],[77.9287897,53.5060875],[78.0735141,53.4734622],[78.0727118,53.44838],[77.9224283,53.4484096],[77.9174387,53.420739],[77.9658091,53.3900219],[77.9409826,53.3571089],[77.8891426,53.3673743],[77.9402921,53.2524863],[79.1734087,51.9296005],[80.0758658,50.7382076],[80.0679769,50.8528895],[80.083038,50.8281677],[80.1849175,50.827367],[80.1929508,50.9003662],[80.4822429,50.9686871],[80.4822163,51.109428],[80.433651,51.135163],[80.4470866,51.2082857],[80.6346995,51.2068038],[80.6776732,51.3167498],[80.9406108,51.2592571],[80.9198003,51.219025],[81.0470905,51.1814559],[81.1463635,51.2118797],[81.1729074,51.1416275],[81.0597635,50.9479034],[81.4125874,50.9757418],[81.4428381,50.9107656],[81.4212515,50.8724284],[81.4716819,50.8625668],[81.4859883,50.8241775],[81.4493382,50.755926],[81.7278273,50.7601264],[81.7758571,50.820919],[81.7967795,50.7719818],[81.8854154,50.804307],[82.1727021,50.7300643],[82.3573143,50.7845959],[82.5674696,50.7468424],[82.7391939,50.8504319],[82.7328173,50.9272716],[82.9796427,50.8838498],[83.0059935,50.9251995],[83.1124789,50.9659531],[83.1210213,51.0110042],[83.4071645,51.0131887],[83.5069156,50.9497161],[83.648704,50.9547766],[83.703568,50.8962114],[83.833666,50.8800221],[83.9726623,50.7953988],[83.9510436,50.7463971],[84.077553,50.6403123],[84.3977392,50.7100534],[84.4457927,50.6802116],[84.503101,50.7072342],[84.5112984,50.7654563],[84.5899894,50.8225299],[84.4373573,50.8599165],[84.4382706,50.908374],[84.4906964,50.9480592],[83.9431166,51.0691478],[83.9329189,51.1380873],[84.096635,51.143349],[84.0696912,51.1106088],[84.1206559,51.0712374],[84.1923222,51.247157],[84.2564708,51.2826126],[84.4129145,51.2712823],[84.4588914,51.3170248],[84.6337151,51.3470503],[84.7161565,51.4267991],[84.8979866,51.4377527],[84.92057,51.4828684],[84.9896273,51.5136245],[85.1110375,51.5240955],[85.1955705,51.4855017],[85.3058819,51.5555563],[85.4442581,51.5633895],[85.4852115,51.693557],[85.5823195,51.6972224],[85.626286,51.7472466],[85.687668,51.7188408],[85.7773356,51.8201835],[85.7211902,51.8449974],[85.8650487,51.8966929],[85.8175299,51.9711542],[85.8907514,52.026239],[85.798574,52.0516728],[85.9127699,52.0598191],[85.9188426,52.1056625],[86.1438879,52.0842578],[86.1728924,52.0197428],[86.2286495,52.0135925],[86.2417705,52.0422026],[86.4030439,52.0362193],[86.4525558,52.0742274],[86.4564206,52.1283901],[86.6488309,52.1056691],[86.7401587,52.1713585],[86.8010444,52.1587222],[86.8056392,52.1877549],[86.723874,52.1972026],[86.7833934,52.2930244],[86.6935792,52.2947994],[86.6896101,52.341377],[86.6229798,52.4060214],[86.6794266,52.4368297],[86.6279382,52.5268304],[86.7949166,52.5148083],[86.7751376,52.5958008],[86.8211921,52.6086406],[86.8098159,52.6480984],[86.8449448,52.6264002],[87.0527532,52.660268],[87.1269496,52.6153393],[87.1686505,52.6960895],[87.1140407,52.7175319],[87.0664919,52.6959146],[87.0697167,52.7238076],[86.9748361,52.7560583],[86.9483367,52.8309331],[86.9124241,52.8469714],[87.0079139,52.8991838],[87.0545776,53.0412227],[86.8745476,53.0830147],[86.8493122,53.1473425],[86.7197834,53.1524847],[86.7115892,53.1935395],[86.64421,53.1804644],[86.6301319,53.2486275],[86.7532976,53.2444442],[86.8486999,53.319581],[86.8584183,53.3776331],[86.9051824,53.4137198],[86.86818,53.4512878],[86.9290216,53.4735152],[86.9303287,53.5036744],[86.8136325,53.4514472],[86.5388654,53.527643],[86.4265509,53.6080089],[86.3937329,53.5972874],[86.3003849,53.8299518],[86.1841392,53.8116257],[86.1242538,53.9808962],[85.8712534,54.0375565],[85.7490447,54.1642941],[85.6904694,54.1447689],[85.6242221,54.2145007],[85.563206,54.1988106],[85.5384776,54.2245634],[85.4177842,54.1855444],[85.1599718,54.4531098],[85.1159569,54.43783]],[[86.7512353,53.3498057],[86.8109367,53.3466118],[86.7512353,53.3498057]]]}},{"type":"Feature","properties":{"name":"Republic of Mordovia"},"geometry":{"type":"MultiPolygon","coordinates":[[[[42.442326,54.8253986],[42.3891004,54.830207],[42.4268297,54.8148528],[42.3888413,54.7882683],[42.4302066,54.7357024],[42.4146226,54.7034749],[42.5419361,54.6750113],[42.6037121,54.6995471],[42.6428168,54.6714533],[42.5975215,54.6355707],[42.691248,54.5805068],[42.6067356,54.5610431],[42.6314144,54.4931093],[42.5499258,54.485274],[42.5357719,54.4367618],[42.5834195,54.4448122],[42.6291713,54.3759237],[42.5294824,54.3704169],[42.4902691,54.3053826],[42.3012319,54.2262747],[42.1642551,54.2582414],[42.2262217,54.2240137],[42.2025618,54.1885745],[42.2459371,54.1672739],[42.2536739,54.1887689],[42.2421069,54.162793],[42.3443233,54.1591858],[42.3959308,54.2545593],[42.4345015,54.2571117],[42.687979,54.1312139],[42.579342,54.1654296],[42.5209516,54.1347212],[42.5721429,54.083318],[42.4747097,54.0773389],[42.451828,54.1224065],[42.3068264,54.0844337],[42.3261612,54.1227491],[42.2619573,54.0876559],[42.3562176,54.0160388],[42.4446692,53.9960753],[42.4448947,53.9424863],[42.383272,53.9235291],[42.3574506,53.8261807],[42.3036739,53.7947228],[42.4094725,53.7989376],[42.4084296,53.7646445],[42.471826,53.7704377],[42.4985958,53.7347762],[42.5621263,53.7334388],[42.4949947,53.7780957],[42.570068,53.8353994],[42.5889429,53.8094679],[42.556252,53.8005011],[42.5478441,53.7492947],[42.6438476,53.8280028],[42.6656509,53.8013077],[42.7387301,53.8242253],[42.7005785,53.7509988],[42.727085,53.7394945],[42.759604,53.8254748],[42.8962834,53.7944678],[43.0235303,53.8298299],[43.056737,53.8094679],[43.0793873,53.8346376],[43.0474099,53.8565048],[43.0974167,53.8741225],[43.1567807,53.820004],[43.180034,53.8345376],[43.1693083,53.8862534],[43.1018705,53.9133527],[43.1267514,53.9772841],[43.1827778,53.968601],[43.1899716,53.9936254],[43.3136078,54.024637],[43.4082471,53.9845505],[43.5363672,54.0145552],[43.6639495,53.9537569],[43.7490582,53.9675085],[43.9296351,53.8695104],[43.9064339,53.81661],[43.8628455,53.8013077],[43.8986262,53.8056183],[43.9823645,53.7401506],[44.1143314,53.7326389],[44.1139004,53.6921691],[44.3119316,53.6922179],[44.3947304,53.7220293],[44.36427,53.7003978],[44.4597679,53.6634654],[44.5404059,53.6771377],[44.4989759,53.6431667],[44.587957,53.6859237],[44.7156549,53.6763847],[44.731851,53.7057293],[44.6897177,53.7507084],[44.6188442,53.7694425],[44.6698961,53.7793106],[44.654191,53.7995843],[44.6038241,53.798975],[44.5915893,53.8449785],[44.6076045,53.8811947],[44.6512776,53.8864062],[44.6394357,53.9041513],[44.6856783,53.9149146],[44.7230962,53.8864062],[44.7258401,53.9236587],[44.8031486,53.9266903],[44.8325702,53.9640607],[45.1159816,53.9461886],[45.17775,53.9717452],[45.2826059,53.9180996],[45.2984825,53.8715337],[45.5298079,53.8912103],[45.517101,53.9178969],[45.5438756,53.9295707],[45.7197625,53.8974649],[45.7139773,53.945306],[45.8934556,54.0180475],[45.8945057,54.0616331],[45.9636028,54.1008225],[45.9643055,54.1528839],[46.0158455,54.1216814],[46.0771363,54.1763778],[46.1545381,54.1545887],[46.2024869,54.1850613],[46.255404,54.1724628],[46.396792,54.2086093],[46.3858495,54.2335833],[46.4378179,54.2630889],[46.6627368,54.2901145],[46.7296022,54.4015365],[46.676167,54.3790716],[46.5358833,54.3991427],[46.4932564,54.4624409],[46.5950219,54.486425],[46.4599796,54.4796528],[46.5339116,54.5217726],[46.5466091,54.5550284],[46.4960987,54.5606621],[46.5385633,54.5726536],[46.4050911,54.5796433],[46.5348422,54.6321154],[46.4217256,54.6883012],[46.4559722,54.7197551],[46.4097733,54.7319825],[46.4430232,54.7616591],[46.4064285,54.7780907],[46.4495663,54.7863035],[46.3820177,54.830457],[46.4105911,54.8740716],[46.2447012,54.9782257],[46.289567,54.9926692],[46.2938622,55.0285452],[46.228044,55.0829964],[46.1808472,55.0684004],[46.2082909,55.0327727],[46.1574708,54.9741556],[46.1429044,55.0197732],[46.0620372,55.0477131],[45.960197,54.9968714],[45.7234402,54.9913734],[45.6983209,55.0117757],[45.7521119,55.0679218],[45.7192517,55.0811376],[45.785319,55.1261495],[45.7031206,55.1902678],[45.5476462,55.1354188],[45.5705764,55.1011241],[45.4793464,55.1051981],[45.4118297,54.9972217],[45.4477754,54.9818145],[45.4152557,54.9470771],[45.4268458,54.8855284],[45.2307012,54.8772851],[45.1943996,54.7495739],[45.111952,54.8000552],[45.0263998,54.7359537],[45.0182531,54.7052831],[45.0874102,54.6523522],[45.0361036,54.6298577],[45.0476845,54.5816497],[45.0111334,54.5518048],[45.1453234,54.5262191],[45.0960907,54.4676512],[45.0267721,54.4949627],[44.9081918,54.463399],[44.7697725,54.5208909],[44.5861504,54.4715083],[44.6023193,54.517172],[44.6238188,54.495766],[44.6591051,54.5139124],[44.5985957,54.5702616],[44.5367375,54.5179039],[44.4685178,54.5221348],[44.4050373,54.5346452],[44.3562903,54.5904529],[44.2005789,54.5964589],[44.1720051,54.6353617],[44.0684405,54.6485673],[44.0898026,54.7375779],[43.9210168,54.7394942],[43.9577556,54.8060862],[43.7337062,54.8201814],[43.6182225,54.8544232],[43.5907677,54.9026531],[43.4862606,54.9042293],[43.4547708,54.9344084],[43.418422,54.9315017],[43.4799023,54.8886627],[43.4823501,54.8178568],[43.2183742,54.8036416],[43.1842887,54.8246187],[43.2169998,54.8252138],[43.2216914,54.8935176],[43.1692268,54.8977689],[43.0860259,54.7747874],[42.9695475,54.7977141],[42.9010943,54.75964],[42.7928862,54.7548553],[42.8035066,54.7758964],[42.735859,54.7883383],[42.7290151,54.8176288],[42.624205,54.7800975],[42.5016854,54.8381403],[42.4443206,54.798354],[42.509725,54.7507417],[42.4548661,54.7504344],[42.4261363,54.7974498],[42.442326,54.8253986]],[[42.6371347,54.5578035],[42.6587567,54.5539895],[42.6371347,54.5578035]],[[44.463848,53.6909502],[44.463848,53.6909502]]],[[[42.6007533,54.53067],[42.6007533,54.53067]]]]}},{"type":"Feature","properties":{"name":"Tula Oblast"},"geometry":{"type":"Polygon","coordinates":[[[37.2687091,54.8418015],[37.2288305,54.8033962],[37.2415089,54.7570639],[37.1954048,54.7328248],[37.246346,54.7090293],[37.1271824,54.5538871],[37.0766092,54.5455278],[37.0510107,54.5898384],[36.9824157,54.60535],[36.8949683,54.563494],[36.9618758,54.5220839],[36.8571006,54.4794633],[36.8918841,54.4276549],[36.9720748,54.4293659],[36.984222,54.3884198],[36.9311418,54.3429833],[36.9697789,54.3317325],[36.9668461,54.2916582],[36.7988172,54.2670729],[36.6856135,54.3092902],[36.6482033,54.2796179],[36.4862857,54.288287],[36.5046077,54.2474007],[36.3771388,54.202666],[36.2637142,54.2251804],[36.2058666,54.1558685],[36.1155155,54.1854529],[36.0349591,54.1719732],[36.0294411,54.1996255],[35.9689355,54.1806538],[36.0802394,54.1529875],[36.0667026,54.1290914],[36.1317405,54.1439214],[36.1423153,54.1258214],[36.0718353,54.1068371],[36.1766571,54.1026548],[36.2190078,54.0699706],[36.0979723,54.0056751],[36.1567739,53.9562375],[36.141287,53.9403732],[36.0471787,53.95588],[35.9835551,53.9081472],[36.0007616,53.872674],[35.8985554,53.8501821],[35.9728246,53.8163851],[35.91735,53.7769756],[35.9584907,53.7184726],[36.0876502,53.7028853],[35.992539,53.64142],[36.0369996,53.6102359],[36.0189243,53.5675673],[36.1739449,53.5393934],[36.2837684,53.5554407],[36.3179259,53.4744647],[36.468613,53.4289898],[36.4891785,53.3902234],[36.5732737,53.3770575],[36.6356262,53.420219],[36.6996033,53.3950361],[36.67567,53.3636278],[36.760457,53.3237551],[36.7481832,53.3059131],[36.9107774,53.2943017],[36.8987605,53.2729926],[36.9967196,53.2992515],[37.0077671,53.2670314],[37.095798,53.2861524],[37.2063764,53.2559299],[37.3642217,53.3011759],[37.4945003,53.2611353],[37.590463,53.2789394],[37.5721773,53.1805513],[37.6098045,53.0985419],[37.734686,53.1274985],[37.8243407,53.0863768],[37.856313,53.0114057],[37.9250366,53.055766],[38.1222778,53.0544372],[38.1269051,53.0280823],[38.1562734,53.0409798],[38.230784,52.9945093],[38.2660787,53.0197343],[38.3073994,53.0025009],[38.3269533,52.9463569],[38.4827308,53.0393726],[38.5658629,52.9910798],[38.5561883,53.034327],[38.6379161,53.0439309],[38.6163095,53.0692002],[38.6710489,53.1295685],[38.583309,53.1602844],[38.5775602,53.1884617],[38.6434437,53.215751],[38.5315744,53.3076191],[38.624095,53.3536014],[38.7717802,53.3643279],[38.7259709,53.4473839],[38.7589742,53.4798035],[38.7154547,53.5036719],[38.7227017,53.5289047],[38.8507741,53.5564626],[38.9003583,53.5359174],[38.8979921,53.5713676],[38.9375218,53.5741746],[38.9470336,53.6085377],[38.875233,53.6377952],[38.9515452,53.7302697],[38.9251249,53.7718093],[38.852576,53.7544588],[38.8155601,53.7809022],[38.8494292,53.8123664],[38.790909,53.8225673],[38.8552572,53.8476217],[38.7939594,53.8808356],[38.7977565,53.9102483],[38.8451771,53.9000713],[38.8899688,53.9313418],[38.7793215,53.9694579],[38.8013831,54.0091887],[38.7777853,54.0330037],[38.7566054,54.0005841],[38.7145097,54.0057191],[38.750602,54.0479479],[38.6848325,54.0981832],[38.7821344,54.1446766],[38.7509781,54.1922165],[38.6869018,54.1864778],[38.7223875,54.237904],[38.5129104,54.2941034],[38.5273654,54.3950475],[38.3865166,54.4666383],[38.3761724,54.5264833],[38.4509561,54.5366771],[38.4461348,54.5725404],[38.5189586,54.5962053],[38.4566444,54.6535882],[38.3915154,54.6377457],[38.0277781,54.7184914],[38.0396567,54.7646729],[37.9539961,54.7806998],[37.9898544,54.8253125],[37.9384692,54.8496734],[37.7481599,54.8323696],[37.779168,54.8156138],[37.7630179,54.7438073],[37.6868694,54.7138473],[37.5479964,54.7376042],[37.5447874,54.7804279],[37.4563961,54.8388657],[37.2687091,54.8418015]]]}},{"type":"Feature","properties":{"name":"Kurgan Oblast"},"geometry":{"type":"Polygon","coordinates":[[[62.0610577,56.1308206],[62.1497648,56.1157223],[62.1138666,56.0906654],[62.2216176,56.0380145],[62.2385947,55.9337355],[62.3643293,55.9333869],[62.2918096,55.8665707],[62.304293,55.8379752],[62.3607367,55.8054291],[62.4219084,55.8346044],[62.4200784,55.8063168],[62.5258926,55.7699092],[62.5159339,55.7257802],[62.5446444,55.7058541],[62.5174295,55.6792042],[62.5540157,55.6460689],[62.4689671,55.5636263],[62.5515703,55.5674053],[62.6200899,55.4905694],[62.454923,55.4672461],[62.4762797,55.4339646],[62.2995068,55.403819],[62.1882502,55.4454407],[62.1689462,55.4016516],[62.2444515,55.337179],[62.17239,55.3499635],[62.161149,55.3126836],[62.0663506,55.3036274],[62.0431565,55.2605742],[62.2259385,55.203206],[62.2086428,55.1503427],[62.237112,55.1085682],[62.2833913,55.1073926],[62.2639065,55.084684],[62.2847697,55.0782121],[62.223947,55.0659111],[62.1938247,54.9901902],[62.1472378,55.0382697],[61.9661851,55.0303115],[62.0103342,54.9060646],[62.0823217,54.8774028],[62.1187883,54.8141483],[62.0169628,54.7238837],[62.0848095,54.7198937],[62.0778542,54.6756086],[62.2378227,54.6912704],[62.2760225,54.6693163],[62.3955273,54.685839],[62.4057924,54.7229769],[62.5624758,54.7283702],[62.5782534,54.7149236],[62.5199356,54.6883864],[62.5502517,54.652031],[62.6218212,54.6356134],[62.6386045,54.6697463],[62.6717239,54.6240117],[62.9232715,54.6987],[63.1998212,54.6990849],[63.2431442,54.5812449],[63.2851004,54.5813614],[63.2725891,54.5472385],[63.2947368,54.5437907],[63.218199,54.4714313],[63.1420694,54.4839508],[63.132462,54.4564531],[63.1825531,54.4023405],[63.1251662,54.3809134],[63.1656257,54.3359879],[63.0975329,54.3334851],[63.2633808,54.293759],[63.2748968,54.2373509],[63.3440003,54.251514],[63.3647824,54.1873234],[63.7940409,54.2718611],[63.9122324,54.1983883],[63.9749793,54.2023451],[64.021267,54.2303322],[63.9868239,54.3012297],[64.0288809,54.2833959],[64.0711171,54.3178885],[64.4194106,54.3264645],[64.616461,54.3984635],[64.658518,54.360553],[64.738648,54.35392],[64.974791,54.424178],[65.104243,54.334534],[65.221956,54.334286],[65.262715,54.362419],[65.200908,54.452181],[65.2144536,54.541393],[65.357903,54.577404],[65.50383,54.570918],[65.456451,54.624375],[65.489554,54.655537],[65.74729,54.607419],[65.799704,54.624024],[65.8452855,54.6972432],[65.981779,54.7170406],[65.9641858,54.6378169],[65.998643,54.625148],[66.8639,54.7759],[67.0524,54.7783],[67.2823454,54.8259141],[67.29026,54.862322],[67.3330486,54.8733062],[67.5635271,54.8443909],[67.6917414,54.8633156],[67.7735311,54.8859562],[67.8194637,54.9712311],[68.2351339,54.9690517],[68.1967116,54.9901082],[68.2381118,55.0147047],[68.2377375,55.0537729],[68.3155494,55.0766925],[68.1921017,55.150216],[68.21918,55.1548377],[68.1774303,55.1988869],[68.3538884,55.1810002],[68.3588038,55.2064629],[68.5953268,55.2194394],[68.6201871,55.1982678],[68.659446,55.2358007],[68.6355116,55.2653211],[68.7226503,55.3255021],[68.6745925,55.3609462],[68.6821485,55.3878968],[68.5992428,55.4304576],[68.4862735,55.4172868],[68.4328545,55.4766406],[68.3218532,55.5073372],[68.3170032,55.5694005],[68.1887547,55.5891237],[68.1923572,55.6769137],[68.1624808,55.7243424],[67.9209436,55.6549636],[67.8440433,55.6854005],[67.8221773,55.7290122],[67.6143312,55.721569],[67.574727,55.6866899],[67.5544815,55.7183904],[67.4039196,55.7278551],[67.2837941,55.914767],[67.3030462,55.9629002],[67.0998872,55.9581391],[66.9837152,55.9714652],[66.9898938,55.9923527],[66.7638704,55.9756321],[66.7234011,56.0424951],[66.4733293,55.9560878],[66.2924255,56.0574551],[66.1612962,56.068576],[66.0209714,55.993602],[65.8342022,56.0728718],[65.7780018,56.157672],[65.6643313,56.2207962],[65.6831232,56.2696644],[65.2342865,56.2767289],[65.1220021,56.3075734],[65.0941513,56.3349317],[65.2070906,56.338509],[65.2134319,56.3642346],[65.1367753,56.3721409],[65.0934327,56.4411389],[64.9967176,56.5045873],[65.0116032,56.5869542],[64.9857046,56.6099394],[65.0347879,56.615473],[65.0287269,56.6415315],[64.9722661,56.643221],[64.9943993,56.7139517],[64.8651246,56.793932],[64.8868072,56.8240769],[64.8305079,56.8422967],[64.766064,56.8126259],[64.5491167,56.8035419],[64.4938621,56.7455841],[64.3028564,56.744558],[64.3283442,56.7161037],[64.2957138,56.699422],[64.350427,56.6825602],[64.3430562,56.6442763],[64.1839354,56.5875804],[64.168891,56.5587436],[64.2214683,56.5379528],[64.1788357,56.4606847],[63.8294186,56.4811034],[63.7421259,56.5143471],[63.7467902,56.5374867],[63.7010563,56.5245049],[63.492983,56.6130725],[63.4002794,56.6104144],[63.3582564,56.4910205],[63.3150704,56.5677826],[63.1841399,56.5867386],[63.1244049,56.5641244],[62.8894901,56.5907254],[62.8711811,56.5469333],[62.742916,56.5583611],[62.7247623,56.5077729],[62.653279,56.5147842],[62.6512859,56.4865196],[62.6029324,56.4906582],[62.5833583,56.5320308],[62.6047823,56.5483174],[62.5155722,56.5629497],[62.2710553,56.419793],[62.2677651,56.3396873],[62.1540197,56.2740726],[62.069847,56.2963252],[62.0610577,56.1308206]]]}},{"type":"Feature","properties":{"name":"Ingushetia"},"geometry":{"type":"Polygon","coordinates":[[[44.8479393,43.5655338],[44.7893157,43.5571222],[44.7952148,43.5967423],[44.6955016,43.5949647],[44.7079005,43.5509169],[44.6521332,43.5425983],[44.621897,43.5467642],[44.6310674,43.6140893],[44.5033457,43.5879191],[44.478436,43.4676932],[44.5124704,43.4057541],[44.5777037,43.4136031],[44.5707208,43.2360974],[44.6812008,43.2108851],[44.6822702,43.2773115],[44.7734072,43.1577287],[44.7991099,43.1667351],[44.9588363,43.0455986],[44.9254933,42.9795028],[44.9538594,42.946579],[44.8817182,42.9151093],[44.8536514,42.8355762],[44.6318612,42.8919938],[44.6666994,42.7732314],[44.7413422,42.7274122],[44.803788,42.61473],[44.829035,42.617159],[44.887471,42.747044],[44.970491,42.748119],[45.064569,42.696086],[45.1756957,42.7818375],[45.1970773,42.8275235],[45.1694227,42.8343183],[45.2471818,42.9093184],[45.1784822,43.0119128],[45.1919573,43.1638326],[45.1331017,43.1939942],[45.114433,43.265303],[45.158521,43.4110355],[45.0679418,43.4518714],[45.0573246,43.4805426],[45.0900773,43.4821169],[45.0588011,43.5112775],[44.8985122,43.5222727],[44.8479393,43.5655338]]]}},{"type":"Feature","properties":{"name":"Khanty-Mansiysk Autonomous Okrug – Ugra"},"geometry":{"type":"Polygon","coordinates":[[[62.0004438,65.7177356],[61.858602,65.6869439],[61.8781413,65.6679821],[61.7029316,65.6027382],[61.736205,65.5846804],[61.6201236,65.5600717],[61.4176705,65.3867123],[61.2990304,65.3278144],[61.2951441,65.2770678],[61.358588,65.2828844],[61.3649792,65.2503712],[61.2814044,65.2119694],[61.2862699,65.1724938],[61.107646,65.1622952],[61.076999,65.0823611],[60.9951548,65.0663607],[60.9452441,65.0126978],[60.8076034,65.0249671],[60.7294402,64.9255054],[60.6150052,64.9189409],[60.5149766,64.9630245],[60.4344539,65.0067405],[60.4489126,65.0383076],[60.4201032,65.0656791],[60.2178509,65.0793409],[60.0341857,65.0285488],[60.0574631,64.9966585],[60.0042635,64.9407765],[59.8922899,64.9322398],[59.8652129,64.8953134],[59.8110997,64.9110959],[59.7402471,64.8756347],[59.7241296,64.8259479],[59.6246321,64.8032661],[59.6505935,64.7689843],[59.6258349,64.7244306],[59.7515876,64.6678747],[59.6183349,64.6499174],[59.5567487,64.544007],[59.4642822,64.4957976],[59.5984346,64.497467],[59.5902414,64.4759783],[59.6453592,64.447183],[59.6161659,64.4086267],[59.6535282,64.3757197],[59.5587433,64.2431256],[59.6336357,64.2144212],[59.6210188,64.196979],[59.6817135,64.1476927],[59.8283589,64.1344072],[59.8369472,64.0871442],[59.7209311,63.9608178],[59.561302,63.9085593],[59.5800602,63.8625216],[59.5333299,63.806853],[59.5331462,63.7128474],[59.4737581,63.6389073],[59.4712987,63.5528003],[59.3779662,63.4220547],[59.3108299,63.3874928],[59.3739056,63.3694676],[59.3217656,63.321088],[59.365877,63.2518273],[59.2870228,63.1831931],[59.322729,63.1238031],[59.2253118,63.0893028],[59.2037939,63.0275967],[59.2244301,62.9827781],[59.4621573,62.8980718],[59.4333244,62.7782615],[59.3589583,62.7505493],[59.471717,62.6046229],[59.4429534,62.5654733],[59.6354468,62.5484543],[59.5824325,62.4192868],[59.6196659,62.4065546],[59.6142058,62.3748689],[59.5143112,62.3215385],[59.5014655,62.2584523],[59.3994013,62.1571116],[59.4376121,62.0001338],[59.5071534,61.9368946],[59.9732374,61.8825724],[59.9401097,61.7976232],[59.9856923,61.7203061],[60.5146097,61.7356999],[61.1661384,61.6693264],[61.88651,61.4365793],[61.8905215,61.4068089],[62.4835549,61.2609731],[62.645589,61.1706512],[62.826001,61.0005295],[62.7601557,60.8533213],[62.8673828,60.653825],[63.2257305,60.2942063],[63.1808401,60.2244738],[63.5347814,60.1307332],[63.606047,60.1371648],[63.8026787,59.8017427],[63.8743126,59.4613009],[64.0204659,59.3818567],[64.4896702,59.3767548],[65.0718606,59.3118658],[65.121715,59.2163355],[65.2363033,59.2055752],[65.3726848,58.8989522],[65.6554112,58.658297],[66.357267,58.5798531],[66.7852384,58.6565453],[66.7724719,58.923282],[66.9686637,58.9721634],[67.0537092,58.9268384],[67.6119457,59.1041454],[67.6503164,59.1603827],[67.7238954,59.1905655],[68.0994851,59.2031836],[68.2614316,59.2381091],[68.3949421,59.2981749],[68.5734767,59.5885867],[68.7325727,59.5695796],[69.3090014,59.769649],[69.069949,59.9035358],[69.2697621,59.9895586],[69.6226734,59.9680044],[69.6511038,59.9098218],[70.1483941,59.9483208],[70.3963009,59.8395797],[70.7376179,59.8832507],[70.9994869,59.8281589],[71.1793279,59.9070663],[71.2584667,59.7884833],[71.4993512,59.7418087],[71.5447949,59.6851645],[71.7920313,59.6359354],[71.8636092,59.5598751],[72.0869492,59.5309229],[72.2714707,59.3852196],[72.4420472,59.3002208],[72.4182026,59.2103259],[72.5247125,59.1479032],[72.9112119,59.154002],[72.9756191,59.126382],[72.9282976,59.053141],[73.0999565,58.9516887],[72.9977818,58.8886589],[73.0248098,58.8749277],[73.4947124,58.8246192],[73.7187925,58.8562155],[73.8590821,58.8067808],[73.9910665,58.8108455],[74.144895,58.7302136],[74.7989904,58.7267088],[74.8945598,58.6851503],[74.9976915,58.698958],[75.1312975,58.6638893],[75.7011482,58.9685844],[75.727608,59.0153725],[75.6381281,59.2117111],[75.8403393,59.2809586],[75.8981938,59.4003314],[75.9878346,59.3825516],[76.1771658,59.5300006],[76.6648877,59.571174],[76.6683623,59.6850411],[76.7405468,59.7112083],[76.7728893,59.9911837],[76.7724326,60.0656743],[76.7140207,60.1155554],[76.8279558,60.1797288],[76.8669108,60.2747622],[76.7644407,60.3281134],[76.7562146,60.3776186],[76.8128464,60.4211923],[76.7993475,60.4687508],[77.0720448,60.5233267],[77.0418527,60.5827065],[77.0637453,60.612074],[76.9556395,60.6284835],[76.9615547,60.6608449],[77.0093563,60.6537832],[76.9856138,60.6632857],[77.0141674,60.6929738],[77.0975464,60.7052903],[77.1138105,60.7442612],[77.0671727,60.7940338],[77.1104824,60.8585195],[77.4328393,60.8109805],[77.7043231,60.8199899],[77.9699629,60.7406963],[78.0883453,60.7967844],[78.4872679,60.7638842],[78.6979467,60.8252181],[78.7955184,60.7491882],[78.9855159,60.820424],[79.083266,60.7999411],[79.2129471,60.8262717],[79.3081582,60.7961909],[79.2884792,60.7207343],[79.3902664,60.6348629],[79.6533619,60.686547],[80.2009967,60.6753218],[80.4049723,60.7501975],[80.6390585,60.7707383],[80.7048373,60.8027794],[81.0524474,60.755725],[81.1041904,60.6420482],[81.458741,60.6071387],[81.5842632,60.6379827],[81.8795342,60.639791],[82.1673052,60.5163396],[82.4096007,60.6081553],[82.3764514,60.7068791],[83.1566832,61.0267951],[83.4769092,61.0356717],[83.9496941,60.8362171],[84.2631099,60.8625176],[84.6539197,61.0034985],[85.696583,61.2838155],[85.700535,61.3163686],[85.6407308,61.3670902],[85.7981925,61.4540985],[85.965282,61.4591953],[85.9766731,61.4826099],[85.9611374,61.5451196],[85.8425127,61.5939212],[85.7128388,61.5726147],[85.4928532,61.6172155],[85.4065558,61.6871474],[85.2777984,61.6737218],[85.0968523,61.7519865],[84.6779151,61.8081303],[84.5193918,61.9278392],[84.4919864,62.0984713],[84.4226951,62.2328016],[84.2983481,62.2693454],[84.3021539,62.3230188],[84.23908,62.3814682],[84.1020607,62.3773056],[84.0057838,62.4093636],[83.9603886,62.4901594],[83.8140284,62.5698759],[83.6226879,62.5031689],[83.5637305,62.4982394],[83.5532672,62.5273739],[83.3242477,62.4580295],[83.0234823,62.5263341],[83.0493169,62.5893469],[82.7589962,62.6599549],[82.7618637,62.7494462],[82.2912879,62.7659298],[82.1593247,62.8130082],[81.8412871,62.6958569],[81.7411753,62.7050047],[81.6654607,62.7305533],[81.638742,62.779396],[81.2912495,62.8585473],[81.3198589,62.9099137],[81.0963198,63.0112045],[81.0420818,63.0666952],[81.0357675,63.1476277],[80.6809187,63.115941],[80.5883812,63.0781386],[80.5887873,63.0102079],[80.5519126,62.9895211],[80.4813437,62.9884043],[80.093017,62.8179333],[79.9246488,62.7940861],[79.8434403,62.6085568],[78.7394619,62.6022127],[78.4059627,62.5603552],[78.0929057,62.4640984],[77.8704228,62.5759485],[77.3781024,62.7078973],[77.1368192,62.8114223],[77.025564,62.9719835],[76.6669423,63.0348098],[76.3400498,62.9513441],[76.2667142,63.0131984],[75.7784078,63.1171481],[75.6049618,63.0880844],[75.3170015,63.0979384],[74.9415486,63.0253223],[74.5243218,63.0363641],[74.2531941,63.1730274],[73.4981828,63.187955],[73.3637957,63.2322421],[73.2632687,63.334776],[73.1061534,63.3781957],[73.1251839,63.3977684],[73.0542972,63.4267915],[72.8960468,63.3969146],[72.8710059,63.3557128],[72.664714,63.2817909],[72.128306,63.296786],[71.9981859,63.2480626],[71.6454841,63.1927517],[71.5361581,63.4692785],[71.5632307,63.570765],[71.4558562,63.6833083],[70.9226917,63.7027922],[70.8256533,63.8219111],[70.706206,63.8868081],[70.6878803,63.9423833],[70.5589034,64.0152818],[70.7664959,64.112367],[70.7709339,64.1911133],[70.662501,64.2390106],[70.4492418,64.2492473],[70.2923037,64.3425143],[69.8885283,64.3216942],[69.7249479,64.3959079],[69.3967562,64.3868619],[69.2682611,64.479349],[68.858472,64.4385393],[68.9700683,64.348302],[69.0445353,64.3306456],[68.9178263,64.2696331],[68.9119103,64.2243797],[68.4521166,64.2882796],[68.1323791,64.1524313],[67.9452766,64.1134707],[67.7828108,64.0194201],[67.6796957,64.0770377],[67.3762709,64.0954161],[67.2814941,64.074664],[67.2584451,64.0823804],[67.2867775,64.1097658],[67.1719907,64.1225711],[67.1991656,64.1605123],[66.8368325,64.2121109],[66.8469353,64.3401654],[66.9896394,64.4511609],[66.9390582,64.4673914],[66.9803604,64.4796355],[66.956808,64.5173363],[66.7027046,64.5547309],[66.4555608,64.5269508],[66.1990996,64.5906861],[65.9330927,64.5552382],[65.3762514,64.5557546],[65.1772705,64.4680932],[64.6038169,64.4426773],[64.4823317,64.3710829],[64.0433107,64.3593531],[63.9134226,64.2877072],[63.6112597,64.2705141],[63.410065,64.333669],[63.5169727,64.3631559],[63.4775176,64.4561453],[63.2473284,64.5204178],[63.0523536,64.5156676],[62.9143901,64.4673689],[62.8347493,64.5052586],[62.7148074,64.4966284],[62.5576427,64.558547],[62.589629,64.640373],[62.8115343,64.7364485],[62.8070123,64.8407152],[62.6952848,64.87343],[62.8237413,65.0546067],[62.8172932,65.1946898],[62.8721144,65.2905891],[62.4551101,65.3388067],[62.366543,65.4321105],[62.4254054,65.5037016],[62.3129699,65.5351568],[62.2652814,65.6323445],[62.1628449,65.6413824],[62.0004438,65.7177356]]]}},{"type":"Feature","properties":{"name":"Kirov Oblast"},"geometry":{"type":"MultiPolygon","coordinates":[[[[47.0721637,60.8444806],[47.0330801,60.7256826],[46.9829508,60.7218142],[47.0156134,60.7086812],[46.9764842,60.6923302],[47.0060893,60.6699414],[46.9602905,60.6518867],[47.0131406,60.6245411],[47.0016183,60.5577049],[47.0380226,60.5446036],[46.8738358,60.513505],[46.8887545,60.4541333],[46.8356544,60.432903],[46.8717273,60.4142044],[46.7793515,60.3960429],[46.7584567,60.3647805],[46.8435366,60.3582309],[46.794365,60.3247292],[46.8163414,60.2974479],[46.7630253,60.2336791],[46.4158222,60.2689163],[46.2637837,60.2371544],[46.3408215,60.2073032],[46.3265612,60.1661732],[46.3779758,60.1320925],[46.3526854,60.1104492],[46.4978848,60.1063052],[46.5983077,60.0645135],[46.6515021,60.0846646],[46.7788338,60.0410489],[46.8908201,60.0757953],[46.9205868,60.1232278],[47.0347724,60.1263806],[46.9223493,59.7654974],[47.1528776,59.7522331],[47.048947,59.3693207],[47.2477088,59.352628],[47.2210287,59.2588694],[47.2539219,59.2463842],[47.2093936,59.2012136],[47.3683638,59.1335511],[47.4785335,59.1591502],[47.4440023,59.0937172],[47.5522757,59.0568213],[47.5272823,59.0306444],[47.6395146,58.9168554],[47.4929027,58.8952926],[47.2931329,58.9219916],[47.249268,58.8694163],[47.2776296,58.8522926],[47.2619581,58.8223562],[47.3167736,58.7970648],[47.1111597,58.7809743],[47.0628113,58.7148567],[47.0092025,58.7183878],[47.0178769,58.6186044],[46.6580633,58.5884972],[46.558368,58.4881106],[46.5924344,58.4563544],[46.5793352,58.3990941],[46.3956912,58.3750204],[46.3956101,58.3464108],[46.4412762,58.346737],[46.3958524,58.3290835],[46.3853778,58.286217],[46.4162116,58.2149947],[46.3395258,58.1709625],[46.3229435,58.1169778],[46.3484057,58.0529597],[46.4382437,58.0032514],[46.5029754,58.0447526],[47.4171818,58.0068565],[47.4153269,57.9783029],[47.6907656,57.9481833],[47.7698457,57.8928553],[47.6171449,57.8592282],[47.5630387,57.7947051],[47.5996519,57.7849288],[47.6055831,57.7411039],[47.5351916,57.6892729],[47.5564967,57.6527486],[47.5167362,57.627954],[47.5333648,57.5780759],[47.4941005,57.5786973],[47.4813646,57.515179],[47.2937168,57.561322],[47.0219388,57.4878067],[46.7529334,57.521511],[46.8216392,57.4466325],[46.6878028,57.4064957],[46.7090079,57.3816147],[46.7716382,57.4093163],[46.7610262,57.3665693],[46.6832452,57.3409449],[46.7177026,57.2855113],[46.7981796,57.2905292],[46.7972293,57.2241493],[46.8565625,57.2214936],[46.8381555,57.1771289],[46.7491783,57.161911],[46.8027779,57.1234395],[46.7670517,57.0965256],[46.815439,57.0784488],[46.7544503,57.0328396],[46.7485228,57.0009552],[46.7859224,56.987066],[46.7036626,56.9407163],[47.101874,56.9232065],[47.159434,56.8898569],[47.1261583,56.883522],[47.1067698,56.8262385],[47.1560191,56.7965924],[47.1987677,56.8244096],[47.2665899,56.8074304],[47.434905,56.8829222],[47.5109343,56.8507564],[47.4886827,56.8713304],[47.5468127,56.9250768],[47.6023514,56.9247713],[47.6176434,56.9590275],[47.7056331,56.9929713],[47.6850695,57.0016358],[47.7826728,56.9986039],[47.7440676,57.0259495],[47.7643788,57.0393202],[47.9083052,56.9646287],[47.9492569,56.9867135],[47.9540677,56.9577743],[47.9973515,56.9780905],[47.9884778,57.0019716],[48.2060619,57.0135005],[48.2077188,57.0425228],[48.1375297,57.0696622],[48.2099211,57.0740361],[48.2476865,57.0962425],[48.2296976,57.1297363],[48.2767591,57.1235756],[48.3289361,57.16609],[48.3729276,57.1627176],[48.3616584,57.1334961],[48.4168423,57.110189],[48.5554416,57.1717182],[48.654409,57.1499113],[48.8111074,57.1692362],[48.8651735,57.1146685],[48.8338634,57.0973913],[48.9493743,57.0826018],[49.0029403,57.1245321],[48.9733688,57.1806848],[49.0543707,57.2071456],[49.0074249,57.2198172],[49.0074199,57.2889469],[49.1766052,57.342444],[49.2169125,57.3082987],[49.1832993,57.2786202],[49.2000646,57.2224929],[49.1385238,57.1801873],[49.160409,57.1423517],[49.208231,57.1578898],[49.1716319,57.1333272],[49.2179261,57.1252335],[49.2416858,57.045668],[49.3904151,57.0054189],[49.4298278,57.0240761],[49.4029346,57.0448206],[49.4680258,57.057757],[49.6021143,57.0779707],[49.695383,57.0577191],[49.673873,57.0473305],[49.6914182,57.0126877],[49.7610097,56.9523291],[49.7052272,56.9322252],[49.7488818,56.9112954],[49.7384183,56.8862121],[50.0206494,56.8693303],[50.0704066,56.8314784],[50.0429146,56.7959763],[50.1044368,56.7922586],[50.0609616,56.6592133],[50.0260352,56.6575545],[50.0814235,56.6111768],[50.1494122,56.6041065],[50.1728192,56.6502964],[50.2992046,56.6322837],[50.3085544,56.6757944],[50.3456924,56.6746609],[50.4305064,56.6085733],[50.4103068,56.5757835],[50.4912409,56.60972],[50.4382509,56.5505614],[50.533879,56.507642],[50.489056,56.4797622],[50.5477523,56.4080433],[50.6398244,56.4046026],[50.5797906,56.3493728],[50.7477592,56.3134707],[50.8270784,56.3472217],[50.7415881,56.4091964],[50.8241296,56.3975545],[50.8835451,56.3717709],[50.8538901,56.3550914],[50.9131429,56.3076305],[50.9151706,56.2751837],[50.8321549,56.240606],[50.8754876,56.1962122],[51.002454,56.2035894],[50.9849575,56.1539713],[51.0667508,56.1316966],[51.0585321,56.1128157],[51.2079842,56.1231175],[51.2180748,56.0841968],[51.320319,56.0607618],[51.4440082,56.1273758],[51.4410355,56.1921755],[51.4988642,56.2057285],[51.4445496,56.2257118],[51.3497294,56.2034047],[51.4037909,56.286327],[51.3458006,56.3205864],[51.2862896,56.3074704],[51.3036184,56.3513361],[51.2651414,56.3795289],[51.2992619,56.4219022],[51.1866538,56.4276223],[51.1276926,56.5118283],[51.1647571,56.5458265],[51.1804232,56.6846373],[51.3932016,56.6668951],[51.3913728,56.7665667],[51.4834147,56.7990731],[51.5362321,56.8852293],[51.3921543,56.9083624],[51.4303177,56.9354897],[51.3424856,56.9430607],[51.3121296,57.0193933],[51.2166432,57.0449328],[51.2458309,57.0691464],[51.2198297,57.0860254],[51.2456621,57.1353184],[51.1942497,57.1409564],[51.208393,57.2000636],[51.1706968,57.2025674],[51.1792361,57.2419557],[51.1241646,57.2432772],[51.1652542,57.4407617],[51.5900666,57.4607518],[51.6248103,57.4789951],[51.6268809,57.5315679],[51.6952929,57.5152331],[51.7556597,57.5382034],[51.7672671,57.575104],[51.8357132,57.5710183],[51.8467476,57.5964991],[51.7996478,57.5882062],[51.8559921,57.6257292],[51.8831044,57.6975404],[51.8647771,57.7292994],[51.9549124,57.7646255],[51.9276278,57.8289728],[51.8200762,57.8438145],[51.8510873,57.8866028],[51.8246336,57.9138839],[51.8824297,57.9358591],[51.9248831,58.0007049],[51.8142631,58.0216827],[51.8418739,58.0738413],[51.7783511,58.154358],[51.6810145,58.1512371],[51.7437608,58.2154545],[51.7227803,58.2502841],[51.8203461,58.2856814],[51.8234479,58.3345278],[51.7870137,58.3618318],[51.855233,58.3741055],[51.9647054,58.4530881],[52.1804072,58.489055],[52.2969742,58.4628882],[52.3199515,58.4316963],[52.8430745,58.3928789],[52.892691,58.5336182],[53.0905808,58.5222982],[53.0989809,58.5458421],[53.1600516,58.5421721],[53.1606672,58.4504822],[53.2480198,58.4437352],[53.2136919,58.4013614],[53.3736509,58.3842816],[53.5046656,58.4543527],[53.5962131,58.443574],[53.5920681,58.4188631],[53.6209226,58.4742556],[53.7855993,58.4555384],[53.7026412,58.6021274],[53.76717,58.6564449],[53.7390667,58.6912578],[53.9312421,58.7738909],[53.7985997,58.8584304],[53.7536491,58.9646972],[53.7711127,59.0128358],[53.9029162,59.0868358],[53.8708174,59.1203548],[53.8169963,59.1114325],[53.725112,59.1813363],[53.6822414,59.1511514],[53.7221299,59.1177749],[53.3840217,59.1526721],[53.2260627,59.3302616],[53.2227442,59.3584558],[53.357126,59.4615519],[53.4497007,59.7028484],[53.5977784,59.6874276],[53.6302998,59.7423175],[53.6866975,60.0098338],[53.6256361,60.1142326],[53.4365613,60.2235241],[53.3726299,60.1556083],[52.8776512,60.156182],[52.4422883,60.1867647],[52.0654574,60.3084875],[51.9738694,60.2793339],[51.7663576,60.0858651],[51.467194,59.9155726],[51.3902718,59.9940912],[51.1790655,60.0488917],[51.0476653,60.031904],[50.8310231,59.8633241],[50.4027337,59.8390635],[50.2902893,59.8059186],[50.2703582,59.7479371],[49.9910277,59.7790923],[49.9857615,59.7230254],[50.0849315,59.6803148],[49.8594143,59.6552653],[49.7984284,59.48507],[49.8721915,59.4785135],[49.8314543,59.3639614],[49.868893,59.360469],[49.8174002,59.2105352],[49.5218692,59.2169688],[49.5046138,59.2475673],[49.5718206,59.3931447],[49.3444539,59.4093315],[49.3517195,59.4651245],[49.151193,59.5070776],[49.0396637,59.4823984],[49.1015474,59.6616989],[48.5232237,59.7068443],[48.4720562,60.1322703],[48.4922259,60.1951562],[48.7737505,60.3177151],[48.7850891,60.352692],[48.6801169,60.400813],[48.5305124,60.4004294],[48.6329076,60.423506],[48.4961356,60.4722183],[48.5208114,60.5039469],[48.4968025,60.5172508],[48.560666,60.5515126],[48.4196775,60.8372063],[47.9665299,60.8791709],[47.9559919,60.9885452],[47.8971979,61.0168208],[47.6625629,61.0310228],[47.6030767,61.0605857],[47.4825829,61.0354722],[47.1931804,61.0673929],[47.1939511,60.9969784],[47.1023037,60.9617487],[47.0721637,60.8444806]]],[[[52.0145759,60.7375415],[52.0600494,60.7056081],[52.0145759,60.7375415]]],[[[51.97875,60.6352046],[52.0011845,60.6278016],[51.97875,60.6352046]]],[[[52.3581861,60.7929052],[52.3807876,60.7996223],[52.3581861,60.7929052]]],[[[48.6012411,60.0233967],[48.6269903,60.0191508],[48.6012411,60.0233967]]]]}},{"type":"Feature","properties":{"name":"Komi Republic"},"geometry":{"type":"Polygon","coordinates":[[[62.0004438,65.7177356],[62.4967087,65.847722],[62.8262379,65.8681636],[62.837356,65.8862947],[62.7753805,65.9031692],[62.9044356,65.9659453],[62.7923074,66.0009081],[62.9552796,66.0998908],[62.9334344,66.1105844],[62.972626,66.1153407],[62.9866382,66.1723676],[63.1094823,66.2479816],[63.2784124,66.2194572],[63.3119654,66.2477922],[63.2296648,66.330948],[63.2926635,66.3390467],[63.3238222,66.417351],[63.4184823,66.4666172],[63.5103627,66.4575383],[63.6308759,66.5195583],[63.8045517,66.5325055],[63.9850815,66.6378374],[64.2636156,66.645543],[64.3950683,66.7221505],[64.5341725,66.7154889],[64.5060802,66.7508597],[64.553114,66.7654779],[64.5610826,66.799888],[64.877128,66.8348488],[65.1391588,66.9077266],[65.1407609,66.9566783],[65.0817816,67.0397759],[65.2446707,67.0929256],[65.1813657,67.1500234],[65.7467734,67.3339381],[65.698554,67.3807957],[66.0101788,67.4091079],[66.0924871,67.4931256],[66.0500086,67.5802082],[65.8207732,67.5394214],[65.7872755,67.5741437],[65.8367913,67.6016113],[65.7863756,67.6426157],[65.9912713,67.6773033],[66.1612571,67.6494242],[66.2516859,67.7339129],[66.0230061,67.8074816],[66.0742985,67.831083],[66.0571762,67.879331],[66.1334891,67.9142213],[66.0766097,67.938814],[65.9032657,67.9613683],[65.7501526,67.9177738],[65.5502217,67.9329177],[65.4321827,67.9096598],[65.3549034,67.9523951],[65.3191516,68.0146981],[65.3524237,68.1081267],[65.2889581,68.1539819],[65.3162532,68.1842349],[65.2746764,68.2345663],[65.3583756,68.2760833],[65.4740169,68.4179545],[65.3003721,68.3944491],[65.1151104,68.4150534],[65.0295582,68.3805412],[64.8041731,68.409016],[64.5428127,68.3398599],[64.5287159,68.280949],[64.5797056,68.2652143],[64.5767321,68.1939436],[64.4512099,68.2005792],[64.351486,68.161868],[64.3974212,68.1603667],[64.367725,68.1275662],[63.8677109,68.0329095],[63.9404336,67.9631814],[63.9308158,67.920959],[63.9967946,67.8926899],[63.8683334,67.8266602],[63.706185,67.8062553],[63.6914421,67.774719],[63.7739113,67.7466857],[63.7580262,67.7244008],[63.428918,67.7695458],[63.3342099,67.7524806],[63.3079463,67.7143352],[63.153326,67.6944146],[63.0941439,67.6309738],[62.9146074,67.6002497],[62.9267574,67.5404307],[62.8377729,67.5169038],[62.9173023,67.4480675],[62.9148452,67.4123989],[62.8497784,67.3827798],[62.8656016,67.3700197],[61.7386174,67.1021184],[61.7160501,67.0305662],[61.6010107,66.9922192],[61.4673775,67.0110595],[61.4589895,66.9838943],[61.3852931,66.9728081],[61.3451101,67.0013577],[60.1098549,67.0006373],[59.9281187,66.9506583],[59.9161883,66.9731776],[59.9781106,67.0004961],[53.8754797,67.0014801],[52.1522299,67.101172],[52.0296436,67.0571902],[52.0595137,67.0295294],[51.8253465,66.9988072],[51.869666,66.9966938],[51.8380665,66.9871026],[51.866136,66.9721148],[51.749077,66.9488571],[51.8019207,66.9436865],[51.777953,66.9217842],[51.5200954,66.9392295],[51.4997437,66.9159064],[51.5438059,66.8839156],[51.5358461,66.8575029],[51.4839203,66.83455],[51.5449474,66.7749746],[49.0004687,66.1135711],[49.0521606,65.2254529],[49.635408,65.2879976],[50.2329316,64.83088],[50.4989122,64.7926835],[50.3606832,64.5103881],[49.5524068,64.5758315],[49.4831632,64.4250585],[48.9610645,64.4775532],[48.8931161,64.3292844],[48.5244702,64.3556166],[48.4647256,64.2043256],[48.1887505,64.2306363],[48.1614404,64.3452487],[47.3445345,64.3543896],[46.630221,64.3169015],[46.321081,64.2479873],[45.8520064,64.2780307],[45.3993499,64.1749185],[45.5945184,64.0569636],[45.9433945,63.9566273],[46.408327,63.8891066],[46.8098813,63.7566477],[47.0173162,63.5777279],[47.011967,63.5179718],[46.9392623,63.4535515],[46.9427243,63.3494102],[47.0510187,63.2539057],[47.1601702,63.2454448],[47.3900498,63.1563322],[47.5673571,63.144878],[47.5308138,63.0499478],[47.4090616,62.9648021],[47.4427395,62.9649753],[47.0608946,62.826287],[47.2453591,62.6387316],[47.2319092,62.3371875],[47.4028891,62.3344268],[47.3890833,62.1814095],[47.6426172,62.175714],[47.6593593,62.328386],[48.3229007,62.3071531],[48.2980192,62.4769223],[48.2539941,62.50747],[48.3522311,62.7337363],[48.6814129,62.7021361],[48.7413317,62.8516999],[49.5674059,62.7767364],[49.4250243,62.4470529],[49.4696423,62.3651541],[49.3745726,62.1339064],[49.2884876,62.140472],[49.3048963,62.1082404],[49.2279484,62.1020394],[49.0403102,61.6486895],[49.502104,61.605036],[49.3208192,61.1527734],[49.126753,61.1722303],[48.9593556,61.1056733],[48.9307364,61.1386422],[48.4749672,61.0221395],[48.4196775,60.8372063],[48.560666,60.5515126],[48.4968025,60.5172508],[48.5208114,60.5039469],[48.4961356,60.4722183],[48.6329076,60.423506],[48.5305124,60.4004294],[48.6801169,60.400813],[48.7850891,60.352692],[48.7737505,60.3177151],[48.4922259,60.1951562],[48.4720562,60.1322703],[48.5232237,59.7068443],[49.1015474,59.6616989],[49.0396637,59.4823984],[49.151193,59.5070776],[49.3517195,59.4651245],[49.3444539,59.4093315],[49.5718206,59.3931447],[49.5046138,59.2475673],[49.5218692,59.2169688],[49.7284819,59.1982886],[49.8174002,59.2105352],[49.868893,59.360469],[49.8314543,59.3639614],[49.8721915,59.4785135],[49.7984284,59.48507],[49.8594143,59.6552653],[50.0849315,59.6803148],[49.9857615,59.7230254],[49.9910277,59.7790923],[50.2703582,59.7479371],[50.2902893,59.8059186],[50.4027337,59.8390635],[50.8310231,59.8633241],[51.0476653,60.031904],[51.1790655,60.0488917],[51.3902718,59.9940912],[51.467194,59.9155726],[51.7663576,60.0858651],[51.9738694,60.2793339],[52.0654574,60.3084875],[52.3172823,60.227188],[52.3718941,60.3563687],[52.3329423,60.3608143],[52.3550278,60.4380924],[52.1240694,60.4645758],[52.1528144,60.5412424],[51.7715175,60.5804504],[51.8923123,60.8815431],[52.3609435,60.8291754],[52.4314333,60.9764159],[52.8064639,60.9377462],[52.8707305,61.0901311],[53.4135884,61.0334846],[53.3551532,60.8826609],[53.6639769,60.8471196],[53.8138242,60.8316041],[53.8758313,60.982651],[54.9768506,60.859908],[55.0500504,61.009161],[55.1999605,60.9915626],[55.2758778,61.1487132],[55.7314992,61.0956032],[55.8130867,61.2467779],[56.2745007,61.1918583],[56.3782697,61.4431218],[56.5663405,61.4189994],[56.5973652,61.4928916],[56.6394705,61.4884921],[56.6531242,61.5243001],[57.0805507,61.4752974],[57.0926875,61.50185],[58.8438818,61.4950446],[58.8441082,61.5178798],[59.0483092,61.5363941],[59.1483212,61.6297074],[59.3489689,61.6630673],[59.4188001,61.7543342],[59.3259094,61.7833882],[59.32803,61.8433483],[59.4890224,61.9466153],[59.4376121,62.0001338],[59.3994013,62.1571116],[59.5014655,62.2584523],[59.5143112,62.3215385],[59.6142058,62.3748689],[59.6196659,62.4065546],[59.5824325,62.4192868],[59.6354468,62.5484543],[59.4429534,62.5654733],[59.471717,62.6046229],[59.3589583,62.7505493],[59.4333244,62.7782615],[59.4621573,62.8980718],[59.2244301,62.9827781],[59.2037939,63.0275967],[59.2253118,63.0893028],[59.322729,63.1238031],[59.2870228,63.1831931],[59.365877,63.2518273],[59.3217656,63.321088],[59.3739056,63.3694676],[59.3108299,63.3874928],[59.3779662,63.4220547],[59.4712987,63.5528003],[59.4737581,63.6389073],[59.5331462,63.7128474],[59.5333299,63.806853],[59.5800602,63.8625216],[59.561302,63.9085593],[59.7209311,63.9608178],[59.8369472,64.0871442],[59.8283589,64.1344072],[59.6817135,64.1476927],[59.6210188,64.196979],[59.6336357,64.2144212],[59.5587433,64.2431256],[59.6535282,64.3757197],[59.6161659,64.4086267],[59.6453592,64.447183],[59.5902414,64.4759783],[59.5984346,64.497467],[59.4642822,64.4957976],[59.5567487,64.544007],[59.6183349,64.6499174],[59.7515876,64.6678747],[59.6258349,64.7244306],[59.6505935,64.7689843],[59.6246321,64.8032661],[59.7241296,64.8259479],[59.7402471,64.8756347],[59.8110997,64.9110959],[59.8652129,64.8953134],[59.8922899,64.9322398],[60.0042635,64.9407765],[60.0574631,64.9966585],[60.0341857,65.0285488],[60.2178509,65.0793409],[60.4201032,65.0656791],[60.4489126,65.0383076],[60.4344539,65.0067405],[60.5149766,64.9630245],[60.6150052,64.9189409],[60.7294402,64.9255054],[60.8076034,65.0249671],[60.9452441,65.0126978],[60.9951548,65.0663607],[61.076999,65.0823611],[61.107646,65.1622952],[61.2862699,65.1724938],[61.2814044,65.2119694],[61.3649792,65.2503712],[61.358588,65.2828844],[61.2951441,65.2770678],[61.2990304,65.3278144],[61.4176705,65.3867123],[61.6201236,65.5600717],[61.736205,65.5846804],[61.7029316,65.6027382],[61.8781413,65.6679821],[61.858602,65.6869439],[62.0004438,65.7177356]],[[48.6012411,60.0233967],[48.6269903,60.0191508],[48.6012411,60.0233967]],[[59.4947229,66.8396333],[59.5894347,66.8342994],[59.4947229,66.8396333]]]}},{"type":"Feature","properties":{"name":"Kostroma Oblast"},"geometry":{"type":"Polygon","coordinates":[[[47.1178224,59.5989686],[46.4089108,59.6186453],[46.368871,59.3424842],[46.1657655,59.353715],[46.1630718,59.3136122],[46.020292,59.3239468],[45.9790284,59.1716485],[45.6921591,59.1993307],[45.6059676,59.1771359],[45.3404683,59.2160421],[45.3338961,59.1838839],[45.0562626,59.1982976],[45.0396438,59.1218125],[44.40025,59.1586912],[44.3526293,59.1325408],[44.286491,59.173273],[44.1902208,59.1701201],[44.2077736,59.2256995],[44.1711079,59.2373288],[43.9481697,59.2080917],[43.7569709,59.2693011],[43.6092634,59.2345496],[43.6369287,59.2176174],[43.6108971,59.1898009],[43.5349616,59.1785],[43.5253884,59.2075765],[43.5570651,59.2176895],[43.5442958,59.2573135],[43.5084544,59.2595466],[43.5040479,59.3058877],[43.3374304,59.2661581],[43.3825706,59.2044064],[43.3345686,59.1981447],[43.2639191,59.2469369],[43.21068,59.2358796],[43.1438182,59.2925476],[43.1408467,59.2491462],[43.0844823,59.2501429],[43.0281811,59.2028966],[42.9089787,59.2006362],[42.8665321,59.1611727],[42.6923988,59.2235034],[42.6549281,59.2643086],[42.6832341,59.2737415],[42.6527799,59.3005117],[42.6734752,59.3151408],[42.636381,59.3281847],[42.5570649,59.3134556],[42.5076838,59.338405],[42.2792226,59.2615375],[42.2027667,59.3275476],[42.216254,59.4084831],[42.0348625,59.4295489],[41.986462,59.3929004],[41.9622001,59.2817075],[41.8939433,59.2930057],[42.0291996,59.2419639],[42.0986631,59.2498199],[42.0903393,59.1559197],[42.0382645,59.136328],[42.0574483,59.1228948],[41.9586914,59.1223817],[41.9270848,59.1017081],[41.948905,59.0786427],[41.9068414,59.0735503],[41.7285204,59.1109051],[41.3490271,58.9519442],[41.3340834,58.9830577],[41.268229,58.9920019],[41.1835448,58.9519489],[41.1817115,58.8954041],[41.2711076,58.8869297],[41.2588102,58.8381784],[41.1995477,58.848404],[41.221765,58.8195003],[41.1558851,58.8030865],[41.2300566,58.7410445],[41.2206638,58.7133262],[41.1894114,58.712239],[41.1653648,58.6569489],[40.9300717,58.5763356],[41.0580903,58.5067331],[41.0416549,58.484808],[41.1038093,58.4631485],[41.0483412,58.441757],[41.1785501,58.382546],[41.1481531,58.3753003],[41.1904587,58.3339092],[41.03652,58.2834498],[40.9584593,58.193351],[40.9065428,58.1989608],[40.8826574,58.1777793],[40.896585,58.1083048],[40.7708079,58.0610069],[40.823426,58.0195649],[40.6759877,57.9855599],[40.5976725,57.8971095],[40.6525968,57.8144604],[40.6133069,57.7812114],[40.6574685,57.7593144],[40.6470845,57.7275182],[40.6775405,57.7293917],[40.655755,57.6970053],[40.718094,57.6621025],[40.7073177,57.6257759],[40.6319845,57.5688201],[40.5918241,57.5975205],[40.4477373,57.5594152],[40.4426037,57.5344827],[40.5069848,57.5096222],[40.4209823,57.5080951],[40.4439773,57.417478],[40.3901028,57.3987284],[40.4469013,57.3788034],[40.4222774,57.3112794],[40.4706218,57.2721688],[40.563659,57.3135486],[40.6390602,57.2860041],[40.7554346,57.3286931],[40.8302237,57.3195818],[40.8568632,57.3526653],[40.9276764,57.3150547],[41.0183095,57.3181797],[41.0288793,57.3511228],[41.1528351,57.3901176],[41.1515756,57.4229566],[41.3126409,57.4148082],[41.4182537,57.438892],[41.4222371,57.4797553],[41.5673867,57.4525305],[41.632585,57.5384816],[41.5902907,57.5514136],[41.6196307,57.5666596],[41.5945531,57.5775136],[41.6245314,57.5964015],[41.5884285,57.5987055],[41.6191815,57.6236414],[41.5698979,57.6341409],[41.6018777,57.7405038],[41.8957246,57.6934025],[41.9303393,57.6346484],[42.0187875,57.6299181],[42.0232118,57.588587],[42.2105399,57.5548662],[42.3823649,57.5657977],[42.3748469,57.594698],[42.4600685,57.6362233],[42.7150058,57.6137916],[42.7489201,57.6907535],[42.8285029,57.6826363],[42.8840485,57.6550533],[42.8514283,57.6223387],[42.8737743,57.5671269],[42.8067944,57.5267746],[42.8665797,57.4730534],[42.82525,57.45275],[42.8489734,57.4324587],[42.8137917,57.4308077],[42.8955397,57.3711096],[43.1740991,57.4127017],[43.2100962,57.5162625],[43.1794637,57.5353377],[43.1857677,57.5772886],[43.2284213,57.5189799],[43.2316899,57.4674087],[43.1989856,57.444504],[43.238683,57.4132538],[43.2970897,57.4230908],[43.3072684,57.4825282],[43.5093143,57.6054143],[43.5360985,57.5991443],[43.5101225,57.5674334],[43.6318997,57.5471574],[43.6612873,57.4982218],[43.7475103,57.4563602],[43.9229512,57.4210058],[44.3652854,57.5283371],[44.5028686,57.612103],[44.5008858,57.6556742],[44.597113,57.7008778],[44.7665047,57.7124138],[44.7610269,57.7534219],[44.8355851,57.7995573],[44.8807832,57.8819237],[44.800976,57.9598614],[44.8690062,58.0767124],[45.2235713,58.0886662],[45.2214583,58.0527152],[45.2935244,58.0320567],[45.5089097,58.0285115],[45.5088827,57.9760736],[45.6137687,57.9187509],[45.7121897,57.9421138],[45.7477983,58.0283441],[45.8095135,58.0437567],[46.3449297,58.0622181],[46.3213688,58.0979049],[46.3352356,58.1655831],[46.4162116,58.2149947],[46.3853778,58.286217],[46.3958524,58.3290835],[46.4412762,58.346737],[46.3956101,58.3464108],[46.3956912,58.3750204],[46.5793352,58.3990941],[46.5924344,58.4563544],[46.558368,58.4881106],[46.6580633,58.5884972],[47.0178769,58.6186044],[47.0092025,58.7183878],[47.0628113,58.7148567],[47.1111597,58.7809743],[47.3167736,58.7970648],[47.2619581,58.8223562],[47.2776296,58.8522926],[47.249268,58.8694163],[47.2931329,58.9219916],[47.4929027,58.8952926],[47.6395146,58.9168554],[47.5272823,59.0306444],[47.5522757,59.0568213],[47.4440023,59.0937172],[47.4785335,59.1591502],[47.3683638,59.1335511],[47.2093936,59.2012136],[47.2539219,59.2463842],[47.2210287,59.2588694],[47.2477088,59.352628],[47.048947,59.3693207],[47.1178224,59.5989686]]]}},{"type":"Feature","properties":{"name":"Krasnoyarsk Krai"},"geometry":{"type":"MultiPolygon","coordinates":[[[[81.0408199,72.28593],[80.9577,72.3027899],[81.0408199,72.28593]]],[[[82.2618501,72.2844599],[82.3561,72.3047899],[82.2618501,72.2844599]]],[[[80.8079901,72.4018401],[80.7787699,72.4432001],[80.73066,72.4334299],[80.86976,72.384],[80.8079901,72.4018401]]],[[[104.7068672,72.6422797],[104.5520232,72.6115382],[104.7068672,72.6422797]]],[[[104.72411,72.64139],[104.6880292,72.6202388],[104.75647,72.65447],[104.72411,72.64139]]],[[[104.6262101,72.6573299],[104.65677,72.67195],[104.5191391,72.665652],[104.4747364,72.6270336],[104.6262101,72.6573299]]],[[[105.0675831,72.7151556],[104.9645201,72.6842499],[105.0967394,72.7036466],[105.0675831,72.7151556]]],[[[105.6902235,72.8375231],[105.7468251,72.8458827],[105.6902235,72.8375231]]],[[[105.7663813,72.87762],[105.8437541,72.8904731],[105.8521278,72.9200773],[105.7663813,72.87762]]],[[[105.7470678,72.8926393],[105.8055292,72.9182227],[105.7470678,72.8926393]]],[[[104.909557,72.7362807],[104.8323597,72.7270504],[104.83372,72.68085],[105.0274973,72.7423657],[104.909557,72.7362807]]],[[[104.98249,72.7287099],[104.92326,72.7021101],[105.0379751,72.7348362],[104.98249,72.7287099]]],[[[104.93427,72.7439],[105.0065673,72.7480585],[104.93427,72.7439]]],[[[105.3913877,72.7851759],[105.5201714,72.8192381],[105.3913877,72.7851759]]],[[[78.7499,72.90637334847405],[78.6084901,72.8165499],[78.8917699,72.73253],[79.38344,72.7011499],[79.57581,72.74463],[79.5104601,72.77433],[79.54229,72.81749],[79.51428,72.8216301],[79.53586,72.82205],[79.49587,72.88564],[79.5224501,72.8947801],[79.47226,72.9128199],[79.5223699,72.92162],[79.3808201,73.01382],[79.17119,73.07877],[79.20781,73.0811301],[79.12275,73.0722],[78.7499,72.90637334847405]]],[[[105.8112091,72.9282922],[105.8396418,72.9408254],[105.7824401,72.9464183],[105.8112091,72.9282922]]],[[[105.9785757,72.9502992],[106.0186715,72.9808936],[105.9785757,72.9502992]]],[[[105.972924,73.0210296],[106.0101623,73.0278385],[105.972924,73.0210296]]],[[[78.8588799,73.2347601],[78.7858199,73.1861801],[78.9874901,73.24064],[78.8588799,73.2347601]]],[[[80.32745,73.42561],[80.2885899,73.4234301],[80.34823,73.4205599],[80.32745,73.42561]]],[[[80.1849,73.4489901],[80.22049,73.45487],[80.1392601,73.46529],[80.1849,73.4489901]]],[[[80.3720999,73.5016199],[80.4696142,73.5161555],[80.2744899,73.53426],[80.2819574,73.5104791],[80.2309901,73.5003899],[80.46154,73.48808],[80.3720999,73.5016199]]],[[[107.2568627,73.5656021],[107.2095859,73.5597119],[107.2568627,73.5656021]]],[[[107.1441934,73.56371],[107.2044898,73.5656448],[107.1253174,73.5715698],[107.1441934,73.56371]]],[[[107.0585679,73.5649461],[107.1175557,73.5673022],[107.0159616,73.5711092],[107.0585679,73.5649461]]],[[[107.0602477,73.5713199],[107.0969853,73.5761986],[107.0287837,73.5763539],[107.0602477,73.5713199]]],[[[107.2023186,73.6009442],[107.1665298,73.604126],[107.3177936,73.5851373],[107.2023186,73.6009442]]],[[[107.2486949,73.609403],[107.1838032,73.6047151],[107.3362603,73.5977162],[107.2486949,73.609403]]],[[[107.1257857,73.6111857],[107.032986,73.6074974],[107.1493553,73.6043014],[107.1257857,73.6111857]]],[[[106.8751,73.59949317657544],[107.1682999,73.5721549],[107.1595812,73.5993403],[106.9630577,73.6288614],[106.8751,73.59949317657544]]],[[[107.3182435,73.6114639],[107.3729837,73.6111122],[107.2846132,73.613875],[107.3182435,73.6114639]]],[[[107.0853906,73.6140158],[107.0299591,73.6274635],[107.0853906,73.6140158]]],[[[111.3187487,73.8526888],[111.2180111,73.9442538],[111.2249761,73.9859014],[111.6017576,74.0180789],[111.5290597,74.0508626],[111.1768531,74.0291067],[111.0724419,73.9746028],[111.0768698,73.9426488],[111.1078299,73.9535781],[111.079699,73.9189537],[111.0017002,73.8993359],[110.4599517,74.0056321],[109.9752841,73.9989054],[109.8402434,73.8687366],[109.5433786,73.8012159],[109.5805047,73.7261366],[109.7721361,73.6517141],[109.7390568,73.6811527],[110.1245164,73.7030639],[110.2960923,73.6797466],[110.6701685,73.7930585],[110.8861925,73.7648709],[110.9916657,73.8129384],[111.20862,73.8162006],[111.3187487,73.8526888]]],[[[84.6362625,73.8380443],[84.7268958,73.8581297],[84.6006702,73.8472944],[84.6362625,73.8380443]]],[[[86.6390632,73.8881546],[86.5846417,73.8915233],[86.6390632,73.8881546]]],[[[86.7025214,73.9143681],[86.6268256,73.9203444],[86.7707943,73.9191134],[86.7025214,73.9143681]]],[[[86.61137,73.9261999],[86.6356,73.928],[86.57456,73.93781],[86.61137,73.9261999]]],[[[86.8338601,73.9529799],[86.5699401,73.9433099],[86.68451,73.91812],[86.9112501,73.93213],[86.8338601,73.9529799]]],[[[86.96122,73.9331899],[86.91067,73.9498601],[86.96122,73.9331899]]],[[[86.94425,73.9657401],[86.7348399,73.97361],[86.94425,73.9657401]]],[[[86.6962301,73.9439799],[86.77348,73.95538],[86.562893,73.9567344],[86.6962301,73.9439799]]],[[[86.7096901,73.95337],[86.74543,73.9574201],[86.66986,73.95891],[86.7096901,73.95337]]],[[[87.29497,74.0555901],[87.2312332,74.0604881],[87.29497,74.0555901]]],[[[86.7170101,74.0677199],[86.7804199,74.0937399],[86.59179,74.09613],[86.7170101,74.0677199]]],[[[82.9449676,74.0749794],[83.0519055,74.0919937],[83.3570124,74.0508995],[83.4494215,74.058954],[83.3559653,74.0535967],[83.4091071,74.0921372],[83.5729826,74.105155],[83.6083232,74.0793962],[83.5182701,74.0856423],[83.6330616,74.0810118],[83.4918302,74.1242505],[83.2754673,74.1358116],[82.9449676,74.0749794]]],[[[82.6962676,74.1201678],[82.5710916,74.1421614],[82.4334823,74.0864171],[82.6780941,74.0470383],[82.8280078,74.0881237],[82.6962676,74.1201678]]],[[[85.2951986,74.1896892],[85.3568988,74.1920493],[85.2951986,74.1896892]]],[[[85.5540639,74.1648292],[85.6105045,74.1531842],[85.4538704,74.1379548],[85.7631005,74.1511248],[85.3657803,74.1935243],[85.5540639,74.1648292]]],[[[84.3751,73.9783088253866],[84.3055856,74.01187],[84.4086578,74.0290047],[83.869781,74.0106132],[84.2443246,73.9612344],[84.3751,73.9783088253866]]],[[[86.8752301,73.9804599],[86.7732801,73.9931001],[86.8752301,73.9804599]]],[[[87.0407135,73.9712459],[87.060896,73.9718697],[86.972123,73.9964074],[87.0407135,73.9712459]]],[[[86.68998,73.9687699],[86.71999,73.9696301],[86.7058911,73.9946217],[86.5804099,73.9809999],[86.68998,73.9687699]]],[[[86.65681,74.0206899],[86.6059501,74.03266],[86.65681,74.0206899]]],[[[86.5223699,74.03354],[86.6070601,74.0195501],[86.5223699,74.03354]]],[[[87.1874,74.04090443259669],[87.34671,74.0409199],[87.0561201,74.05262],[87.1874,74.04090443259669]]],[[[86.89431,74.0387099],[86.81225,74.05184],[86.801206,74.0280557],[86.9631869,73.9883273],[86.89431,74.0387099]]],[[[86.774072,74.0364945],[86.7407496,74.0467444],[86.7986287,74.0067956],[86.774072,74.0364945]]],[[[86.7134926,74.0365335],[86.7470546,74.0263472],[86.7134926,74.0365335]]],[[[86.8758717,74.0406192],[86.91744,74.0394899],[86.8758717,74.0406192]]],[[[86.7954963,74.0364156],[86.7723089,74.0507277],[86.7954963,74.0364156]]],[[[84.98427,74.29645],[85.00463,74.29659],[84.9299999,74.2987201],[84.98427,74.29645]]],[[[85.11968,74.30099],[85.0472799,74.29888],[85.2567101,74.31489],[85.1041999,74.31447],[85.14752,74.3044299],[85.11968,74.30099]]],[[[85.2251699,74.33893],[85.26692,74.3461901],[85.14927,74.34972],[85.2251699,74.33893]]],[[[85.4229913,74.4062524],[85.61601,74.41854],[85.1940399,74.4192699],[85.4229913,74.4062524]]],[[[87.3472801,74.37595],[87.3886599,74.38009],[87.3472801,74.37595]]],[[[85.1493301,74.36828],[85.26371,74.3716],[85.1493301,74.36828]]],[[[87.36782,74.3825],[87.40249,74.38275],[87.3329639,74.3937556],[87.36782,74.3825]]],[[[79.5509201,74.5125299],[79.52823,74.5595347],[79.624389,74.5757632],[79.31029,74.6255701],[79.411,74.58695],[79.25961,74.5523499],[79.2123901,74.59261],[79.2747601,74.5453101],[79.5509201,74.5125299]]],[[[79.3229101,74.64279],[79.21523,74.5972301],[79.3493661,74.6372445],[79.3229101,74.64279]]],[[[84.9812301,74.5896],[84.8108199,74.5357699],[85.13849,74.5724],[84.9812301,74.5896]]],[[[85.6619601,74.5496401],[85.7191399,74.56086],[85.68916,74.5830101],[85.6326101,74.55936],[85.6619601,74.5496401]]],[[[86.1051399,74.5882301],[86.1809499,74.60622],[86.0316605,74.5946609],[86.1051399,74.5882301]]],[[[84.3524875,74.4357224],[84.2375913,74.46146],[84.3524875,74.4357224]]],[[[84.8875199,74.473],[84.9822399,74.50204],[84.6964199,74.50391],[84.4451599,74.4488499],[84.81476,74.4066999],[84.56662,74.46944],[84.8875199,74.473]]],[[[85.6649899,74.5289601],[85.5185501,74.5691199],[85.2935,74.57638],[85.15438,74.51578],[85.1939199,74.50761],[85.1746801,74.4818599],[85.3682,74.4498399],[85.4716201,74.46788],[85.4669699,74.5040799],[85.6649899,74.5289601]]],[[[85.78135,74.45402786284211],[86.055209,74.4928725],[85.93217,74.52216],[85.98424,74.53817],[86.1095899,74.5186599],[86.13866,74.48403],[86.26295,74.5238],[85.97485,74.59387],[85.7938499,74.57565],[85.7569797,74.5515384],[85.76286,74.51125],[85.6628699,74.47777],[85.7622699,74.4789699],[85.72075,74.4568101],[85.78135,74.45402786284211]]],[[[85.66424,74.7413399],[85.63014,74.7920001],[85.5126501,74.80078],[85.09594,74.75315],[85.19406,74.7308701],[85.35875,74.7498899],[85.5555999,74.70745],[85.5839612,74.7439796],[85.6434976,74.7416232],[85.64702,74.70801],[85.70808,74.7237799],[85.66424,74.7413399]]],[[[86.3398299,74.9452846],[86.3795481,74.9537565],[86.3009846,74.9624219],[86.3398299,74.9452846]]],[[[88.1523399,75.15832],[88.29024,75.17463],[88.1662399,75.20563],[88.12783,75.1661301],[88.1523399,75.15832]]],[[[86.232,75.2767799],[86.31097,75.28781],[86.1966299,75.28012],[86.232,75.2767799]]],[[[82.0898719,75.1324865],[82.028231,75.1111977],[81.7812329,75.189074],[81.8424749,75.2075806],[81.7430624,75.2473315],[81.9159045,75.2823867],[81.9531842,75.2245883],[81.9204233,75.2018109],[82.0164467,75.1570212],[82.2485849,75.1634502],[82.227017,75.1728564],[82.3092944,75.2036922],[82.1774908,75.2122579],[82.2278158,75.2340581],[82.2118396,75.2820298],[82.3660099,75.2982567],[82.4323111,75.3514797],[82.2099567,75.4818344],[82.3575785,75.5212743],[81.9411527,75.488461],[81.667942,75.4170695],[81.5853179,75.3269282],[81.5974361,75.2746545],[81.7284908,75.1980042],[82.0961663,75.0779793],[82.1558538,75.0664616],[82.1450016,75.1220687],[82.1878891,75.141404],[82.0898719,75.1324865]]],[[[85.3314913,74.8032229],[85.238199,74.8023648],[85.3314913,74.8032229]]],[[[86.8334753,74.8563305],[86.9213988,74.8600187],[86.8057555,74.8676864],[86.8334753,74.8563305]]],[[[86.6259899,74.7693499],[86.8238,74.78407],[86.45637,74.8199399],[86.5081599,74.80175],[86.45772,74.7875899],[86.54976,74.77586],[86.5493601,74.74329],[86.68662,74.7483301],[86.6259899,74.7693499]]],[[[86.3735549,74.8106496],[86.4041288,74.8084433],[86.3735549,74.8106496]]],[[[85.6040007,74.8248344],[85.6951385,74.8478017],[85.6040007,74.8248344]]],[[[85.78135,74.81208837323008],[85.7271001,74.7994701],[85.9911799,74.80967],[85.86579,74.81711],[85.89727,74.8729699],[85.86782,74.8745001],[85.79823,74.86535],[85.80724,74.81699],[85.78135,74.81208837323008]]],[[[85.1174299,74.8492899],[85.22932,74.85747],[85.2077199,74.86632],[85.22597,74.8810899],[85.1174299,74.8492899]]],[[[85.6336407,74.8691217],[85.6974123,74.8819288],[85.513554,74.8701701],[85.6336407,74.8691217]]],[[[86.67616,74.8292699],[86.9698168,74.8137313],[87.0019336,74.8357621],[86.8444746,74.8355341],[86.7085732,74.9041837],[86.8374373,74.9124213],[86.9760899,74.86747],[87.1127872,74.8879255],[87.1832949,74.9443232],[87.010498,74.9910372],[86.6990201,74.9340099],[86.6299494,74.9526601],[86.72586,74.96899],[86.5267404,74.9769878],[86.563351,74.9685449],[86.50186,74.9591201],[86.5712619,74.9460913],[86.52784,74.9242399],[86.66631,74.8960801],[86.47809,74.88416],[86.2741993,74.9249154],[86.292497,74.9094949],[86.2248799,74.88667],[86.3761501,74.8341699],[86.67616,74.8292699]]],[[[84.22998,74.6293601],[84.28541,74.65464],[84.2196799,74.6591799],[84.22998,74.6293601]]],[[[85.724163,74.6539631],[85.6698285,74.661137],[85.724163,74.6539631]]],[[[87.94779,75.6273199],[88.0574701,75.6356399],[87.89257,75.6347201],[87.94779,75.6273199]]],[[[113.0058356,75.6664668],[113.108789,75.6794611],[113.0058356,75.6664668]]],[[[91.7738801,75.7459399],[91.8485901,75.7587001],[91.7738801,75.7459399]]],[[[93.32645,75.8465499],[93.4168601,75.8678701],[93.3218299,75.87363],[93.32645,75.8465499]]],[[[81.7462315,75.8178837],[81.8302538,75.8244852],[81.712147,75.8318598],[81.7462315,75.8178837]]],[[[92.8124,75.82847712096026],[92.99232,75.8409],[92.85116,75.8658799],[92.65036,75.82481],[92.8124,75.82847712096026]]],[[[113.7693385,75.9431879],[113.7886097,75.9365502],[113.7226738,75.9641045],[113.6180588,75.9406415],[113.7693385,75.9431879]]],[[[92.69705,75.9855299],[92.57962,75.99889],[92.5740201,75.97436],[92.69705,75.9855299]]],[[[91.8395099,76.05448],[91.7682201,76.05183],[91.90538,76.0522299],[91.8395099,76.05448]]],[[[82.1322819,75.853836],[82.4350793,75.8646804],[82.0022851,75.9064329],[82.0339916,75.9530676],[81.9039948,75.963453],[81.7803393,75.9622994],[81.6700038,75.916707],[82.1322819,75.853836]]],[[[82.5832995,75.9169637],[82.6930972,75.9173762],[82.5832995,75.9169637]]],[[[82.6870947,75.9253582],[82.9337433,75.933841],[82.887423,75.9093063],[83.0927228,75.9004265],[83.3328998,75.9380315],[82.6792984,75.9913281],[82.3598551,75.9688606],[82.2861374,75.9334557],[82.6870947,75.9253582]]],[[[93.87988,76.1723901],[93.93147,76.1770501],[93.87988,76.1723901]]],[[[113.1557215,76.2708661],[113.1012813,76.2631246],[113.2496352,76.2589791],[113.1557215,76.2708661]]],[[[112.7812991,76.1814882],[112.8059322,76.1889469],[112.7396298,76.1840932],[112.7812991,76.1814882]]],[[[95.1824657,76.1518898],[95.2676291,76.1617778],[95.17071,76.1720699],[95.24733,76.1900501],[95.15706,76.2156499],[95.01208,76.16524],[95.1824657,76.1518898]]],[[[99.43069,76.22872],[99.35418,76.21581],[99.48907,76.22437],[99.43069,76.22872]]],[[[94.9988099,76.27894],[94.79027,76.2566401],[94.84676,76.24473],[94.8067801,76.23046],[94.8488199,76.21149],[94.60628,76.22724],[94.4495899,76.19525],[94.92122,76.17657],[94.89621,76.19733],[94.93993,76.21156],[94.8774999,76.2416799],[95.0879599,76.27731],[94.9988099,76.27894]]],[[[96.5449101,76.1591352],[96.53631,76.1354683],[96.62927,76.1504862],[96.5845001,76.2077599],[96.7095799,76.25683],[96.4867799,76.27874],[96.57167,76.21639],[96.5449101,76.1591352]]],[[[94.74625,76.2657701],[94.7936501,76.2747701],[94.6932601,76.2724],[94.74625,76.2657701]]],[[[97.03135,75.99878812957972],[97.19359,76.00666],[97.2233399,76.0427601],[97.3709699,76.08805],[97.0613499,76.0662399],[96.7273699,75.99198],[97.03135,75.99878812957972]]],[[[99.5706901,76.07205],[99.5920699,76.07442],[99.53797,76.08204],[99.5706901,76.07205]]],[[[99.78399,76.0628701],[99.74365,76.10806],[99.62566,76.1051201],[99.78399,76.0628701]]],[[[99.80532,76.08283],[99.7640639,76.1001836],[99.80532,76.08283]]],[[[93.28939,76.11598],[93.17812,76.0959901],[93.32822,76.08537],[93.27697,76.0976899],[93.3102499,76.1132301],[93.28939,76.11598]]],[[[95.6249,76.19425278950946],[95.7416999,76.18633],[95.6569599,76.1655199],[95.8224901,76.15678],[95.7909201,76.14576],[96.28837,76.1547101],[96.36855,76.10119],[96.46169,76.11639],[96.38445,76.141],[96.4736,76.1366901],[96.43934,76.1538],[96.47992,76.1688301],[96.2356101,76.2181999],[96.49929,76.20591],[96.4078599,76.2225399],[96.4090699,76.26729],[96.48616,76.27619],[96.42702,76.3075899],[96.2788,76.29744],[96.23215,76.2637701],[96.2469799,76.24874],[96.13898,76.2227699],[96.16422,76.28716],[95.9907299,76.2877701],[95.9229099,76.25738],[95.89126,76.2682399],[95.9275699,76.3054],[95.88883,76.3164601],[95.56173,76.2295499],[95.61,76.2524301],[95.5036201,76.2588999],[95.5604401,76.2813301],[95.3645799,76.28276],[95.34885,76.2596501],[95.3837999,76.2406501],[95.33204,76.2329801],[95.6249,76.19425278950946]]],[[[106.8749,78.08765758746146],[107.5499673,78.0808447],[107.4437373,78.0583131],[107.4997412,78.0384213],[107.7052579,78.074451],[107.7804039,78.1286882],[107.5371223,78.185283],[107.3007519,78.1532096],[107.3443034,78.1377957],[106.9201133,78.1719712],[106.5099144,78.1300222],[106.8749,78.08765758746146]]],[[[106.30079552499998,78.2482479640884],[106.143274,78.2437001],[106.1542229,78.222714],[106.1203604,78.2142214],[106.376408,78.1842582],[106.3262021,78.1846178],[106.6025038,78.2286309],[106.4471009,78.2326408],[106.6090703,78.2662966],[106.7197581,78.2590286],[106.7228326,78.2837483],[106.7753077,78.2430276],[106.8422858,78.2719509],[106.8135921,78.3076297],[106.5916476,78.3304339],[106.4646171,78.2966075],[106.472842,78.2621395],[106.4039602,78.2427479],[106.4330957,78.2394715],[106.30079552499998,78.2482479640884]]],[[[97.85764401173677,78.7499],[97.9169462,78.7569735],[97.85764401173677,78.7499]]],[[[97.8380471,78.7569646],[97.9209148,78.7621318],[97.8070432,78.7594596],[97.8380471,78.7569646]]],[[[104.6955743,78.87803],[104.6652603,78.8704642],[104.7672783,78.8672152],[104.6955743,78.87803]]],[[[104.4006483,79.036131],[104.2185139,79.0183078],[104.4213531,79.0369794],[104.4006483,79.036131]]],[[[103.3883078,79.1448671],[103.5016667,79.1119309],[103.3883078,79.1448671]]],[[[103.3742074,79.2072102],[103.3371712,79.2051419],[103.3344633,79.1750394],[103.4796362,79.1623542],[103.5119534,79.19382],[103.450566,79.2016695],[103.4445457,79.1763014],[103.396396,79.2208409],[103.3742074,79.2072102]]],[[[93.6662697,78.2051768],[93.6299106,78.1841897],[93.809075,78.1583408],[93.7697872,78.1784799],[93.7897556,78.2056943],[93.7626697,78.1845105],[93.6662697,78.2051768]]],[[[98.6818373,78.4968629],[98.7597138,78.5062558],[98.6818373,78.4968629]]],[[[98.7353324,78.5801661],[98.6700594,78.574975],[98.7745283,78.5816771],[98.7353324,78.5801661]]],[[[98.6895293,78.6364816],[98.6414941,78.6241428],[98.6815062,78.6060171],[98.7317772,78.6379206],[98.6895293,78.6364816]]],[[[76.1091648,79.6618717],[76.1148805,79.6376937],[76.3583179,79.5596441],[76.7009147,79.5230677],[76.6306091,79.5311257],[76.7182147,79.5482907],[76.6859115,79.5310316],[76.7944047,79.486424],[77.5760228,79.4974596],[76.6707755,79.629152],[76.1091648,79.6618717]]],[[[93.8926855,79.5107191],[93.9848749,79.5040704],[93.8926855,79.5107191]]],[[[91.0161022,79.5115663],[91.1134966,79.4996508],[90.9459341,79.5264445],[91.0161022,79.5115663]]],[[[100.1288277,79.5720083],[100.0462849,79.5647242],[100.1288277,79.5720083]]],[[[100.0910005,79.704888],[100.0330972,79.7028276],[100.0752523,79.6951101],[99.9374061,79.5907593],[99.9879098,79.5746672],[100.1099627,79.6462452],[100.3566867,79.6624768],[100.1613362,79.6694181],[100.1104999,79.6884322],[100.1889802,79.6954493],[100.0910005,79.704888]]],[[[91.200085,79.7377568],[91.2889353,79.6925202],[91.7298649,79.6351712],[91.7607468,79.6367878],[91.6871262,79.6438905],[92.0017855,79.6733503],[91.7882665,79.7157815],[91.8980734,79.7302423],[91.200085,79.7377568]]],[[[100.1569355,79.7171882],[100.2244761,79.719182],[100.1569355,79.7171882]]],[[[97.7837008,79.8637592],[97.8578417,79.8553762],[97.7837008,79.8637592]]],[[[94.490572,79.9944179],[94.4545203,79.9895083],[94.5399864,79.988019],[94.490572,79.9944179]]],[[[92.8124,80.50448215230946],[92.8769057,80.5195517],[92.684333,80.4961371],[92.8124,80.50448215230946]]],[[[98.0726847,80.670461],[98.0428287,80.6564762],[98.1208469,80.6624468],[98.0726847,80.670461]]],[[[92.5692207,80.7005066],[92.5012123,80.7027116],[92.5692207,80.7005066]]],[[[79.3075177,80.8814474],[78.9441573,80.8481752],[78.8192439,80.7820134],[79.0959618,80.7443849],[79.7091776,80.7492952],[79.9306912,80.764562],[80.1766029,80.8368841],[79.5865943,80.9021136],[79.3075177,80.8814474]]],[[[91.0315305,81.2152222],[90.3232836,81.1906119],[90.1546662,81.1485286],[90.19495,81.1064239],[90.2996675,81.0815401],[90.938055,81.0351067],[91.3665749,81.0552811],[91.6349363,81.1239236],[91.4686035,81.1907309],[91.0315305,81.2152222]]],[[[97.4735191,80.2644407],[97.4082293,80.2494281],[97.5469889,80.2724933],[97.4735191,80.2644407]]],[[[91.5690245,80.3945086],[91.7348905,80.3773545],[91.5300168,80.4018337],[91.5690245,80.3945086]]],[[[92.8124,79.68685607626796],[93.1527454,79.7072733],[93.7110802,79.8306137],[93.8783812,79.907177],[92.9550989,80.033297],[92.5922702,80.0181102],[92.5494454,80.0290211],[92.5821472,80.0451786],[92.3265962,80.0390476],[91.9512925,80.0827294],[90.9832272,80.0618433],[91.2535067,80.025341],[91.2975215,79.978541],[91.1444312,79.9538134],[91.3833303,79.9108192],[91.1423743,79.8661122],[91.193217,79.8393961],[92.1128182,79.8119534],[92.3865406,79.7619484],[92.3489459,79.7620492],[92.3827654,79.7548756],[92.3512037,79.7465241],[92.3818928,79.742416],[92.3650241,79.7200643],[92.0646563,79.7384412],[92.0947989,79.7187316],[91.9866969,79.7057668],[92.1392011,79.6939119],[91.9831065,79.6781334],[92.8124,79.68685607626796]]],[[[94.4142549,80.0002087],[94.4606225,79.9949019],[94.387541,80.008046],[94.4142549,80.0002087]]],[[[92.8124,80.03473151019045],[92.8722019,80.0403021],[92.6675546,80.0349811],[92.8124,80.03473151019045]]],[[[94.21885,80.00544279364621],[94.0973881,80.0216827],[93.9518558,79.980566],[94.2657925,79.9939322],[94.21885,80.00544279364621]]],[[[94.21885,80.03200923709684],[94.1767374,80.0254958],[94.4125078,80.0316821],[94.21885,80.03200923709684]]],[[[98.596455,80.0761386],[98.6935955,80.0762856],[98.596455,80.0761386]]],[[[94.8952768,80.0902241],[94.9382556,80.0792134],[94.8952768,80.0902241]]],[[[96.3306739,80.1168346],[96.4258633,80.1200379],[96.3306739,80.1168346]]],[[[97.9850716,80.0971385],[98.0389397,80.0895003],[97.9850716,80.0971385]]],[[[96.0207429,80.1458701],[95.9839373,80.1315772],[96.1804546,80.1464718],[96.0207429,80.1458701]]],[[[96.78455,80.1480002],[96.6895517,80.1363389],[96.8376526,80.1483245],[96.78455,80.1480002]]],[[[92.8124,80.13245054773219],[93.7983456,79.9980656],[94.4245906,80.0743432],[94.6182281,80.116538],[94.5924517,80.1420418],[94.641573,80.1414103],[94.6230994,80.1134298],[94.7955579,80.1125647],[94.8253217,80.144648],[95.82849,80.216067],[97.3101517,80.2228053],[97.3232307,80.2421129],[97.2910138,80.2473943],[97.5218994,80.3021313],[97.16686,80.3521821],[97.2680999,80.373739],[97.305063,80.4036152],[97.2521512,80.4230725],[97.3478959,80.4512512],[97.0851946,80.5210766],[97.3309227,80.540197],[97.148615,80.5538542],[97.1595639,80.5771804],[97.3170823,80.5887003],[97.2162696,80.5949932],[97.2869373,80.6130246],[97.1441969,80.6377878],[97.3811423,80.6465637],[97.324112,80.6196637],[97.4614413,80.6136156],[97.5918894,80.6356455],[97.536042,80.6428141],[97.7445894,80.654254],[97.766281,80.6487021],[97.7011581,80.6383093],[97.7575616,80.631171],[97.8777941,80.6628691],[97.8331651,80.6683089],[98.0665083,80.6809193],[97.7571027,80.7104204],[97.9480642,80.731818],[97.7866244,80.7816168],[97.8706991,80.7759388],[97.8503432,80.7923175],[97.3951908,80.8086924],[97.4591783,80.8202885],[97.1283791,80.8572612],[97.1714681,80.8680741],[96.9679336,80.9157465],[96.7828493,80.9219017],[96.7365442,80.9460325],[96.7611105,80.967565],[96.73718,80.9781598],[96.8040504,80.9928803],[96.6261759,81.0138035],[96.5042899,81.0801569],[96.281262,81.1177838],[96.1313718,81.1820642],[95.9456266,81.1879822],[95.9623473,81.2005414],[95.9248036,81.2085366],[95.9902017,81.225388],[95.9129602,81.2431765],[95.7278331,81.2739572],[95.3789999,81.2617581],[95.1798056,81.2373593],[95.3729981,81.2082588],[95.8136645,81.2119068],[95.2883763,81.1888123],[94.8833832,81.0906047],[93.1932915,80.9567402],[93.1731564,80.9350844],[93.2504752,80.9293455],[93.1943197,80.9094019],[93.2747375,80.8969774],[92.8714835,80.8416029],[92.9268805,80.82642],[92.5863892,80.7299251],[92.6934086,80.71271],[93.4617203,80.7642909],[92.8571306,80.5946125],[92.9033622,80.5207595],[92.8807834,80.5042252],[92.9256031,80.4705799],[92.4602628,80.4643048],[92.1688425,80.4064256],[92.7557867,80.3651472],[91.7713801,80.3491429],[91.6371224,80.329118],[91.4862196,80.2621127],[91.7820307,80.300712],[91.7245146,80.2706263],[92.4095145,80.2673642],[92.2720345,80.2635707],[92.4254182,80.2202775],[93.0071099,80.1606349],[92.3615549,80.2033328],[92.3433012,80.1872241],[92.4372662,80.1839143],[92.1546319,80.1665778],[92.8124,80.13245054773219]]],[[[98.605628,78.7910453],[98.5513285,78.7715611],[98.6864609,78.7842322],[98.605628,78.7910453]]],[[[92.8124,79.06259288505619],[92.8964969,79.0631721],[92.2762449,79.1283461],[92.8124,79.06259288505619]]],[[[93.8052252,79.4346291],[93.9065799,79.4364899],[93.8052252,79.4346291]]],[[[91.6604048,79.4466003],[91.8484565,79.427918],[91.6130607,79.452379],[91.6604048,79.4466003]]],[[[99.768914,79.2313277],[99.8243014,79.228283],[99.7116314,79.2476729],[99.768914,79.2313277]]],[[[99.9332069,79.3469764],[99.9904287,79.3368193],[99.9332069,79.3469764]]],[[[92.8124,79.43447258100726],[92.691513,79.4219906],[92.8387881,79.382808],[93.036437,79.4017382],[93.0448829,79.4265443],[92.6817836,79.4516489],[92.1089308,79.416168],[92.1355256,79.4118494],[91.8033847,79.4243131],[92.3189127,79.3826917],[92.385997,79.3908244],[92.3197387,79.4089391],[92.3535382,79.4222302],[92.5098486,79.427335],[92.4089672,79.4427198],[92.44543,79.4481282],[92.8124,79.43447258100726]]],[[[99.9682868,79.4315867],[99.952219,79.400353],[100.1258632,79.4357182],[99.9682868,79.4315867]]],[[[101.2499,79.12964982699995],[101.455166,79.1128671],[101.1478738,79.1032606],[101.0719403,79.0529198],[101.6718945,78.9639941],[101.0175062,79.0079908],[101.0064102,78.9678288],[100.8166573,78.8521889],[100.9307342,78.8334796],[100.8737586,78.8258967],[100.902662,78.7895792],[101.267885,78.7412591],[101.1283117,78.7282178],[100.7017019,78.8008067],[100.6070764,78.7787042],[100.3624709,78.6556775],[100.3830881,78.6241058],[100.3397787,78.6141773],[100.3789178,78.5918959],[100.352967,78.5791727],[100.3867477,78.5797508],[100.2537888,78.5412259],[100.2576681,78.5016592],[100.1725845,78.4869199],[100.2516091,78.4820669],[100.2454547,78.4580207],[100.1541634,78.4118384],[100.0487075,78.4056417],[100.0992001,78.3864204],[100.0742704,78.365364],[100.1509546,78.3462855],[99.626283,78.160569],[99.3874455,78.0128378],[99.4654316,78.0005331],[99.5666467,77.9208551],[99.9924389,77.9387846],[101.3731853,78.1753214],[102.0523446,78.1942635],[102.0213854,78.1806862],[102.1249836,78.1640121],[102.544958,78.2038789],[102.7476446,78.1950534],[102.7155119,78.1937226],[102.8121897,78.135048],[102.894389,78.139465],[103.0002644,78.1754076],[102.940403,78.1920098],[103.0951256,78.2280841],[103.2780467,78.1976412],[104.3968062,78.3112529],[104.8287001,78.2953004],[105.1196377,78.3694157],[105.4133157,78.4911163],[105.463052,78.5435107],[105.3844007,78.5929879],[105.4256675,78.6304463],[105.3822731,78.6428146],[105.3947435,78.6960846],[105.3018137,78.719634],[105.3852299,78.7286867],[105.2894541,78.7919503],[104.9249856,78.8543039],[104.7857749,78.8326062],[104.8258856,78.816967],[104.7780181,78.7785614],[104.657546,78.7640061],[104.740294,78.7887217],[104.708394,78.7927432],[104.709941,78.8203118],[104.4244866,78.8502929],[104.6671995,78.8639563],[104.5334746,78.8836923],[104.586012,78.9192177],[104.5423712,78.9451808],[104.4125705,78.9896121],[104.1305818,78.9948497],[104.1335083,79.0369793],[104.027409,79.0508979],[104.0957207,79.0823505],[104.0949178,79.1297112],[103.9088355,79.1310196],[103.9424256,79.1528977],[103.8987232,79.1749003],[103.699228,79.1109854],[103.7058947,79.1720379],[103.6359336,79.1833561],[103.558214,79.1562286],[103.5463698,79.1286089],[103.5810657,79.1227128],[103.5165957,79.0959335],[103.3550069,79.1048384],[103.4024397,79.0860784],[103.174322,79.0388159],[102.9774231,79.047928],[102.9563221,79.0364824],[102.9795812,79.0087023],[102.9243124,78.9611256],[102.7229374,78.8828757],[102.7418888,78.8634474],[102.6346756,78.8472707],[102.6709399,78.8325219],[102.5663298,78.8015998],[102.4362492,78.8184636],[102.7763863,78.9620453],[102.7640446,78.9955151],[102.7953597,79.028185],[102.754567,79.0364089],[102.7564054,79.0646753],[102.8885711,79.1213311],[102.8326258,79.1324909],[102.9319013,79.2071195],[102.9047036,79.2163158],[103.2246725,79.3016723],[103.0543203,79.3040203],[103.0874774,79.3229978],[102.9863092,79.3275038],[103.0172584,79.3369251],[102.8782059,79.3816701],[102.4748149,79.4285653],[102.3127158,79.4135005],[102.2067492,79.3269624],[102.3228821,79.2222705],[102.2604556,79.2145402],[101.9965011,79.2379967],[102.01625,79.2439159],[101.9756692,79.2608838],[101.9757182,79.2977721],[101.8835688,79.3543025],[101.6685281,79.347846],[101.5951694,79.2948283],[101.6661513,79.2684656],[101.6152537,79.2618728],[101.6689679,79.2560287],[101.6337277,79.2388299],[101.6900744,79.2317033],[101.3593313,79.2201051],[101.2271034,79.1415041],[101.2499,79.12964982699995]]],[[[90.6065538,79.5440347],[90.881889,79.5473108],[91.4780441,79.4617263],[91.3929846,79.4568128],[91.7647846,79.4298852],[91.2597401,79.5182115],[90.5522834,79.5539148],[90.6065538,79.5440347]]],[[[95.6251,80.10951916563741],[95.4226701,80.0786878],[95.3864314,80.0256924],[95.0470447,80.0684476],[95.1132027,80.0841406],[95.0341632,80.09862],[95.1066171,80.105479],[94.9447247,80.1036283],[95.0194071,80.0647725],[94.8335656,80.0458796],[94.6775212,79.9909145],[94.7176084,79.9853403],[94.3560614,79.9799482],[94.4079408,79.9412427],[94.3723352,79.9394548],[94.4094587,79.9341374],[94.3206922,79.9171525],[94.3554871,79.9041251],[94.3354468,79.8896884],[94.7158973,79.8190976],[94.7268806,79.7956247],[94.0571211,79.762992],[93.6787363,79.6255628],[93.7681049,79.6326017],[93.5982555,79.6183405],[93.342945,79.5445093],[92.9041343,79.5631329],[93.105089,79.5541612],[93.1332372,79.5440989],[93.0791141,79.5349254],[93.1444203,79.5225424],[93.369775,79.5302043],[93.3319454,79.5164574],[93.3572644,79.4985813],[93.1589512,79.4685187],[93.2845618,79.4468503],[93.4751739,79.4578497],[93.3715761,79.4632029],[93.5323693,79.4928247],[93.4089788,79.5090055],[93.4454482,79.537045],[93.778441,79.5741791],[93.7298367,79.5959984],[93.779921,79.6156406],[93.9127803,79.607181],[93.7874322,79.5849116],[93.8142028,79.5706846],[93.6727591,79.5721724],[94.0221187,79.5029454],[93.7516298,79.4696715],[93.9087309,79.4368122],[94.0261694,79.4343154],[94.0541826,79.4567814],[93.9742436,79.4879964],[94.0342237,79.4925964],[94.4359214,79.4555559],[94.4321056,79.4271493],[94.3465516,79.407849],[94.4074274,79.3470186],[94.2935066,79.3368862],[94.2690594,79.3083051],[94.2987007,79.3009674],[94.2698317,79.2967039],[94.4297312,79.2730083],[94.3720174,79.2586156],[94.377069,79.237598],[94.7254418,79.1775242],[94.6756462,79.1351947],[94.6906249,79.1091724],[95.0833629,79.0248972],[95.5340966,79.1039549],[95.6710338,79.0961044],[95.6342104,79.0691225],[95.7617562,79.056064],[95.7236828,79.0359004],[95.7290481,78.9924364],[96.8657236,79.0092246],[97.0000787,78.9773653],[96.9616485,78.9742332],[96.968524,78.9343931],[97.1765085,78.8830204],[97.3561096,78.8870876],[97.3788754,78.8771894],[97.3427404,78.8695808],[97.4053256,78.8576916],[97.349141,78.8632787],[97.461857,78.8341701],[97.6552356,78.8488609],[97.4679883,78.8329734],[97.5007051,78.8262993],[97.8234496,78.8190934],[97.9264635,78.7847078],[97.8692429,78.798684],[98.1270642,78.821892],[98.418016,78.7677836],[98.5585834,78.777844],[98.5173248,78.7793038],[98.5918668,78.807227],[99.4943797,78.8070887],[99.5640293,78.8481303],[99.9876096,78.9233015],[99.9216987,78.9639049],[99.9418289,78.9834143],[99.8525043,79.014502],[99.9210559,79.0458192],[99.8862068,79.058691],[99.9126634,79.0756035],[99.5811169,79.1126702],[99.5392743,79.1279516],[99.7205449,79.1407811],[99.419692,79.1941008],[99.146279,79.2890815],[99.2810689,79.3013632],[99.6140265,79.2283376],[99.5635359,79.2428051],[99.7052734,79.2599631],[99.6742978,79.2744038],[99.6942776,79.2789747],[99.8069326,79.2707927],[99.7776631,79.3176496],[99.8045475,79.3561391],[99.7627657,79.3640474],[99.8198805,79.4116461],[99.748308,79.436025],[99.8741994,79.4971556],[99.7793941,79.5480181],[99.8592328,79.6049735],[99.842769,79.6275166],[99.9505126,79.6700052],[99.927663,79.7193009],[99.846735,79.7394938],[100.1074492,79.7704274],[100.044255,79.7915674],[100.0974848,79.8091545],[99.8867333,79.8643682],[99.889992,79.8901566],[99.8104844,79.9198128],[99.6987239,79.9164019],[99.7312637,79.9285086],[99.649838,79.9497245],[99.5501162,79.9339018],[99.5768401,79.9415172],[99.5323325,79.9534988],[99.641795,79.9637892],[99.4851339,79.9748231],[99.5433963,79.9817579],[99.3268784,79.986833],[99.4764389,80.0043935],[99.3876139,80.0243713],[99.1326149,80.0111388],[99.337955,80.0392798],[98.7981226,80.024615],[98.8174895,80.0345351],[98.7083977,80.0498684],[98.7813786,80.0694373],[98.5972937,80.0656122],[98.6097681,80.043909],[98.4987914,80.009545],[98.5460591,80.0010201],[98.4804767,79.9992045],[98.557884,79.9783771],[98.5157396,79.9479364],[98.547402,79.9387883],[98.461113,79.9367067],[98.5024597,79.9214858],[98.4434692,79.9078182],[98.4281013,79.871003],[98.3396116,79.8632939],[98.3596182,79.8607976],[98.3218946,79.8302852],[97.9226846,79.8157806],[97.6657184,79.8498705],[97.9381039,79.9000987],[97.9696407,79.9434607],[97.8827355,79.9536649],[97.9495912,79.9646978],[97.9046186,79.9617127],[97.9638287,79.9843574],[97.9302682,80.0026304],[97.995729,80.0065337],[97.9296546,80.016213],[98.0405113,80.0204104],[98.0105448,80.0360402],[98.0912525,80.0619665],[97.6676378,80.1664833],[97.187603,80.1676893],[96.8929744,80.107263],[96.6644564,80.1145942],[96.6780717,80.1353011],[96.6424172,80.1387045],[96.5583542,80.1019732],[96.2819765,80.114178],[96.1761248,80.0825368],[96.1259034,80.0822652],[96.162287,80.0962698],[96.1323882,80.1068888],[95.6251,80.10951916563741]]],[[[84.2631099,60.8625176],[84.7914872,60.3523664],[84.7136277,60.2991705],[84.7382809,60.2517976],[84.6136471,60.165509],[84.6334514,60.0297956],[84.5743616,59.9727865],[84.6816636,59.89955],[85.4995509,59.8830316],[86.0189367,59.9485678],[86.6364995,59.9486539],[87.0780475,59.8790741],[87.174086,59.6825285],[87.5142254,59.6644103],[87.9022263,59.2562379],[88.6264675,59.2951263],[88.5758264,59.212216],[88.8286602,59.0226045],[88.3838354,58.8938784],[87.9240133,58.5113453],[88.0169879,58.2142578],[88.069853,58.2200644],[88.1066588,58.1127721],[88.6872531,58.0361991],[88.8589536,57.9551858],[89.2973812,57.9490767],[89.3745507,57.8646176],[89.3408042,57.8192525],[89.3790331,57.6558674],[89.3552479,57.6156574],[89.2115003,57.594065],[89.1303369,57.6153406],[89.0987641,57.5172089],[89.1604766,57.492393],[89.0903074,57.5026097],[89.0580074,57.4554452],[89.0240857,57.4741218],[89.0375172,57.5023443],[88.9721404,57.4999958],[88.9449472,57.4381035],[88.9009796,57.4361001],[88.8698534,57.4772465],[88.7341554,57.2080352],[88.6225054,57.2093495],[88.5548062,57.1253955],[88.5040841,57.1249325],[88.5169817,57.0904433],[88.7145536,57.0922937],[88.5975569,56.8021984],[88.6481606,56.8197863],[88.6244128,56.7192977],[88.7360764,56.7147011],[88.6740133,56.6800677],[88.6631493,56.6197674],[88.5008785,56.6218904],[88.5463883,56.5299224],[88.605597,56.5312515],[88.5934159,56.4306641],[88.6964836,56.4181825],[88.695147,56.3664302],[88.8609217,56.3729083],[88.9207634,56.3338934],[88.9007955,56.3020702],[89.0398982,56.3004836],[89.0366523,56.201266],[89.1266894,56.1845317],[89.104815,56.1510223],[89.2016078,56.1395264],[89.1929787,56.0808914],[89.282448,56.0565948],[89.2416471,55.995096],[89.2806242,55.942477],[89.2710983,55.8967258],[89.4008955,55.869439],[89.4001386,55.840745],[89.3325347,55.8114529],[89.3485812,55.770388],[89.1814546,55.734029],[89.1300536,55.6917709],[88.9135991,55.6602035],[88.670979,55.5177244],[88.5979622,55.4312222],[88.7423379,55.4318794],[88.7505552,55.3942683],[88.8708533,55.3935677],[88.9003608,55.3403562],[89.011422,55.3236475],[89.0098953,55.2337044],[89.1159421,55.1801225],[89.0641194,55.1200547],[89.2617356,55.1044955],[89.2781955,55.0420682],[89.4538316,55.012713],[89.4303597,55.0624634],[89.5802509,55.0878532],[89.6613597,55.0743746],[89.6072993,55.0281633],[89.6660584,55.0003375],[89.7309127,55.0448204],[89.7244463,55.0684991],[89.9869581,55.1217457],[90.1137445,55.1072713],[90.1262841,55.1535012],[90.216932,55.1535837],[90.24643,55.0763269],[90.4992151,55.0608494],[90.5298197,54.9898148],[90.5062975,54.906992],[90.7791572,54.9121117],[90.7805307,54.8712656],[90.9456768,54.8481322],[90.918748,54.6536342],[91.2602371,54.5065858],[91.2464545,54.425375],[91.3077368,54.3338326],[91.4165074,54.2796023],[91.5790789,54.0833319],[91.5488794,53.9960419],[91.4273756,53.8617089],[91.4837909,53.7409709],[91.5709579,53.7054768],[91.5757726,53.6649047],[91.5389959,53.6415773],[91.5673961,53.5968579],[91.6239192,53.5763647],[91.6477556,53.5169781],[91.8635706,53.4569168],[91.918779,53.3960639],[91.9236974,53.3496006],[91.7384617,53.1777456],[91.4499723,53.1357026],[91.419876,53.0864477],[91.5051957,52.9937489],[91.4755361,52.8944648],[91.4263451,52.8840009],[91.424413,52.8445872],[91.3122845,52.774375],[91.3219247,52.733034],[91.2636071,52.7119216],[91.2627551,52.6387675],[90.8832916,52.5967196],[90.7201659,52.4702354],[90.6883849,52.3696679],[90.5680678,52.2980848],[90.4953467,52.209093],[90.5513048,52.1324647],[90.7517526,52.0703035],[90.8373812,51.9039731],[91.0723638,51.9518904],[91.2597464,51.8765638],[91.5333456,51.9093216],[91.7392245,51.8657029],[91.8043994,51.8865792],[91.8971032,51.8593963],[91.9388598,51.8073556],[92.0784584,51.7722574],[92.2552097,51.8226563],[92.5295524,51.7910566],[92.6963755,51.8513392],[92.8736977,51.8360233],[92.9576773,51.9157823],[93.0759638,51.9358576],[93.1465239,52.0156166],[93.2425166,52.0409406],[93.3309333,52.1261106],[93.6768119,52.2123643],[93.6558165,52.2409348],[93.6780018,52.3072748],[93.7654454,52.3811365],[93.7675152,52.4513828],[93.8079766,52.4508856],[93.8337333,52.504239],[93.9603536,52.5810228],[93.9415226,52.6133269],[94.0956317,52.6784228],[94.0935751,52.73854],[94.1395697,52.7544487],[94.1593741,52.8131591],[94.1418419,52.831178],[94.3034184,52.9000075],[94.5259247,52.9100186],[94.5147776,52.9388597],[94.6004895,53.0465947],[94.5757063,53.07457],[94.6209432,53.1263543],[94.6024368,53.1678032],[94.7160705,53.2371196],[94.6770017,53.2872803],[94.6038429,53.2935029],[94.6183446,53.33111],[94.7505928,53.384626],[94.954593,53.404864],[95.0358688,53.3661207],[95.2180017,53.4693659],[95.3045861,53.4449068],[95.2841321,53.4100593],[95.3071837,53.3881444],[95.4051257,53.3656345],[95.4305579,53.3973435],[95.4952753,53.3950169],[95.5269844,53.437494],[95.6520901,53.4556214],[95.6568518,53.4863564],[95.7322244,53.5252204],[96.1105229,53.4517263],[96.1128403,53.5125992],[96.232057,53.5171466],[96.2411328,53.6194641],[96.27935,53.6137888],[96.2767528,53.5893307],[96.3746946,53.5937679],[96.3519679,53.570392],[96.4397371,53.5134674],[96.5133286,53.5518863],[96.658672,53.5641697],[96.7059652,53.6234754],[96.6883296,53.6463366],[96.4851351,53.6915521],[96.4852268,53.730079],[96.4006515,53.7590354],[96.3401359,53.8373196],[96.0633956,53.9921643],[96.0871424,54.0718243],[95.9397559,54.1015454],[95.8969552,54.1647195],[95.8440115,54.1799036],[95.8492653,54.2097955],[95.6846798,54.2375034],[95.6462714,54.2969353],[95.7100736,54.4137821],[95.838943,54.4234121],[95.9188203,54.396532],[95.9784097,54.4469733],[95.9524094,54.4658866],[95.9780525,54.508089],[96.0214984,54.5130393],[96.0000724,54.5287169],[96.0297131,54.5245017],[96.0251598,54.5548053],[96.0650753,54.5745426],[96.1811919,54.535229],[96.2902521,54.5575286],[96.5388233,54.5297749],[96.5294141,54.5813151],[96.5808659,54.6266444],[96.567032,54.6994898],[96.6617477,54.7912592],[96.7169447,54.9017746],[96.5936946,55.0238186],[96.685306,55.0827349],[96.6506206,55.099789],[96.6894761,55.1793129],[96.6572214,55.2385109],[96.9449383,55.3187249],[96.8475011,55.4316947],[96.8398902,55.5307859],[96.8084844,55.5507984],[96.8551669,55.5986502],[96.7440423,55.6559296],[96.8255805,55.6889821],[96.7548045,55.7321181],[96.7861083,55.7895804],[96.9150052,55.8613884],[96.9887224,55.8503693],[96.9907262,56.003892],[97.063652,56.0041812],[97.1319418,56.1125295],[97.3011814,56.0743752],[97.3113122,56.0395629],[97.3595187,56.0320699],[97.4381934,56.1054287],[97.4090984,56.1635456],[97.4729208,56.1953772],[97.5741793,56.1873138],[97.5570195,56.3763013],[97.8799878,56.3753595],[97.8799329,56.5341015],[97.7411172,56.5491764],[97.7796814,56.5912819],[97.7361273,56.6454469],[97.7882773,56.6626237],[97.7471629,56.73838],[97.802762,56.773224],[97.7863756,56.7976039],[97.5407517,56.7846606],[97.469405,56.8270132],[97.4786204,56.8831108],[97.672584,56.9728017],[97.5305814,56.9698479],[97.5064643,57.0042103],[97.3433494,57.0315118],[97.9525388,57.8302618],[98.6358289,57.7722675],[98.747524,57.7970179],[98.8482954,57.7279597],[98.9809108,57.7179482],[99.0866037,57.7780789],[99.2045091,57.76101],[99.4370936,57.7907227],[99.4416654,57.8279602],[99.482911,57.8390987],[99.4836123,57.8996993],[99.5336684,57.9113817],[99.5055264,57.9344308],[99.6386037,57.9931868],[99.632899,58.0533432],[99.6817229,58.0826981],[99.8015606,58.0569011],[100.0723904,58.0740378],[100.0995014,58.0357907],[100.063989,57.9770708],[100.1294316,57.9194993],[100.1367001,57.8561754],[100.314551,57.8060509],[100.2851767,57.7686131],[100.3799961,57.7416339],[100.3227772,57.6843732],[100.3833438,57.6672732],[100.3523783,57.6367675],[100.4274764,57.5825195],[100.4032829,57.5518304],[100.6740159,57.4604582],[100.7630494,57.3995173],[100.8576995,57.4643888],[100.9256004,57.444828],[100.971758,57.4832206],[100.9416051,57.5013987],[100.9549814,57.565734],[100.8148369,57.6386038],[100.8480155,57.6482263],[100.8149214,57.6669497],[100.856375,57.6781554],[100.8471035,57.7108461],[100.9085765,57.773423],[100.8691887,57.7839558],[100.855226,57.8525407],[100.8185598,57.8753913],[101.0208464,57.8793607],[101.0390099,57.9303093],[101.1611705,58.0037175],[101.1668657,58.0442121],[101.1076588,58.1026749],[101.363814,58.2326776],[101.5311108,58.241655],[101.6696245,58.3425344],[101.7085026,58.4161942],[102.2023343,58.5221896],[102.2825984,58.5614741],[102.2987476,58.5851306],[102.2766045,58.5941494],[102.3313928,58.6461349],[102.5694351,58.7395564],[102.548391,58.7650263],[102.5814943,58.7900324],[102.535905,58.882291],[102.5612102,58.9049555],[102.4408676,58.9453596],[102.4355038,58.9910602],[102.493574,59.0085217],[102.4375355,59.022151],[102.4612964,59.0508882],[102.4025532,59.0834789],[102.4387071,59.1157589],[102.4252443,59.1441768],[102.5654685,59.2096836],[102.8237847,59.1930504],[102.8668005,59.2183044],[102.8554625,59.2493734],[103.014427,59.3180492],[103.1369446,59.2584821],[103.2100611,59.2559432],[103.2322767,59.2907071],[103.35631,59.2642293],[103.3598015,59.2350423],[103.2168256,59.2374986],[103.2385829,59.1730922],[103.3130742,59.1340353],[103.3937134,59.028945],[103.5658975,58.9984143],[103.6170776,58.9251812],[103.9462139,58.9038041],[103.9477328,58.8764883],[103.9859725,58.8753086],[103.9492439,58.8342011],[103.9651142,58.7707608],[103.891393,58.7367001],[103.9683465,58.7272984],[104.0349687,58.7885423],[104.1754816,58.7650995],[104.2110245,58.7862928],[104.1993755,58.760438],[104.2541834,58.7159727],[104.3823456,58.7269873],[104.3466904,58.6728692],[104.4663996,58.6087848],[104.8134752,58.6774845],[104.8944803,58.7474378],[104.7546181,58.8071882],[104.7892917,58.8668327],[104.8911201,58.9086009],[104.9208612,58.9587001],[105.0953624,59.0148708],[105.1357441,59.0612879],[105.2762759,59.0675987],[105.3680659,59.1181008],[105.292495,59.1569643],[105.3377672,59.1971291],[105.3040369,59.2453873],[105.1722553,59.3038417],[105.2195283,59.342678],[105.2292479,59.3871521],[105.196846,59.4018768],[105.2371984,59.4417263],[105.1488679,59.4852185],[104.9677569,59.4706281],[104.8504197,59.5555464],[104.8825489,59.6042262],[104.7841389,59.6359385],[104.8080374,59.6708701],[104.7618888,59.6875446],[104.8883955,59.7651069],[105.0233516,59.7775657],[105.0189081,59.8348836],[104.9793665,59.8531773],[105.0282379,59.8439101],[105.0642997,59.8757334],[105.5150047,59.8435583],[105.4262732,59.9012524],[105.4433481,59.931488],[105.4098218,59.9478709],[105.5049852,60.0017193],[105.422249,60.1538813],[105.5084453,60.2268109],[105.3612689,60.2642951],[105.3431021,60.2989096],[105.231398,60.2747412],[104.8634942,60.3105941],[104.8501525,60.3478913],[104.6385218,60.418645],[104.677987,60.4234509],[104.6253421,60.4960407],[104.6449592,60.5191604],[104.5807035,60.5369436],[104.5482158,60.5650005],[104.5714137,60.5875548],[104.5024039,60.6177656],[104.6093387,60.7243225],[104.4595219,60.8440646],[104.6339518,60.905524],[104.5763469,60.9460945],[104.6433982,61.0377366],[104.6176406,61.0719316],[104.6948328,61.0879242],[104.8525533,61.1917539],[105.0444769,61.1776932],[104.9903348,61.2730104],[104.939594,61.2941971],[104.950299,61.3160542],[104.7768579,61.3473871],[105.0083508,61.412949],[105.2811765,61.4239409],[105.291461,61.4501067],[105.2579582,61.4642477],[105.3632474,61.5422131],[105.5848897,61.5904927],[105.5808294,61.6199039],[105.6684115,61.6552517],[105.8133586,61.6298231],[105.8967763,61.6865674],[105.9799111,61.690511],[105.8982699,61.8453467],[106.2757594,62.0237816],[106.3956997,62.0426935],[106.4122011,62.0984674],[106.3877295,62.1452732],[106.4255802,62.1621104],[106.4648443,62.2597464],[106.3469423,62.2811902],[106.4832393,62.3397625],[106.4300619,62.3953089],[106.5465697,62.3963205],[106.628803,62.4635588],[106.7544934,62.4960641],[106.6699431,62.5616541],[106.7151988,62.6077844],[106.7964344,62.623216],[106.4695324,62.6988509],[106.511374,62.7301795],[106.5125177,62.7911156],[106.4466444,62.8143994],[106.4359679,62.8634954],[106.1865836,62.9229535],[106.1973798,62.9601887],[106.1378971,62.9760818],[106.170084,63.0068507],[106.1114102,63.0887259],[106.3968078,63.1256862],[106.39432,63.185919],[106.4387936,63.2159362],[106.3445128,63.2456562],[106.3751355,63.2746953],[106.3544442,63.3001875],[106.4187177,63.3244407],[106.4171696,63.3574097],[106.6209015,63.3167631],[106.7370361,63.3977672],[106.6484299,63.4229252],[106.5928456,63.4554414],[106.5788569,63.5025641],[106.4688484,63.5472564],[106.5982404,63.5616078],[106.5833996,63.5989422],[106.6889888,63.6613333],[106.6024689,63.723201],[106.6970837,63.8245436],[106.7898329,63.8709866],[106.7118728,63.9130782],[106.7303507,63.9350062],[106.6059299,63.9846504],[106.6643678,64.0443168],[106.9757043,63.9712385],[107.0434927,63.9265264],[107.2013258,63.9844321],[107.3070453,63.9775631],[107.3771318,63.9368173],[107.3420197,63.9075751],[107.4153118,63.8941952],[107.4730966,63.9273709],[107.5829322,63.90217],[107.6277925,63.9319527],[107.6028529,63.9425006],[107.6312152,63.9813695],[107.7640362,64.0212527],[108.2054263,64.0037238],[108.3890697,64.0488117],[108.2468224,64.2502184],[108.085664,64.2464676],[108.0558272,64.1857117],[107.9734041,64.1820094],[107.7077012,64.2580477],[107.7203568,64.2811565],[107.641299,64.3107003],[107.3536423,64.2638807],[107.268093,64.2999739],[107.2565096,64.3454248],[107.1054884,64.3536107],[106.9151674,64.43828],[106.7369008,64.4228614],[106.6525366,64.5295156],[106.5789779,64.5426712],[106.5512945,64.5240265],[106.5867107,64.4763315],[106.5541459,64.4602338],[106.1386325,64.4159538],[106.0752992,64.4464687],[106.133812,64.4853867],[106.0238494,64.5409241],[105.9052211,64.4869879],[105.769065,64.4836852],[105.7498912,64.5039341],[105.7856374,64.5503112],[105.7126032,64.5830045],[105.7509057,64.6406634],[105.6872023,64.6829675],[105.8755671,64.6816761],[105.8159047,64.7260605],[105.8528764,64.8329331],[105.9872789,64.8294299],[105.9148007,64.9034969],[106.0318196,64.9186996],[106.0587081,64.8699554],[106.2075289,64.8730366],[106.1163302,64.9060997],[106.0709249,64.9803939],[105.9741845,65.0007505],[105.9504653,65.0399006],[106.1089165,65.0697351],[106.189947,65.1330423],[106.3100616,65.1442692],[106.4107068,65.2279467],[106.5261207,65.2196366],[106.4292571,65.2465298],[106.4359784,65.3181149],[106.6129479,65.396004],[106.8173267,65.3775361],[106.8622044,65.4424138],[106.9681923,65.5066175],[106.7037516,65.539858],[106.7028496,65.6027942],[106.4161245,65.669229],[106.4341175,65.6875212],[106.4021698,65.7012332],[106.459869,65.7330423],[106.4286109,65.7652131],[106.4914835,65.7983875],[106.4480514,65.8259312],[106.4938215,65.8836032],[106.4620414,65.9294363],[106.5176174,66.0005486],[106.4069224,66.0657037],[106.4297895,66.0825284],[106.37404,66.0927689],[106.3304327,66.1568369],[106.2054465,66.1469998],[106.1060425,66.1972401],[106.137001,66.2487097],[106.1123683,66.2976138],[106.1342106,66.3110469],[106.0955446,66.3362025],[106.1117644,66.37229],[106.3319056,66.473182],[106.2994008,66.4992729],[106.3205152,66.521768],[106.2331092,66.5657461],[106.2502308,66.6038311],[106.2164666,66.645996],[106.2573752,66.6827183],[106.1669726,66.7094083],[106.1332259,66.7516123],[106.2133009,66.7977821],[106.0142952,66.7885623],[105.9863213,66.8036347],[106.0941504,66.8591837],[106.0846519,66.893372],[105.8550238,66.910733],[105.8575477,66.9438911],[105.6989888,66.9252049],[105.508341,67.0157677],[105.9484805,67.0402195],[106.064825,67.1153253],[106.0712695,67.1679187],[106.3421433,67.200771],[106.438486,67.2666411],[106.5453107,67.2911683],[106.7112337,67.2574363],[106.8220388,67.3340928],[106.9206816,68.2541645],[106.9065935,68.8577842],[106.1449109,69.4162734],[106.3419099,69.4767464],[106.3607863,69.5184281],[106.4790285,69.5803445],[106.5975578,69.5679697],[106.630677,69.5279684],[106.8521307,69.522793],[107.6064811,69.6604991],[107.8442673,69.6863738],[107.9529306,69.6690242],[108.0194199,69.6984402],[108.0056918,69.7487316],[108.0556414,69.7669925],[108.0226114,69.7879291],[108.1178764,69.786449],[108.2487331,69.8544031],[108.8989031,69.8428032],[108.9446245,69.7705993],[109.2011068,69.754623],[109.3071996,69.7774411],[109.3291696,69.8216648],[109.3858702,69.8243666],[109.4137021,69.8937645],[109.37332,69.9089154],[109.4044191,69.9630165],[109.5299676,69.9934496],[109.5464542,70.0277827],[109.354874,70.0788223],[109.3632352,70.130158],[109.2957917,70.1487325],[109.3008576,70.2083504],[109.5755751,70.2524475],[109.6166939,70.2851698],[109.5583415,70.3522372],[109.6404791,70.3723228],[110.0091026,70.4137471],[110.3133346,70.4085707],[110.3060072,70.4341967],[110.1159278,70.4760821],[110.1245646,70.4996961],[110.0825273,70.5252112],[110.1537167,70.5435538],[110.105859,70.5900608],[110.1450008,70.6088317],[110.1235172,70.6369834],[110.5108042,70.7128316],[110.5116924,70.7617943],[110.6192701,70.7847848],[110.8417549,70.7808768],[111.0513311,70.8446159],[111.3727549,70.8617718],[111.4787982,70.9288248],[111.9346298,70.9742323],[112.0376187,71.054461],[112.1057767,71.060097],[112.2460674,70.9998194],[112.2771945,71.0442588],[112.3559823,71.0711757],[112.5940413,71.1025513],[112.5123409,71.1712596],[112.6666217,71.1953179],[112.7249966,71.2521688],[112.6036851,71.2941098],[112.469258,71.276587],[112.2205754,71.3779367],[112.0005142,71.4023082],[112.0006953,72.1244001],[111.7082473,72.1664687],[111.6900264,72.194469],[111.7158563,72.2111309],[111.6917521,72.220915],[111.5880788,72.2140375],[111.6683592,72.2584196],[111.5748055,72.3244021],[111.3249529,72.3158503],[111.0087762,72.3888934],[111.0748275,72.4121945],[111.0088166,72.4418473],[111.1358595,72.4480856],[111.3091835,72.5101089],[111.178717,72.5577578],[110.8811631,72.577053],[110.91465,72.5917876],[110.8631728,72.6034881],[110.9101388,72.6311701],[110.7613597,72.6477116],[110.6588195,72.7533964],[110.6886111,72.7686928],[110.6579453,72.7921792],[110.7475212,72.8078701],[110.6286651,72.8468161],[110.666589,72.859988],[110.6286761,72.8841437],[110.9084429,72.9392599],[110.6575878,72.9520447],[110.7113616,72.9675722],[110.6606928,72.9880377],[110.7198735,73.0195263],[110.811154,73.0201064],[110.8601685,73.0543792],[110.7455163,73.1029426],[110.8150127,73.1123589],[110.8501602,73.1606703],[110.3737979,73.1518707],[110.3424907,73.1667896],[110.3674601,73.1823873],[110.3487448,73.1976323],[110.6277345,73.2655782],[110.5390102,73.2973772],[110.5626939,73.309125],[110.5306443,73.3170058],[110.5435382,73.3331507],[110.38096,73.333913],[110.1202501,73.4054261],[110.6426315,73.4282013],[110.6765668,73.4723517],[110.8399424,73.5184749],[110.8110612,73.546134],[111.2942269,73.6179605],[111.0027871,73.69498],[110.6071935,73.6309496],[110.4651112,73.6359574],[110.3626668,73.6085828],[110.4210432,73.5868319],[110.1028748,73.5573536],[110.090476,73.5312529],[110.183326,73.534453],[110.1421495,73.5317887],[110.1611732,73.5215812],[110.1272442,73.4975481],[109.7848689,73.4346635],[109.5700137,73.427174],[109.2186884,73.5520863],[109.1922066,73.5236821],[109.2094327,73.4895391],[109.3368442,73.4947538],[109.4549816,73.4437438],[109.4575328,73.4157722],[109.3970564,73.4061283],[109.3679006,73.4194579],[109.4144032,73.424115],[109.2526403,73.4715113],[109.2175702,73.4606977],[109.2307925,73.4271434],[109.3174033,73.3936185],[108.2741212,73.2928509],[108.2008497,73.2599698],[108.4152176,73.2419661],[108.3619994,73.2071052],[108.0991731,73.2350394],[107.7722228,73.152597],[107.0186074,73.161856],[106.844511,73.1282462],[106.3513019,73.1872328],[106.3140842,73.1389208],[106.2181905,73.1274995],[106.2364549,72.9635944],[106.0385076,72.932756],[105.9368126,72.8530165],[105.868574,72.8617252],[105.5169561,72.7418433],[105.133195,72.7552351],[105.2501992,72.745671],[105.2378131,72.7206477],[105.2018241,72.7309067],[105.1660305,72.6742199],[105.0992684,72.6950861],[105.0434206,72.6740281],[105.0613767,72.6597158],[104.9679701,72.67492],[104.7579368,72.6002525],[104.3416262,72.6132841],[104.7357301,72.6948099],[104.73066,72.7180499],[104.6718199,72.71618],[104.7752851,72.749858],[105.0860644,72.8052086],[105.1902692,72.7765226],[105.3500993,72.7915116],[105.7240818,72.8825021],[105.7752299,72.9507893],[105.9232076,73.0071532],[105.8968487,73.0384426],[105.9065384,73.107132],[106.0632547,73.1406216],[106.0324313,73.1701625],[106.126445,73.2731567],[106.280816,73.3205576],[106.6352343,73.2952023],[106.7967378,73.3185336],[106.8548325,73.3451865],[106.8761917,73.4267138],[107.2090697,73.5385001],[106.8505352,73.5946047],[106.9396063,73.6298443],[107.7848236,73.6150379],[108.045534,73.6687356],[108.1574678,73.6605258],[108.1086535,73.6282264],[108.4893258,73.7783131],[108.4462034,73.7866902],[108.4899697,73.7678015],[108.7721506,73.9344911],[108.9858747,74.0119486],[109.3475671,74.0872459],[109.3266459,74.0682026],[109.5307555,74.0778588],[109.8760546,74.1869508],[109.9466007,74.2486589],[109.90186,74.2473601],[109.951561,74.2586687],[109.9353036,74.3165679],[109.6634494,74.2840837],[109.4784152,74.3109051],[109.6031988,74.3312099],[109.5776177,74.3445516],[109.6482712,74.3133536],[109.7648668,74.3264823],[109.7878963,74.2988225],[109.7915415,74.3269268],[109.8709846,74.3200546],[110.0513315,74.3721088],[110.0007537,74.3776202],[110.2278597,74.3738835],[110.4210051,74.4356271],[110.3999875,74.5003757],[110.5896957,74.4888766],[110.5620161,74.478288],[110.8547593,74.5302677],[110.8045932,74.5415915],[111.0377476,74.5548824],[110.9855297,74.5162574],[111.1936008,74.6181142],[111.4244321,74.680928],[111.6920282,74.6801897],[111.8042573,74.6491359],[111.9835794,74.7443758],[111.8313304,74.7667937],[111.9923439,74.7595287],[112.034025,74.7803391],[111.9623114,74.7972234],[112.0396564,74.7819628],[112.1440852,74.8535056],[112.1210136,74.8568055],[112.1547015,74.8732288],[112.1380461,74.8851662],[112.8399641,74.9617341],[112.9861667,75.0308291],[112.9557653,75.033695],[113.0565261,75.0451005],[112.9440029,75.0665604],[113.0981791,75.0596014],[113.3502836,75.1600881],[113.3063679,75.1753431],[113.363801,75.1626901],[113.5569325,75.231175],[113.5911998,75.2525749],[113.5349502,75.2551767],[113.6571383,75.2877792],[113.7066425,75.3744247],[113.5234939,75.3889431],[113.740857,75.4082363],[113.7506058,75.4628365],[113.7034682,75.5048478],[113.3665341,75.522774],[113.2914658,75.566939],[113.2904475,75.5888868],[113.3600257,75.5964867],[113.2969975,75.6077333],[113.3346459,75.6337361],[113.2783067,75.6607187],[112.996705,75.6100977],[112.9809923,75.5851249],[113.0386254,75.5695135],[113.0177318,75.5483261],[112.7984156,75.5471917],[112.7786721,75.5751399],[112.8027075,75.6008703],[112.8847654,75.6349775],[112.7558523,75.6813335],[112.8698,75.6880162],[112.8866019,75.7132155],[112.6798508,75.7699206],[112.4873538,75.7701094],[112.483718,75.8216934],[112.3343131,75.8479194],[112.6717365,75.8216713],[113.1636619,75.7020634],[113.1207689,75.6785363],[113.5847445,75.652649],[113.612863,75.6395027],[113.5965394,75.6065606],[113.4006849,75.5527553],[113.560815,75.5358916],[113.7263361,75.6110567],[113.8886018,75.7633061],[113.9242535,75.84456],[113.8487372,75.8863382],[113.9074181,75.9006922],[113.7802283,75.9315644],[113.7921894,75.9062225],[113.758701,75.9034433],[113.8089047,75.8903828],[113.5789486,75.916239],[113.6959734,75.883915],[113.6123226,75.875834],[113.675033,75.8511288],[113.5153202,75.8442137],[113.5725388,75.8208785],[113.4369809,75.8266104],[113.618687,75.8583203],[113.5513605,75.8819687],[113.6030801,75.8947396],[113.5144815,75.908813],[113.6106736,75.9249101],[113.4773373,75.9110673],[113.4542525,75.9185841],[113.497813,75.9312371],[113.3781181,75.942491],[113.5935587,75.9510607],[113.5296139,75.9835071],[113.5541303,76.0197868],[113.4973367,76.0674352],[113.438851,76.0591553],[113.4753641,76.10663],[113.5105591,76.1017935],[113.4781848,76.1514086],[113.3980875,76.2029074],[113.3006705,76.1971962],[113.3448239,76.2042075],[113.2748238,76.2174033],[113.3779673,76.2090096],[113.2850572,76.2546973],[112.9507523,76.2350477],[113.0085991,76.220806],[113.023619,76.1829575],[113.3399453,76.1489397],[113.3044582,76.1462796],[113.3636298,76.1110016],[113.3442622,76.0982573],[113.2784592,76.1469029],[113.1628462,76.1479516],[113.2097558,76.1251172],[113.0873381,76.1476237],[112.9921599,76.1164848],[113.0513536,76.1092582],[113.0578569,76.0803144],[112.7087242,76.0475743],[112.8890445,76.0904728],[112.8423895,76.1076876],[112.8804919,76.1250059],[112.7604943,76.1419764],[112.8114648,76.1447332],[112.7805963,76.180223],[112.5545015,76.1865122],[112.6064586,76.1998387],[112.4781809,76.2292521],[112.7283543,76.2027301],[112.6928703,76.2317372],[112.7344752,76.2499156],[112.7270345,76.2882569],[112.8081206,76.3204756],[112.3367968,76.4455028],[112.0246101,76.3562431],[112.0022892,76.3638148],[112.1709039,76.4251095],[112.1409268,76.438056],[112.2438855,76.4440961],[112.1140174,76.5026016],[111.9777525,76.5175678],[112.0092004,76.5194336],[111.9828538,76.5358503],[112.0025223,76.5494451],[111.7266649,76.5993609],[111.5387671,76.5934982],[111.6306113,76.6160288],[111.5269312,76.6161534],[111.6078228,76.6489974],[111.5356925,76.6516357],[111.6427232,76.6611904],[111.5762848,76.6791048],[111.6648602,76.6744862],[111.1955031,76.6858356],[111.1366186,76.7083124],[111.2390505,76.7415163],[111.0734656,76.7465309],[111.0978173,76.7582731],[110.8594529,76.722784],[111.0225949,76.7254039],[111.0030137,76.7140588],[110.6583853,76.7386042],[110.6917459,76.748766],[110.3338025,76.7317331],[110.3877862,76.7354729],[110.2505862,76.7073066],[110.2944491,76.6940942],[110.0827552,76.6848165],[110.1023518,76.6541806],[110.0061414,76.6581424],[110.069418,76.6640658],[110.040921,76.6889791],[110.0686699,76.6917608],[109.9276459,76.6773558],[109.8883628,76.6824684],[109.9546436,76.6873387],[109.4363657,76.7245351],[109.4674437,76.7283042],[109.4267622,76.7524461],[109.1491239,76.7007732],[109.1334695,76.7206373],[108.5210714,76.6939258],[108.4130143,76.7244303],[108.4674476,76.7090748],[108.2455359,76.687921],[108.3474447,76.736157],[108.4002307,76.7247826],[108.0232288,76.7351715],[107.9521821,76.7227711],[107.9853656,76.6875536],[107.9707572,76.6530888],[108.042794,76.6401083],[107.9921309,76.5710863],[107.7262775,76.5001386],[107.3858578,76.5272933],[106.9198713,76.5040496],[106.8430215,76.4859694],[106.8781955,76.4954198],[106.8715654,76.4547122],[106.7937707,76.4686943],[106.7754915,76.5025474],[106.5034316,76.4865433],[106.4421236,76.5141299],[106.4642099,76.5518136],[106.3988777,76.578752],[106.5583255,76.5972394],[106.6086961,76.5665216],[106.5986505,76.5464014],[106.6588817,76.5443241],[106.787026,76.6117781],[106.7676063,76.6477374],[106.8417799,76.6645873],[106.766472,76.7241425],[106.9329791,76.7133214],[107.0617771,76.7495349],[107.0664688,76.7801629],[107.0394602,76.7788452],[107.077036,76.7979661],[107.2403358,76.7978748],[107.3201073,76.8352984],[107.2093214,76.8405671],[107.3977301,76.8656625],[107.2396206,76.8928679],[107.5311124,76.9141755],[107.3932178,76.9266335],[107.3174119,76.9475203],[107.3582027,76.9643445],[107.315899,76.982306],[107.2205475,76.9929603],[107.3148277,77.0093874],[107.0220446,76.9886333],[106.9872447,76.9950624],[107.0753934,77.0218902],[106.9398281,77.0115231],[106.8958268,77.0227657],[106.9653626,77.0264002],[106.8677761,77.0474217],[106.6814982,77.0190289],[106.8282629,77.0031001],[106.7565986,76.9951205],[106.1931258,77.0565237],[105.9066051,76.9857128],[105.5276304,76.981074],[105.5418878,76.9549804],[105.4467549,76.9858323],[105.4940585,76.992882],[105.4012242,76.9952796],[105.5621375,77.0279223],[105.8131073,77.0239338],[105.7633137,77.0447621],[105.9028109,77.0641012],[105.8855458,77.1034762],[105.9330875,77.1324844],[105.8177364,77.0885008],[105.3987443,77.0667056],[105.2029636,77.090431],[105.0813857,77.0553668],[104.9196312,77.0565723],[104.7820079,77.1058811],[104.7233123,77.0800568],[104.1406398,77.0756685],[104.2533357,77.0953747],[104.1754302,77.1067181],[104.4722402,77.1379867],[104.4450707,77.1487569],[104.5950739,77.1575392],[104.4689297,77.1229596],[104.5276067,77.1163942],[104.6999543,77.159261],[104.9573075,77.1509606],[105.3655825,77.1941266],[105.4286534,77.211373],[105.2684901,77.2044474],[105.6087942,77.2484912],[105.4519415,77.2633742],[105.6253471,77.2745441],[105.8393927,77.3458888],[105.6794578,77.3449385],[105.7950995,77.3640817],[106.1930533,77.3348556],[106.3081242,77.3654052],[106.0377988,77.4050462],[105.9125678,77.462172],[105.9671352,77.4824769],[105.9150793,77.4835655],[105.9575459,77.5030459],[105.880147,77.5430992],[105.9294632,77.5508781],[105.3678073,77.5362517],[104.8491889,77.5986036],[104.8032975,77.6200127],[104.8667692,77.6276465],[104.8153982,77.6396262],[104.839143,77.6675993],[104.7784112,77.677592],[104.3583109,77.6553535],[104.2902729,77.6732303],[104.3556852,77.697748],[104.2777155,77.7204455],[104.0922093,77.7168516],[103.8906068,77.6802229],[103.7781615,77.6354224],[103.8229113,77.6227047],[103.7818071,77.6097195],[103.4461909,77.6051968],[103.3445906,77.6327576],[102.9791718,77.5689775],[103.0381913,77.5514441],[102.656448,77.4930128],[102.3163722,77.3836702],[102.467517,77.4118152],[102.3981091,77.3633075],[102.2429688,77.3482143],[102.3155731,77.3175737],[102.0852029,77.3393851],[101.3943142,77.1090033],[101.280477,77.0487677],[101.3750627,77.0534941],[101.3153266,77.0442303],[101.3590369,77.0374693],[101.3072295,77.0177052],[101.3327081,76.9931178],[101.2725503,76.9533953],[101.2944902,76.9230048],[101.1858524,76.9218838],[101.1794827,76.9594651],[101.0641214,76.9639358],[101.054213,76.9289284],[100.9307127,76.8587167],[101.0814609,76.7507982],[101.2053152,76.7543663],[101.4360379,76.6789946],[101.1833753,76.6801361],[101.1568908,76.6021205],[101.0800728,76.536745],[100.2963,76.4374301],[100.32532,76.4568999],[99.6937799,76.43047],[99.73644,76.4423399],[99.4061189,76.4467301],[98.9733155,76.5017778],[98.86225,76.46715],[99.0309201,76.4018],[99.10302,76.33279],[99.29872,76.3356099],[99.40176,76.29985],[99.40712,76.2714599],[99.61701,76.2600199],[99.61791,76.1980799],[99.73464,76.17435],[99.89637,76.0899199],[99.8596301,76.0549701],[99.44779,76.09497],[99.5879,76.1135899],[99.60343,76.1296099],[99.5709499,76.13922],[99.61609,76.1531599],[99.3537901,76.11875],[99.19089,76.1437199],[99.3809299,76.1917499],[99.3403699,76.20435],[98.7734127,76.2074197],[98.8800701,76.2498899],[98.8309499,76.2563201],[97.95334,76.11642],[98.28647,76.08639],[98.22684,76.0692101],[97.9452801,76.04304],[97.88454,76.04862],[97.9348699,76.0681099],[97.8255501,76.0766899],[97.85254,76.0917899],[97.56205,76.0366699],[97.7819999,76.0311801],[97.87041,75.97024],[97.53479,75.9943999],[97.37279,75.9766299],[97.30999,75.9260201],[97.17335,75.92483],[97.27286,75.95331],[97.18266,75.9856001],[97.4000701,76.0189],[97.3622701,76.0252099],[96.97968,75.9605901],[96.95098,75.92165],[96.8150999,75.8931101],[96.84325,75.8806401],[96.7458201,75.9052],[96.54265,75.8734599],[96.4955501,75.87797],[96.7091101,75.9704999],[96.4496301,75.97509],[96.5637101,76.0051701],[96.4279699,76.0035399],[96.2670801,75.9842601],[96.34933,75.9792999],[96.3137999,75.96265],[96.36365,75.9504601],[96.17386,75.9352301],[96.1230099,75.9626199],[95.9930599,75.93587],[95.7545,75.82735],[95.5973699,75.87651],[95.68236,75.87737],[95.9194,75.9822801],[96.1591841,76.0456098],[96.01054,76.06428],[96.2757899,76.0959199],[95.4566399,76.16275],[95.33625,76.10666],[95.2026801,76.1234899],[95.0742701,76.09049],[94.9481199,76.1159199],[94.9076201,76.15508],[94.74594,76.1597399],[94.54713,76.1479],[94.8104799,76.13844],[94.7747899,76.1259201],[94.82742,76.1086701],[94.6304401,76.11185],[94.69299,76.0773599],[94.47453,76.0655699],[94.50721,76.09373],[94.3990901,76.1071399],[94.42586,76.12998],[94.21462,76.10174],[94.12224,76.1300201],[93.7244701,76.1209101],[93.6931599,76.11194],[94.04675,76.0527],[93.78112,76.04807],[93.73055,76.0737701],[93.4283199,76.0073099],[93.4780199,76.04093],[93.3612534,76.0692298],[93.5075601,76.09783],[93.36423,76.10243],[93.33153,76.0679901],[93.24023,76.06171],[93.29771,76.0481099],[93.2778801,76.03613],[93.1358299,76.0066201],[93.0461801,76.0375599],[93.09718,76.06692],[92.9371201,76.0528799],[92.9885099,76.0355201],[92.9679399,76.00845],[92.9975099,75.9943999],[92.83277,75.9637001],[92.8890901,75.9634701],[92.8977601,75.92874],[92.9440201,75.9152201],[92.8682099,75.8876],[93.1284601,75.8924599],[93.1318001,75.9139099],[92.9429399,75.9231399],[93.28741,75.98376],[93.37811,75.9851701],[93.2806701,75.9360101],[93.5121,75.8702399],[93.56966,75.88441],[93.5033799,75.92007],[93.5841899,75.9456801],[93.6396401,75.9159099],[93.6156499,75.8947701],[93.6843,75.88425],[94.1272801,75.92576],[94.1635001,75.9709301],[94.1981001,75.93756],[93.86143,75.8700099],[93.88533,75.86737],[92.5402,75.78069],[92.46537,75.75218],[92.4978,75.74433],[92.18799,75.74042],[92.06077,75.7038099],[91.99828,75.7254],[91.7764301,75.70342],[91.7572101,75.7104699],[91.8250399,75.7225701],[91.72857,75.73051],[91.6369299,75.6855501],[91.68744,75.66948],[91.66008,75.6470999],[91.7165411,75.6126684],[91.50878,75.6508],[91.2355,75.62658],[91.20259,75.63489],[91.2174699,75.6649],[90.9658601,75.59721],[90.9024099,75.63883],[90.95611,75.6599899],[90.91523,75.6645],[90.689,75.6335299],[90.72277,75.61826],[90.66263,75.59864],[90.2283101,75.5753],[90.19237,75.597],[90.2050801,75.57874],[89.9397119,75.5436746],[90.1409153,75.4963205],[90.0328316,75.5138785],[89.6798917,75.4761604],[89.7728816,75.430314],[89.4115914,75.4302342],[89.4674868,75.4566296],[89.304402,75.4589525],[89.3284798,75.4836348],[89.2838739,75.4935557],[89.4984804,75.5033054],[89.2871897,75.5114502],[89.154981,75.4375245],[88.7400009,75.3954935],[89.015742,75.4132976],[89.0903196,75.3919466],[88.8592828,75.3843557],[88.7551924,75.356328],[88.9005557,75.341141],[88.7397702,75.3534939],[88.5629603,75.2952205],[88.6906167,75.2408471],[88.4989783,75.2807402],[88.2781601,75.2005099],[88.33669,75.1537999],[88.1649801,75.10927],[88.243,75.0924399],[88.1872,75.0359401],[88.2200101,75.0753099],[88.0869599,75.11325],[88.1893401,75.1425699],[87.8979697,75.1059199],[87.1498499,75.14776],[86.9125999,75.1105499],[86.90454,75.08338],[86.953,75.05925],[86.97704,75.0588599],[86.9272799,75.0788501],[87.05586,75.09146],[87.01158,75.08492],[87.3935301,75.02723],[87.8347901,75.0131401],[87.7078301,75.01921],[87.7398,74.9781499],[87.5608768,74.9516922],[87.6657199,74.92105],[87.6236999,74.9087799],[87.607859,74.9359828],[87.40128,74.9465],[87.4771699,74.9742499],[87.42037,75.0026199],[87.1781901,74.9775899],[87.39046,74.9436701],[87.13222,74.8676101],[87.1710701,74.8522801],[87.0764899,74.8541],[87.0313,74.7651399],[87.13725,74.77318],[87.0411199,74.74205],[87.08464,74.71984],[86.8739001,74.7563399],[86.8315699,74.7423101],[86.8810201,74.7325499],[86.7467001,74.7024199],[86.99404,74.6731],[86.86704,74.6449],[86.9778301,74.6001301],[86.8174,74.6286199],[86.70208,74.60941],[86.6822499,74.62274],[86.7440501,74.65554],[86.5754901,74.6610799],[86.6644499,74.6873199],[86.6364301,74.69444],[86.6573301,74.7159801],[86.50309,74.7336599],[86.3502899,74.69683],[86.26351,74.74914],[86.27025,74.77051],[86.38954,74.7543599],[86.40548,74.7778199],[86.2225299,74.82597],[86.1676199,74.7904501],[86.11854,74.80451],[86.12732,74.8340501],[85.9003301,74.8501],[86.1699599,74.77694],[86.07928,74.76516],[86.1027701,74.75207],[86.0388,74.7164299],[85.83845,74.71793],[85.8901901,74.68299],[85.74997,74.6521799],[85.8842101,74.6264899],[85.79045,74.60251],[86.00999,74.6345901],[86.4055199,74.61217],[86.3653899,74.59365],[86.5466901,74.5577999],[86.8298601,74.5631199],[86.57324,74.51161],[86.74224,74.49447],[86.6972401,74.45997],[86.8168899,74.4573701],[86.7653901,74.44076],[86.8105499,74.4295701],[87.08973,74.44411],[87.1243701,74.4694099],[87.1110774,74.4905995],[87.14746,74.47824],[87.1112,74.43263],[87.04272,74.41642],[87.2470199,74.36091],[87.3278,74.36647],[87.3132701,74.39662],[87.40827,74.3839199],[87.38073,74.3647501],[87.41241,74.36026],[87.3122501,74.3540099],[87.03615,74.3931399],[87.0204301,74.3791101],[87.1002601,74.2983801],[86.99714,74.27803],[86.96811,74.28909],[87.03314,74.3119699],[86.97488,74.3302199],[86.9976699,74.3606501],[86.88064,74.33995],[86.9002401,74.32223],[86.8550199,74.30625],[86.69196,74.3169601],[86.9610501,74.36961],[86.9835299,74.41186],[86.78757,74.38476],[86.8007599,74.4105799],[86.62472,74.41463],[86.72234,74.4313699],[86.64638,74.4622999],[86.4415599,74.4789699],[86.3116701,74.4629],[86.31729,74.4396901],[86.06436,74.4312699],[86.28353,74.4128099],[86.35142,74.3517699],[86.3201499,74.3224399],[86.11951,74.4009099],[85.9688199,74.39731],[85.90775,74.35973],[85.9092399,74.33048],[85.96666,74.30458],[86.7307064,74.2279259],[86.79716,74.1736],[86.72485,74.1272901],[86.8900201,74.11046],[86.83093,74.07802],[87.3689999,74.0520201],[86.9397001,74.0301499],[87.02017,74.0224501],[86.9539,74.0192399],[87.1958799,73.9323099],[87.15137,73.93847],[87.21085,73.8651301],[86.7787218,73.8941394],[86.1060079,73.8594458],[85.5621805,73.7973301],[85.4939318,73.7543994],[85.5197216,73.7181521],[85.3932885,73.7047854],[85.1742715,73.6984166],[84.7778301,73.7549592],[83.8463599,73.66818],[83.87288,73.64787],[83.8328801,73.6691301],[83.1844568,73.6370424],[82.3556999,73.64895],[81.64624,73.62241],[81.3364101,73.5705],[81.0706686,73.5813343],[81.106255,73.5720791],[80.8978499,73.53945],[80.74604,73.5680601],[80.52888,73.5544099],[80.5733299,73.52614],[80.5035383,73.504682],[80.57069,73.48833],[80.56637,73.46405],[80.70866,73.5110501],[80.6909201,73.4974801],[80.7188,73.4691599],[80.6459101,73.4570399],[80.6589101,73.41261],[80.77491,73.4333301],[80.52032,73.37913],[80.5699601,73.35726],[80.4389199,73.3569501],[80.35493,73.2907901],[80.6340101,73.25954],[80.7074801,73.2399801],[80.657,73.24016],[80.6841699,73.20725],[80.7478799,73.2019701],[80.32168,73.1655001],[80.3953101,73.1777301],[80.42704,73.16556],[80.3944299,73.15244],[80.6310001,73.1312799],[80.62309,73.0901301],[80.51186,73.08096],[80.7984499,73.03213],[80.8217999,73.01604],[80.80059,72.99815],[80.8817001,72.9473701],[80.8348901,72.7871601],[80.69268,72.7277099],[80.71877,72.6270801],[80.8877399,72.616],[80.8620815,72.6129928],[80.8832501,72.5830401],[80.81609,72.56076],[80.8524701,72.53984],[80.76735,72.50783],[80.84874,72.4768701],[80.8395899,72.4568],[81.23388,72.35529],[81.64976,72.3474601],[82.21665,72.2610999],[82.12318,72.2814499],[82.3511301,72.3114699],[82.24649,72.27459],[82.3578967,72.2022059],[82.3684031,72.1421929],[82.26014,72.1009801],[82.5560457,72.0107432],[82.68003,71.88338],[82.7754701,71.9023399],[83.201,71.87023],[83.41769,71.81855],[83.45748,71.75642],[83.2787999,71.7062101],[82.8806899,71.77085],[82.27028,71.70326],[81.6805753,71.6940788],[81.3698999,71.75027],[81.29101,71.7900201],[81.2790401,71.8370501],[80.68033,72.0483099],[80.7806599,72.0763001],[80.80783,72.0556301],[80.7727699,72.0430701],[80.85262,71.9997101],[80.83006,72.0727699],[79.9590586,72.2022482],[79.55035,72.33786],[78.5212001,72.36634],[78.59756,72.3735901],[78.5471001,72.3786001],[78.45434,72.34777],[78.42923,72.3315899],[78.4746538,72.3040158],[78.6119114,72.2857398],[78.5973324,72.2581196],[78.6578297,72.2449823],[78.5861805,72.2295529],[78.640101,72.2151311],[78.5476758,72.1976267],[78.8924529,72.1306044],[78.8679734,72.1114777],[79.0285886,72.1056082],[78.9917385,72.0930182],[79.0477575,72.0623773],[79.1913467,72.0783337],[79.3865018,72.0533293],[79.371037,72.0319698],[79.7942909,72.0409244],[79.7701152,72.0284417],[79.8714214,72.0205622],[79.8754903,71.9777706],[80.0472029,71.9836475],[80.090225,71.9572832],[80.0666028,71.9473306],[80.2410392,71.9365661],[80.2285104,71.905803],[80.3561768,71.882002],[80.2811944,71.8465655],[80.182614,71.8650339],[80.1637429,71.8355367],[80.0365383,71.8283613],[80.0744161,71.8233272],[80.0395287,71.7995517],[80.1269638,71.7964085],[80.0915218,71.7877637],[80.1482663,71.7574195],[80.0724965,71.7504269],[80.1434433,71.7343271],[80.1077804,71.7206425],[80.1763896,71.6855415],[80.1430051,71.6646372],[80.0183899,71.6551432],[80.0223731,71.6289482],[79.956454,71.6238553],[79.9853523,71.6178423],[79.9707068,71.6036479],[79.823935,71.5806773],[79.3667138,71.6062369],[79.3122961,71.5865909],[79.3716753,71.5283448],[79.3136368,71.4543358],[79.1286896,71.3876359],[79.2202338,71.3074168],[79.433874,71.2961421],[79.9969629,71.1164619],[80.5839824,71.0431888],[80.6387327,70.8330514],[80.7151958,70.8094683],[80.6398752,70.6925377],[80.8217898,70.6313492],[80.7819309,70.6155152],[80.7719476,70.5685098],[80.7147232,70.5676702],[80.757659,70.5429828],[80.7149961,70.5239794],[80.7353886,70.5130778],[80.6361068,70.4886503],[80.7072335,70.4784915],[80.7449006,70.4347048],[80.8894186,70.4366723],[80.7856168,70.4080717],[80.8209368,70.3791847],[80.7400948,70.3762777],[80.6445038,70.3980943],[80.6822757,70.4193841],[80.6176803,70.4539171],[80.2172893,70.4346391],[80.2169419,70.3906013],[80.1093655,70.387333],[80.1242832,70.3424953],[80.0133396,70.3280289],[79.9072513,70.2633327],[79.7550673,70.2757096],[79.7303557,70.2590213],[79.7907498,70.2366569],[79.6662339,70.2328154],[79.6513491,70.1894203],[79.5496354,70.117016],[79.3333721,70.1496505],[79.3580669,70.1073869],[79.3220238,70.0870025],[79.3695044,70.0455579],[79.2206031,70.0601607],[79.2001476,70.0329551],[79.2390845,70.0113943],[79.1165937,69.9971914],[79.1704114,70.0058794],[79.1427601,69.9898709],[79.2032183,69.9728707],[78.9904579,69.8865457],[78.8805286,69.8800997],[79.0448415,69.8346293],[78.9926983,69.810004],[79.1245225,69.7866149],[79.0879411,69.7503329],[79.1665681,69.7412942],[79.0453746,69.6936566],[79.4653861,69.6598877],[79.4513695,69.636525],[79.5100433,69.6270082],[79.4475722,69.6078594],[79.55472,69.5933969],[79.5869784,69.5482837],[79.5690152,69.5327588],[79.6266983,69.5063377],[79.5853251,69.484629],[79.6472585,69.4741845],[79.6169085,69.4565172],[79.7954727,69.4244675],[79.7648814,69.3931932],[79.8698685,69.3665315],[79.8243947,69.3455358],[80.1215318,69.3700754],[80.120282,69.3478961],[80.2366674,69.3659878],[80.5388241,69.3056634],[80.7655187,69.3167865],[80.7922646,69.2715288],[80.9313734,69.2378133],[80.8983286,69.233507],[80.9608669,69.2004272],[81.3350783,69.284426],[81.4379381,69.2482049],[81.5855067,69.2695222],[81.6764598,69.3166102],[81.6112901,69.3326083],[81.6530927,69.367954],[81.6409916,69.413596],[81.7143281,69.4551107],[81.961172,69.3525488],[81.9524601,69.3233234],[81.8052566,69.253679],[81.835159,69.1985977],[82.4661696,69.1520819],[82.4551282,69.1159861],[82.5052096,69.1106179],[82.4734859,69.0803993],[82.314493,69.0498318],[82.4937015,68.9716155],[82.5661883,68.8190596],[82.8006769,68.7591947],[82.870239,68.6844525],[82.8378215,68.6418511],[82.6285153,68.5904134],[82.6209697,68.5477601],[82.7146374,68.4025234],[82.686904,68.3338768],[82.6397229,68.278564],[82.5557129,68.2623095],[82.5310466,68.2047391],[82.5522085,68.1670674],[82.337415,68.1139323],[82.3798248,68.0692271],[82.3647638,68.0238975],[82.3979339,67.9711323],[82.3620374,67.9398936],[81.7675612,67.9475413],[81.7245263,67.8939813],[81.7836169,67.8829408],[81.7737716,67.8614495],[81.8704228,67.7853426],[82.098844,67.7196739],[82.057936,67.68449],[82.105246,67.6779453],[82.0276254,67.644631],[82.113949,67.5963243],[82.2621655,67.5377375],[82.2978881,67.5553768],[82.2902334,67.5331548],[82.3708112,67.5556966],[82.3382394,67.5233891],[82.3968408,67.5257429],[82.4003526,67.5024791],[82.3406097,67.48987],[82.3926462,67.4675026],[82.2894868,67.4623647],[82.3172676,67.4459102],[82.2516321,67.4322492],[82.2909994,67.4189727],[82.2318248,67.409169],[82.3449177,67.356636],[82.2905836,67.3542321],[82.3039943,67.3333239],[82.3667453,67.3195691],[82.2255747,67.2994916],[82.2807966,67.2792697],[82.1973779,67.2839487],[82.211337,67.2487425],[82.1171435,67.2339971],[83.1236805,66.8405982],[83.2772747,66.6667608],[83.3277097,66.658633],[83.0905197,66.5946741],[83.0735483,66.4647689],[83.1160568,66.4038219],[83.25687,66.3757534],[83.542522,66.1836791],[83.3518973,66.119241],[83.3670427,66.082916],[83.2669261,66.0435769],[83.3052086,66.0402927],[83.293915,66.0024536],[83.3674349,65.9564806],[83.5514568,65.9027408],[83.5043842,65.8811589],[83.5312083,65.8484733],[83.4735049,65.8145292],[83.5633949,65.7619789],[83.999658,65.7871807],[84.1514552,65.6947785],[84.3027078,65.6841787],[84.2827373,65.617595],[84.1710534,65.5864304],[84.4216403,65.5474802],[84.5075896,65.4797979],[84.5203543,65.4280426],[84.4854577,65.4087377],[84.5512247,65.3493574],[84.5546567,65.2694707],[84.535386,65.2394706],[84.3917243,65.2076659],[84.2840929,65.1021044],[84.3007653,65.0586919],[84.3324508,65.0892416],[84.3504524,65.0509319],[84.3947378,65.0573003],[84.3609682,64.9948437],[84.3255543,64.9956966],[84.3542876,64.977971],[84.2710315,64.9362104],[84.3818678,64.8992426],[84.4078738,64.9277648],[84.5871941,64.9082202],[84.9212581,64.9541489],[85.032414,64.9151269],[84.9224652,64.8633202],[84.9448632,64.8364238],[85.1317971,64.8270573],[85.1092902,64.800335],[85.1332827,64.763997],[85.364297,64.795039],[85.5296228,64.8525828],[85.7358176,64.8236325],[85.8337133,64.7843345],[85.8193722,64.6799252],[85.9057527,64.5988179],[85.8042869,64.496899],[85.921623,64.4316463],[86.007285,64.2720845],[85.9829656,64.1787613],[85.9313802,64.1273292],[85.9670458,64.0485007],[85.5062126,63.9282714],[85.4812674,63.8700055],[85.3660934,63.8549945],[85.3871769,63.8339951],[85.3262186,63.7995027],[85.3824226,63.770933],[85.3331546,63.7560408],[85.3025406,63.6476491],[85.1801693,63.6102075],[85.1452574,63.5627333],[85.0620472,63.5964485],[85.0233936,63.5822888],[85.0837829,63.566966],[85.0559585,63.5612462],[85.0817146,63.5320658],[85.2212488,63.5229351],[85.2316546,63.495216],[85.2980738,63.5249594],[85.4203302,63.4344675],[85.3742218,63.3934273],[85.4210987,63.364179],[85.6077959,63.3800326],[85.7080545,63.3559954],[85.5678726,63.2836843],[85.5645082,63.2015338],[85.502097,63.1810165],[85.5158889,63.114143],[85.570747,63.0992671],[85.6002181,63.0644378],[85.5729115,63.0604762],[85.6198492,63.0344732],[85.5029622,62.9816261],[85.5396139,62.9402741],[85.5234385,62.9044833],[85.3615748,62.8778923],[85.2176988,62.8017342],[85.1531641,62.7070924],[85.0645007,62.6673282],[85.1001681,62.6316832],[84.8956048,62.5535542],[84.9358403,62.5261776],[84.937841,62.482899],[84.7141077,62.4004964],[84.4408595,62.1956567],[84.4919864,62.0984713],[84.5228858,61.9220435],[84.6779151,61.8081303],[85.0968523,61.7519865],[85.2777984,61.6737218],[85.4065558,61.6871474],[85.4928532,61.6172155],[85.7128388,61.5726147],[85.8425127,61.5939212],[85.9611374,61.5451196],[85.965282,61.4591953],[85.7981925,61.4540985],[85.6407308,61.3670902],[85.700535,61.3163686],[85.696583,61.2838155],[84.6539197,61.0034985],[84.2631099,60.8625176]]],[[[94.5871299,76.3520401],[94.5471701,76.3431],[94.6289001,76.3482],[94.5871299,76.3520401]]],[[[95.08079,76.3594099],[95.1109601,76.3583901],[95.0980501,76.38048],[95.08079,76.3594099]]],[[[96.17154,76.3479301],[96.08902,76.33234],[96.2199699,76.3324801],[96.17154,76.3479301]]],[[[97.03135,76.24188228276903],[96.9601699,76.2557701],[96.7448001,76.1913099],[96.94323,76.28739],[96.98091,76.2605599],[97.1243799,76.2922599],[97.04003,76.31232],[97.0811299,76.32344],[97.0601101,76.33299],[96.9741,76.31374],[96.8559901,76.35057],[96.94721,76.3281599],[96.77243,76.26638],[96.67942,76.18103],[96.7606001,76.16624],[97.0905701,76.22292],[97.03135,76.24188228276903]]],[[[96.42245,76.3418001],[96.3592,76.3354999],[96.6653299,76.3140399],[96.67238,76.2915501],[96.7719699,76.3285701],[96.42245,76.3418001]]],[[[96.8526799,76.3777499],[96.88594,76.37237],[96.81337,76.3888401],[96.8526799,76.3777499]]],[[[113.2007894,76.3511048],[113.4858591,76.3581101],[113.2950208,76.3800374],[113.2728487,76.3971819],[113.333426,76.4116078],[113.2574074,76.4308499],[113.1615923,76.3747221],[113.2007894,76.3511048]]],[[[95.2210399,76.3965399],[95.13024,76.39937],[95.2210399,76.3965399]]],[[[113.1672145,76.4432882],[113.1056394,76.4679164],[113.1672145,76.4432882]]],[[[95.3377601,76.4992401],[95.47,76.53786],[95.3726701,76.5398101],[95.3277448,76.5213057],[95.3377601,76.4992401]]],[[[95.6249,76.52422208361891],[95.6427499,76.5371401],[95.55785,76.53213],[95.6249,76.52422208361891]]],[[[112.7151481,76.3802916],[112.7291849,76.428779],[112.6539274,76.4492479],[112.6637038,76.4264214],[112.6267192,76.4061872],[112.516429,76.3966685],[112.6247658,76.3967219],[112.6449246,76.365983],[112.7151481,76.3802916]]],[[[95.1059799,76.4328],[95.15118,76.4503],[94.9637501,76.40891],[95.1059799,76.4328]]],[[[95.4024,76.42758],[95.44479,76.4333001],[95.3516601,76.43649],[95.4024,76.42758]]],[[[95.3401001,76.46472],[95.3247699,76.44505],[95.4313,76.4556701],[95.3401001,76.46472]]],[[[95.2461401,76.47094],[95.21562,76.4645699],[95.29789,76.4702201],[95.2461401,76.47094]]],[[[94.5277,76.66819],[94.5566,76.67875],[94.41486,76.6693699],[94.4905099,76.65717],[94.4602301,76.64841],[94.5277,76.66819]]],[[[94.21865,76.56747775894803],[93.9385099,76.5714199],[94.4353,76.5483999],[94.21865,76.56747775894803]]],[[[96.4495399,76.5645001],[96.5102599,76.5651999],[96.4495399,76.5645001]]],[[[96.031,76.5627],[95.9973701,76.5347101],[96.0773299,76.5437299],[96.031,76.5627]]],[[[96.1932701,76.5415099],[96.2605,76.5562601],[96.1481499,76.5459201],[96.1932701,76.5415099]]],[[[112.4999,76.43357107371253],[112.6404062,76.4219869],[112.5921921,76.4528041],[112.6170847,76.4798494],[112.5986287,76.498172],[112.7358351,76.5029889],[112.530902,76.5022737],[112.5115373,76.5141786],[112.6044633,76.5384109],[112.5193532,76.5484336],[112.5000916,76.5636783],[112.5276174,76.5734103],[112.4753173,76.6113001],[112.3508385,76.5866006],[112.1574135,76.6150474],[112.180819,76.6193991],[111.9717378,76.5929776],[112.0844547,76.5880419],[111.9716652,76.5798675],[112.0685846,76.5681718],[112.0663117,76.5296634],[112.2859195,76.5254542],[112.4736605,76.4378449],[112.399959,76.4374656],[112.4999,76.43357107371253]]],[[[112.4570803,76.6226008],[112.2678138,76.6365954],[112.3373339,76.5903381],[112.4125893,76.6185042],[112.3636376,76.6225066],[112.4570803,76.6226008]]],[[[111.8292599,76.6027794],[111.8974073,76.6168678],[111.7246225,76.6210018],[111.8292599,76.6027794]]],[[[95.5615,76.5692901],[95.5041901,76.56871],[95.5615,76.5692901]]],[[[95.06024,76.5788401],[95.0155801,76.56335],[95.09703,76.5747201],[95.06024,76.5788401]]],[[[94.37281,76.6368801],[94.32466,76.6189999],[94.5564201,76.61437],[94.37281,76.6368801]]],[[[94.68702,76.6222199],[94.7798999,76.6402299],[94.5867799,76.61929],[94.68702,76.6222199]]],[[[95.96643,76.59467],[96.1689201,76.6024399],[96.2312901,76.5769699],[96.3391499,76.61714],[96.2704299,76.63004],[96.29196,76.6458901],[96.46481,76.6725],[96.19236,76.686258],[96.1104282,76.631215],[95.8963456,76.6285281],[95.9614858,76.6120693],[95.8764514,76.5803178],[95.96643,76.59467]]],[[[95.6251,76.62292493359999],[95.8608599,76.6564699],[95.6939799,76.67209],[95.64321,76.6391299],[95.55141,76.6625699],[95.57363,76.6804899],[95.4259,76.66072],[95.47159,76.6257799],[95.6251,76.62292493359999]]],[[[110.8247864,76.7769468],[110.8443455,76.7827269],[110.7183627,76.771903],[110.8247864,76.7769468]]],[[[97.6382399,76.80907],[97.6760499,76.8145401],[97.6104301,76.8195599],[97.6382399,76.80907]]],[[[97.32297,76.83683],[97.47465,76.8416701],[97.32297,76.83683]]],[[[97.89277,76.75002],[97.9421089,76.7828794],[97.88878,76.7944299],[97.92803,76.8280199],[97.7016199,76.81381],[97.8565,76.7919701],[97.8245501,76.78105],[97.89277,76.75002]]],[[[97.5379542,76.8293494],[97.60525,76.82247],[97.6204699,76.8519099],[97.5074701,76.83726],[97.5379542,76.8293494]]],[[[96.89051,76.86061],[96.8471099,76.8525601],[96.8869099,76.8327701],[96.89051,76.86061]]],[[[95.8604001,76.8566701],[95.7029701,76.8563301],[95.8604001,76.8566701]]],[[[96.81011,76.8549001],[96.7390499,76.8582401],[96.81011,76.8549001]]],[[[108.055793,77.0112857],[107.9632038,76.9955917],[108.1113927,77.0034455],[108.055793,77.0112857]]],[[[88.7455235,77.1097077],[88.7015578,77.060183],[88.8260741,76.9979258],[89.0203803,76.9735534],[89.1817758,76.9935058],[88.8879812,76.9871337],[88.8225697,77.0040857],[88.8987656,77.0023752],[88.8758109,77.0160524],[88.7302506,77.0518573],[88.8565136,77.0367746],[88.9396264,77.0766982],[88.7268027,77.0893616],[88.7671482,77.1119253],[89.0229397,77.1267391],[88.7455235,77.1097077]]],[[[89.9999,77.12395993337157],[89.8871634,77.1223947],[90.0962136,77.0878286],[90.2039532,77.1014844],[89.9999,77.12395993337157]]],[[[89.364819,77.294116],[89.2416923,77.2549414],[89.2031151,77.1930946],[89.2770428,77.1441636],[89.2147662,77.1924355],[89.5207087,77.1591058],[89.7363135,77.2411457],[89.5708634,77.2744157],[89.7638287,77.2656581],[89.5928076,77.299954],[89.364819,77.294116]]],[[[100.16243,77.14679],[100.18414,77.1536599],[100.1095501,77.1526],[100.16243,77.14679]]],[[[105.8540729,77.1980548],[105.9697936,77.2161048],[105.8540729,77.1980548]]],[[[105.5922413,77.2240016],[105.5344775,77.2209718],[105.5922413,77.2240016]]],[[[90.7159893,77.3124556],[90.765194,77.2814687],[90.6769507,77.2864984],[90.7789603,77.2707784],[90.7743352,77.3128045],[90.7159893,77.3124556]]],[[[105.6793437,77.2431483],[105.5987483,77.2278635],[105.6793437,77.2431483]]],[[[105.8489109,77.2384761],[106.0218082,77.2740603],[105.8298962,77.2733835],[105.8489109,77.2384761]]],[[[107.1448236,77.2994267],[107.0952033,77.2968526],[107.1881932,77.2937979],[107.1448236,77.2994267]]],[[[106.0498792,77.283276],[106.0947337,77.3053493],[106.0511081,77.3238798],[105.9865912,77.2955336],[106.0498792,77.283276]]],[[[106.3918254,77.2941503],[106.4876997,77.3101931],[106.3091918,77.3107],[106.3918254,77.2941503]]],[[[95.9474718,76.9301407],[95.8009201,76.9053999],[95.9474718,76.9301407]]],[[[107.9640253,76.9689],[107.9210011,76.9402363],[108.0220125,76.9568708],[107.9640253,76.9689]]],[[[96.0576399,76.95722],[96.0931571,76.9589218],[96.0608799,76.96638],[96.08551,76.98451],[96.0201799,76.95689],[96.0576399,76.95722]]],[[[96.0133899,76.8788001],[96.1963999,76.86552],[96.3664601,76.8973899],[96.1798299,76.9188],[95.8483801,76.8846801],[96.0133899,76.8788001]]],[[[95.6251,76.97282726953905],[95.60367,76.9754399],[96.0322801,76.9974],[95.91319,76.9596399],[95.80375,76.9644199],[95.7183,76.94002],[95.7161001,76.90987],[96.1282499,76.9924399],[96.23267,76.9735201],[96.57745,77.1242999],[96.4894699,77.1774201],[96.4169401,77.17325],[95.2890686,76.9692909],[95.48724,76.97735],[95.3446112,76.982953],[95.4786499,76.99507],[95.44391,77.00885],[95.7373,76.9526],[95.6251,76.97282726953905]]],[[[94.8291914,76.6928215],[94.7121999,76.69078],[94.8291914,76.6928215]]],[[[96.0611701,76.6827801],[96.0884499,76.7074999],[95.97919,76.71878],[95.90138,76.6672599],[96.0611701,76.6827801]]],[[[95.8173801,76.70042],[95.8397499,76.72497],[95.67038,76.7043],[95.8378599,76.68153],[95.8173801,76.70042]]],[[[95.4579301,76.6908299],[95.5176301,76.7014999],[95.4114791,76.7080585],[95.4579301,76.6908299]]],[[[97.4548099,76.6655799],[97.47864,76.70075],[97.45219,76.7150401],[97.38581,76.71132],[97.4496899,76.70074],[97.39814,76.6893401],[97.4213101,76.6802401],[97.3098399,76.68087],[97.4624799,76.64674],[97.3263601,76.58303],[97.6150099,76.58178],[97.48255,76.61181],[97.46241,76.6347],[97.5059301,76.64905],[97.4548099,76.6655799]]],[[[95.32213,76.61082],[95.4131301,76.63247],[95.24557,76.6416699],[95.14848,76.69209],[95.1070999,76.6472],[94.81696,76.6197899],[95.32213,76.61082]]],[[[94.46153,76.70153],[94.5689,76.69886],[94.4122101,76.7291501],[94.46153,76.70153]]],[[[98.0169001,76.72021],[98.06177,76.70753],[98.0169001,76.72021]]],[[[94.9156301,76.73278],[94.8083429,76.738151],[94.9156301,76.73278]]],[[[97.45318,76.72143],[97.5622901,76.7507499],[97.6368099,76.73353],[97.65063,76.7704199],[97.1580601,76.7491799],[97.45318,76.72143]]],[[[82.275137,77.4615945],[82.7271035,77.4760435],[82.3919496,77.5372102],[82.1397654,77.5145727],[82.275137,77.4615945]]],[[[102.1291536,77.3536389],[102.2576952,77.3786325],[102.0595174,77.3545886],[102.1291536,77.3536389]]],[[[106.8749,77.41453989566897],[106.958322,77.4497006],[106.7620897,77.4590673],[106.5316449,77.3702774],[106.7520733,77.3698077],[106.7836981,77.4069408],[106.902463,77.413347],[106.8749,77.41453989566897]]],[[[101.6107658,77.5994007],[101.6595696,77.6108343],[101.511455,77.6044203],[101.6107658,77.5994007]]],[[[101.4061413,77.6050982],[101.5020836,77.6350597],[101.3656382,77.6244906],[101.4061413,77.6050982]]],[[[91.8505015,77.6499925],[91.8640213,77.6177216],[91.9482264,77.597562],[92.0967202,77.6244413],[91.8505015,77.6499925]]],[[[102.5172663,77.4993091],[102.5494879,77.5121854],[102.4750546,77.4963545],[102.5172663,77.4993091]]],[[[101.2499,77.68109938601444],[101.1390476,77.6662816],[101.286238,77.6773667],[101.2499,77.68109938601444]]],[[[104.430801,77.6877714],[104.3593383,77.6832428],[104.4746375,77.687528],[104.430801,77.6877714]]],[[[107.6236083,77.2477496],[107.7312408,77.2640497],[107.6681651,77.2778306],[107.7547033,77.3162251],[107.4120606,77.3379907],[107.3731888,77.3204119],[107.3862663,77.2963506],[107.3188719,77.301175],[107.2998402,77.2692414],[107.4579149,77.2676623],[107.482656,77.2426686],[107.2201312,77.2166357],[107.4645662,77.2137115],[107.6236083,77.2477496]]],[[[107.6691473,77.3465697],[107.6042152,77.3401062],[107.6691473,77.3465697]]]]}},{"type":"Feature","properties":{"name":"Zabaykalsky Krai"},"geometry":{"type":"Polygon","coordinates":[[[115.729696,56.962195],[115.583447,56.876875],[115.6141969,56.7718511],[115.588882,56.716707],[115.4297731,56.6652649],[115.411967,56.606072],[115.6782021,56.571922],[115.6844692,56.497377],[115.804804,56.4316431],[115.787842,56.402931],[115.7214581,56.428679],[115.679365,56.411658],[115.6955761,56.3406311],[115.6698501,56.301913],[115.7637949,56.179059],[115.8295501,56.153975],[115.755071,56.128904],[115.787704,56.083874],[115.74903,56.057195],[115.778615,55.987468],[115.905778,55.925914],[115.836059,55.856267],[115.8303761,55.800087],[115.864979,55.7390431],[115.82985,55.677994],[115.907776,55.6536769],[115.875583,55.6031529],[115.9177251,55.576992],[115.87515,55.537958],[115.8769131,55.496234],[115.961642,55.4432521],[115.9016448,55.4075712],[115.9752687,55.3560241],[116.0756223,55.3814538],[116.1016686,55.3440531],[116.3744433,55.3810715],[116.4238845,55.3190508],[116.4722531,55.3155302],[116.4420252,55.2960501],[116.4726113,55.2294106],[116.6228782,55.1455118],[116.7546518,55.122438],[116.8411684,55.0342638],[116.8069391,54.9858484],[116.8699307,54.9806076],[116.8417268,54.9643574],[116.8908705,54.9464874],[116.8604608,54.9194279],[116.9125788,54.8669234],[116.8920768,54.8122398],[116.9217303,54.7990123],[116.849861,54.7717532],[116.8733427,54.704146],[116.7469713,54.6643589],[116.7488164,54.6153436],[116.7805894,54.6065443],[116.6932977,54.5661959],[116.7238916,54.531354],[116.6470999,54.5048557],[116.5198968,54.517872],[116.5165972,54.4600174],[116.3997349,54.5027021],[116.1759184,54.5114649],[115.9764085,54.4551457],[115.9355684,54.4723535],[115.6030142,54.4143319],[115.5833781,54.3834518],[115.4888131,54.3678737],[115.4930586,54.3089398],[115.1678988,54.194629],[115.145838,54.1189966],[115.0133321,54.0735817],[115.0258443,54.0328049],[114.9904059,54.0301035],[114.9809199,53.9949787],[114.7404103,53.9266967],[114.5778707,53.9162893],[114.5121759,53.8128815],[114.3863187,53.8230129],[114.3063794,53.7567075],[113.984682,53.7228077],[113.9460843,53.7023315],[113.9788551,53.6859849],[113.9745624,53.6474562],[113.9336563,53.663595],[113.7997756,53.6158464],[113.7752179,53.5886839],[113.8581514,53.569812],[113.8832447,53.5219118],[113.8359141,53.4825389],[113.8272263,53.4164959],[113.8746439,53.3625741],[113.9466987,53.3466217],[113.961349,53.3236459],[113.9244017,53.2840098],[113.9486298,53.249534],[114.0516975,53.2483795],[114.0523205,53.2038195],[114.2056863,53.1786826],[114.1906892,53.1274517],[114.1460398,53.1176042],[114.1463827,53.0726307],[114.2689526,53.0906785],[114.2922565,53.0595299],[114.3756035,53.0543628],[114.3068662,53.0309457],[114.3128832,52.9645465],[114.2356416,52.8977418],[114.2236503,52.8633389],[114.2604181,52.8162831],[114.2244186,52.8123552],[114.0784754,52.6623451],[113.7416727,52.5866159],[113.6407808,52.5300991],[113.5907139,52.4488046],[113.5420259,52.4887446],[113.1519611,52.4535939],[112.919223,52.3291307],[112.8756541,52.3519778],[112.8038032,52.3261512],[112.5474429,52.3461359],[112.5151808,52.3211382],[112.511326,52.2488838],[112.3825792,52.2015416],[112.3056295,52.2451574],[112.1937587,52.2508963],[112.1768709,52.3037263],[112.075331,52.2852978],[112.0084135,52.2087079],[111.934638,52.1974414],[111.8946158,52.1189848],[111.7743074,52.0684772],[111.7145587,51.9754807],[111.6153432,51.9572207],[111.4631402,51.8713419],[111.3474375,51.8777184],[111.2870717,51.8388018],[111.0158069,51.7919386],[111.0135597,51.7343967],[110.8416474,51.6751216],[110.8728712,51.6198529],[110.8496498,51.5892032],[110.776953,51.5828656],[110.7063052,51.5148362],[110.5231514,51.5023192],[110.4246129,51.5241226],[110.3939081,51.5878572],[109.9741398,51.6162134],[109.6204229,51.4490959],[109.4205486,51.4316062],[109.3838691,51.3997483],[109.4194016,51.3687145],[109.3936176,51.3534756],[109.3166561,51.3974598],[109.2268827,51.3650618],[109.1191416,51.431997],[109.1248375,51.4629183],[109.061105,51.5178881],[109.0468037,51.4749959],[108.9164964,51.4309692],[108.8507106,51.4587006],[108.7853619,51.4367399],[108.6802912,51.5041399],[108.6252278,51.4914043],[108.6170245,51.4087879],[108.5009966,51.4051092],[108.4614027,51.2953529],[108.3750173,51.2505834],[108.5576198,51.1782269],[108.5628019,51.1205787],[108.4539462,51.0536128],[108.3416151,51.0630702],[108.2610361,50.9100385],[108.2671578,50.8241815],[108.0607297,50.7740424],[108.1819466,50.6498617],[108.2390457,50.6658753],[108.3383367,50.6192866],[108.4075317,50.6226784],[108.5381997,50.5365847],[108.6738273,50.5394965],[108.688688,50.5110312],[108.6179035,50.4533821],[108.4333924,50.4635331],[108.3401428,50.3943104],[108.2070925,50.4122238],[108.1154269,50.3049769],[108.0170462,50.3462299],[107.9674782,50.3214957],[107.9273764,50.231458],[107.7344578,50.1532046],[107.795862,50.0323279],[107.7601282,49.9588619],[107.7942207,49.9331705],[107.8379626,49.961266],[107.8531964,49.9364558],[107.9745,49.937],[107.9192,49.8754],[107.9367,49.8192],[107.9816,49.8028],[107.9485,49.7848],[107.9698,49.7474],[107.9343,49.7114],[107.9471,49.6706],[108.023,49.6734],[108.0275,49.6223],[108.2978,49.5399],[108.3564,49.4279],[108.4258,49.4135],[108.431,49.3721],[108.5175,49.3227],[108.6525,49.3473],[109.0581,49.3232],[109.1946,49.3523],[109.3455,49.3249],[109.5591,49.2208],[109.9026,49.2057],[110.1998,49.1542],[110.3905,49.2515],[110.4762,49.2016],[110.7083,49.1701],[110.9263,49.21],[111.3748,49.3577],[111.5231,49.3232],[111.689,49.3842],[111.9575,49.3823],[112.4741,49.5225],[112.8234,49.5193],[113.0439,49.6082],[113.2061,49.8283],[113.4739242,49.9354483],[113.4888,49.9736],[113.6361,49.991],[113.7427,50.0749],[114.3388,50.2827],[114.4677,50.2335],[114.6535,50.2472],[114.8567,50.217],[115.0075,50.1639],[115.2239,49.9884],[115.5067,49.9071],[115.7453945,49.8871758],[116.0727,50.0137],[116.2355,50.0356],[116.6216,49.9311],[116.7112958,49.8418325],[117.0614,49.6856],[117.2732686,49.6308469],[117.4715657,49.62638],[117.7934272,49.5200369],[117.8366302,49.541897],[117.8681243,49.5083177],[117.8930641,49.595316],[118.0739634,49.6138386],[118.1070427,49.6709917],[118.1655237,49.6589839],[118.2271034,49.7363084],[118.3807633,49.7779227],[118.3783271,49.8259909],[118.4765314,49.8285915],[118.4800205,49.8710553],[118.5669371,49.9300495],[118.9336026,49.9923669],[119.0840802,49.9842595],[119.1751384,50.0411624],[119.1818306,50.087457],[119.2280534,50.0737741],[119.2860746,50.1093519],[119.3526888,50.194526],[119.3098197,50.2163738],[119.3400945,50.2547218],[119.3159735,50.2809158],[119.3791216,50.320407],[119.3473762,50.3585157],[119.1753501,50.3467039],[119.1425077,50.3909882],[119.1760325,50.4220078],[119.2059419,50.409197],[119.2567873,50.4685667],[119.2254567,50.5009018],[119.2885456,50.5737234],[119.2742485,50.6034177],[119.3516678,50.6298853],[119.3735552,50.6799841],[119.4419195,50.6939013],[119.5156066,50.7888221],[119.487871,50.8436267],[119.5225033,50.8641258],[119.5151493,50.9045977],[119.6243999,51.00902],[119.6964476,51.0153475],[119.7088834,51.0720261],[119.7563281,51.0905866],[119.7753119,51.1531897],[119.7519431,51.1635309],[119.7812735,51.1720298],[119.7524792,51.2126993],[119.8151855,51.2141929],[119.8038781,51.2802999],[119.8746028,51.2969212],[119.878295,51.3374814],[119.9395708,51.3608422],[119.9022725,51.3890206],[119.9645534,51.3996351],[119.9953628,51.4535563],[119.9780937,51.504339],[120.044391,51.5512707],[120.0275939,51.5836327],[120.0952844,51.6489856],[120.0803649,51.6783186],[120.1667457,51.6780703],[120.3084534,51.7834757],[120.4698332,51.8514698],[120.4697091,51.8825273],[120.64758,51.9227252],[120.7118393,52.0072354],[120.6816329,52.040886],[120.7457618,52.0782102],[120.7795085,52.1585155],[120.7390554,52.2044505],[120.7516307,52.255407],[120.6310188,52.3121651],[120.6142057,52.3534646],[120.6835667,52.4289413],[120.6804342,52.5105337],[120.7222806,52.5439742],[120.4589993,52.6434643],[120.2820189,52.6221078],[120.1846108,52.5770372],[120.0619671,52.5860533],[120.0267672,52.6354566],[120.0618436,52.7072149],[120.0266437,52.776256],[120.2808237,52.8609827],[120.4369382,53.0023997],[120.6360335,53.1039235],[120.684644,53.1751485],[120.832706,53.238667],[120.8125743,53.2663779],[120.875015,53.2926939],[121.0874565,53.3053061],[121.1217855,53.2752272],[121.2265357,53.279163],[121.3271372,53.3231851],[121.4455627,53.321982],[121.8709863,53.4262629],[122.111783,53.4314965],[121.9743819,53.5549635],[121.9970011,53.5731184],[121.9477159,53.6166647],[121.9731808,53.7037214],[121.9321767,53.729586],[121.9303944,53.8482944],[121.8466794,53.9553903],[121.7746733,53.936379],[121.6563651,54.0204993],[121.6690467,54.0452396],[121.6259915,54.092671],[121.654259,54.1343672],[121.7792095,54.1755842],[121.7129109,54.2224644],[121.7473949,54.2821052],[121.7113607,54.3390417],[121.6558852,54.3578173],[121.6895484,54.4049399],[121.814429,54.4476271],[121.890032,54.4170868],[121.8810636,54.3880488],[121.940807,54.3785898],[122.1261002,54.4114404],[122.144886,54.4480808],[122.0255186,54.54978],[121.9287197,54.5706158],[121.9391697,54.6297667],[121.8889113,54.6554393],[121.9377924,54.7134221],[121.9026223,54.7524083],[121.9077453,54.8107655],[121.7282655,54.7677975],[121.6991142,54.7303696],[121.6403283,54.7647736],[121.6672067,54.8344976],[121.7914752,54.8964199],[121.852999,54.9639026],[121.9596487,55.0005321],[121.9502502,55.0912638],[121.9138763,55.1195226],[122.0352396,55.1990741],[121.9438176,55.2329387],[121.9402849,55.2790886],[121.9852569,55.3125506],[121.9609466,55.3743327],[121.9997279,55.4338744],[121.9911142,55.5072556],[121.9464267,55.5155007],[121.8994965,55.6195188],[121.7715564,55.6328458],[121.6825387,55.6071244],[121.5735462,55.5143724],[121.481649,55.5223578],[121.4739581,55.4906869],[121.3420169,55.5220413],[121.36111,55.6072179],[121.2985572,55.7348656],[121.3436467,55.8112179],[121.2467792,55.8801097],[121.2705908,55.9397307],[121.2035846,56.0411527],[121.0454079,56.0093286],[120.9901248,56.0426423],[120.9591895,56.0166342],[120.88448,56.0298391],[120.7786113,55.9770418],[120.6578889,55.9668892],[120.633166,55.9305672],[120.4759134,55.9299503],[120.4775455,55.8867412],[120.4060826,55.8736732],[120.3409129,55.8818636],[120.347336,55.9199376],[120.238749,55.9354823],[120.1194427,55.866488],[120.1216668,55.9125138],[120.0831886,55.935283],[120.1248222,55.9577984],[120.1304598,56.0236229],[120.0325662,56.108902],[120.036595,56.1559565],[120.1188585,56.1613389],[120.1757997,56.2069243],[120.4847224,56.237848],[120.5355434,56.2874917],[120.3898202,56.3166672],[120.3624907,56.3379774],[120.3906664,56.3634939],[120.2353792,56.4033273],[120.2832031,56.4617133],[120.2501004,56.479057],[119.9461553,56.4942928],[119.9235122,56.550599],[119.7969819,56.5966169],[119.8810635,56.6850659],[119.7793554,56.6960587],[119.7765961,56.7333972],[119.6553908,56.7570258],[119.7010731,56.8264335],[119.8178147,56.8561931],[119.8561397,56.8960791],[119.7813588,56.9872051],[119.666504,56.9907175],[119.5879934,57.0346431],[119.5725678,57.0764545],[119.6069235,57.1351311],[119.6925694,57.1763013],[119.6027533,57.2360378],[119.5384482,57.3513681],[119.4359582,57.3834683],[119.3992793,57.4357657],[119.4185896,57.4632294],[119.3957484,57.4933992],[119.4761454,57.5374653],[119.5021152,57.599544],[119.3263156,57.6166841],[119.2703635,57.5957764],[119.2221365,57.5056742],[119.1412903,57.5549953],[119.1798435,57.5894291],[119.1416636,57.6494758],[119.1686643,57.6585185],[119.1674742,57.7178053],[119.0582167,57.7261666],[119.0388559,57.7690327],[119.1044753,57.8339885],[119.1092328,57.96864],[119.184517,58.0447749],[119.1437905,58.0927146],[119.152198,58.1391066],[119.1926617,58.1593367],[119.0675807,58.2526752],[118.8071189,58.2304178],[118.6714492,58.1796738],[118.5768505,58.232497],[118.4765378,58.2275844],[118.4762527,58.2575913],[118.3878451,58.2894339],[118.2554846,58.3973938],[118.1207728,58.4002295],[118.0813598,58.3655239],[118.0015435,58.4233387],[117.8675812,58.4100569],[117.8275409,58.4373932],[117.7947695,58.4151345],[117.676904,58.4293887],[117.6229797,58.3731957],[117.4715637,58.3256723],[117.5945402,58.1850991],[117.5777719,58.1448091],[117.4501518,58.1752593],[117.4112745,58.1437101],[117.4329761,58.1055051],[117.3961412,58.079276],[117.3825137,57.9412404],[117.4317077,57.9298933],[117.3530566,57.9022871],[117.3460793,57.8644691],[117.1198533,57.8607926],[117.0764071,57.8262882],[117.181607,57.7696678],[117.1371387,57.6495117],[117.3351142,57.6348476],[117.3109842,57.5979581],[117.3424396,57.5593758],[117.2547767,57.5356257],[117.2816687,57.4808124],[117.3393318,57.4669517],[117.3446288,57.364109],[117.3744848,57.3431575],[117.4491153,57.3630088],[117.4164228,57.289608],[117.4490994,57.2601018],[117.5456169,57.2732477],[117.5818586,57.3548033],[117.6296739,57.3227478],[117.7787701,57.3193552],[117.7725208,57.2641206],[117.7209908,57.2092576],[117.5760071,57.1671915],[117.6763793,57.0887558],[117.6574123,57.0522089],[117.6802666,57.0436597],[117.6306253,56.9736096],[117.5476256,56.9546938],[117.5767816,56.9154975],[117.5606922,56.8653045],[117.5000659,56.8948465],[117.4522563,56.8364916],[117.3997418,56.8458178],[117.3206646,56.9651777],[117.1780514,56.8945338],[117.1616978,56.8405132],[117.1178663,56.8190908],[117.0090167,56.8258037],[117.017671,56.7892496],[116.968877,56.8017535],[116.7451141,56.7383293],[116.6961206,56.7805106],[116.6465263,56.7575244],[116.5209884,56.7737561],[116.5063785,56.8032408],[116.3210715,56.8706156],[116.2300022,56.8292347],[116.0799492,56.826329],[116.0172165,56.8796358],[115.729696,56.962195]]]}},{"type":"Feature","properties":{"name":"Sverdlovsk Oblast"},"geometry":{"type":"Polygon","coordinates":[[[64.9270552,56.7724002],[65.1696827,56.7640353],[65.1893703,56.8484801],[65.2172106,56.8447965],[65.2531476,56.9205059],[65.1110065,56.886083],[65.0561954,56.9039161],[65.0740406,56.9465945],[65.0094813,56.9661647],[65.0509864,56.9871836],[65.0005236,57.0208166],[64.9625194,57.156659],[65.0050861,57.2338124],[64.9210293,57.2657793],[64.9402305,57.2986399],[64.8271919,57.2931197],[64.8432771,57.339535],[64.8979293,57.3323716],[64.8592848,57.3636987],[64.8829733,57.3796145],[64.8498631,57.4512827],[64.8996966,57.4545962],[64.9368375,57.555302],[64.9968877,57.569804],[64.8330882,57.6482501],[65.4178218,57.8370108],[65.4601754,57.7640171],[65.5197437,57.7412365],[65.6846334,57.8380845],[65.6341846,57.8592729],[65.6677616,57.898477],[65.7947688,57.8747983],[65.8249863,57.9326348],[65.984069,57.9448616],[66.0261598,57.9930154],[66.1848568,58.0109699],[66.0000584,58.2486931],[65.9504599,58.6145443],[65.6554112,58.658297],[65.3726848,58.8989522],[65.2363033,59.2055752],[65.121715,59.2163355],[65.0718606,59.3118658],[64.4896702,59.3767548],[64.0204659,59.3818567],[63.8743126,59.4613009],[63.8026787,59.8017427],[63.606047,60.1371648],[63.5347814,60.1307332],[63.1808401,60.2244738],[63.2257305,60.2942063],[62.8673828,60.653825],[62.7601557,60.8533213],[62.826001,61.0005295],[62.645589,61.1706512],[62.4835549,61.2609731],[61.8905215,61.4068089],[61.88651,61.4365793],[61.1661384,61.6693264],[60.5146097,61.7356999],[59.9891307,61.7194807],[59.9439109,61.7544427],[59.9742182,61.8820512],[59.5787987,61.9459144],[59.4522427,61.9357452],[59.32803,61.8433483],[59.3259094,61.7833882],[59.4188001,61.7543342],[59.3489066,61.6604122],[59.4110943,61.6085532],[59.4029708,61.5355846],[59.4473845,61.5132203],[59.4003633,61.4648501],[59.4452098,61.4164978],[59.2528983,61.3124832],[59.2848979,61.1714606],[59.3586706,61.0662702],[59.3661735,60.9730977],[59.3908744,60.9429961],[59.4768811,60.9378148],[59.4827308,60.8278822],[59.4265424,60.7500828],[59.4452237,60.7342054],[59.4136413,60.6039983],[59.36186,60.5235232],[59.2448989,60.4704876],[59.1422179,60.3349223],[59.1825286,60.3135347],[59.1474606,60.2195539],[59.0298047,60.0152351],[58.9634273,59.9779653],[58.9887916,59.9076173],[58.839456,59.9319817],[58.8002461,59.8430025],[58.6934489,59.8566101],[58.6023248,59.6934811],[58.4790481,59.7116731],[58.3629353,59.4646404],[58.5249315,59.4350227],[58.6247274,59.2979664],[58.6812162,59.26849],[58.9674527,59.2354482],[59.1967866,59.147133],[59.0929242,59.0004814],[59.2069398,58.9539516],[59.1689005,58.9102868],[59.0800276,58.9060957],[59.1058354,58.7737799],[59.1457511,58.7749933],[59.1535825,58.7175461],[59.4004075,58.7081424],[59.3960599,58.5853431],[59.4536227,58.4780575],[59.3849301,58.429651],[59.2874568,58.419285],[59.2646356,58.3366974],[59.2016751,58.3271038],[59.1862402,58.2785876],[59.1055262,58.2880693],[59.1370631,58.2598423],[58.9246929,58.2810103],[58.8612939,58.2101101],[58.8163058,58.2148509],[58.7628308,58.1414148],[58.6632636,58.1052471],[58.6767175,58.0695219],[58.6504754,58.050005],[58.5867429,58.0415139],[58.6385688,58.0047968],[58.6971193,57.8892048],[58.7442463,57.8926972],[58.728266,57.8520528],[58.8637912,57.8380971],[58.8425723,57.7190573],[58.8037039,57.7260008],[58.5370849,57.5640721],[58.4604523,57.5823577],[58.464563,57.6326928],[58.4284561,57.6606667],[58.4468712,57.6739307],[58.1547224,57.695192],[58.0935536,57.6610088],[58.11622,57.5976051],[58.0303536,57.6114077],[57.9689759,57.4890281],[58.0120262,57.4845369],[57.9404865,57.3164302],[57.979685,57.3129392],[57.9400855,57.2964688],[58.047889,57.2486142],[57.98641,57.2117502],[58.0476516,57.1932164],[58.0321663,57.150674],[58.1243951,57.1426055],[58.039704,57.1142428],[58.0907197,57.1002787],[58.0693694,57.0494121],[57.9650598,57.0400385],[58.0216238,57.0789621],[57.8729885,57.0556947],[57.8237024,57.007068],[57.8265711,56.9624113],[57.7809206,56.9901971],[57.7510408,56.9448785],[57.6942542,56.9575581],[57.6615063,56.9442158],[57.6651464,56.910806],[57.5725251,56.8945961],[57.3672106,56.9557898],[57.2293844,56.8559997],[57.3472612,56.7489354],[57.306575,56.7180611],[57.3350244,56.6871877],[57.4388937,56.6772652],[57.338556,56.6097828],[57.4181668,56.6092324],[57.4181679,56.5804537],[57.312763,56.3905787],[57.4107285,56.3460316],[57.4325038,56.3130922],[57.4102968,56.2613534],[57.5057578,56.1995851],[57.4660323,56.1300955],[57.5100956,56.1000586],[57.5976238,56.0853868],[57.6862416,56.1366225],[57.8607113,56.1487727],[57.9190855,56.105795],[58.1645412,56.1407151],[58.2571304,56.1047805],[58.3490878,56.1215635],[58.3456322,56.0844532],[58.3845276,56.0817762],[58.5581059,56.1732285],[58.6435467,56.1173274],[58.7138684,56.1162008],[58.7326133,56.0808705],[58.8321552,56.0848434],[58.9004971,56.0532241],[59.0385595,56.1277605],[59.0189605,56.1979133],[59.1685212,56.1987135],[59.1983362,56.2710607],[59.1376866,56.333964],[59.2228046,56.3553347],[59.2888398,56.3274828],[59.7140079,56.3235166],[59.6347065,56.2480481],[59.7576391,56.2232356],[59.8637601,56.2603397],[60.2396615,56.1999796],[60.3230252,56.231464],[60.553154,56.2223343],[60.5763638,56.3180841],[60.679792,56.310093],[60.65546,56.2149679],[60.7050046,56.2426955],[61.1035319,56.1814382],[61.185875,56.2082643],[61.091729,56.3192581],[61.1194273,56.3522227],[61.3103794,56.3402609],[61.3142359,56.313502],[61.4440607,56.3532362],[61.5665981,56.2848811],[61.6683574,56.3174216],[61.7345803,56.2867022],[61.7730729,56.2263551],[61.8707436,56.2226794],[61.8369794,56.1778334],[62.0610577,56.1308206],[62.069847,56.2963252],[62.1540197,56.2740726],[62.2677651,56.3396873],[62.2710553,56.419793],[62.5155722,56.5629497],[62.6047823,56.5483174],[62.5833583,56.5320308],[62.6029324,56.4906582],[62.6512859,56.4865196],[62.653279,56.5147842],[62.7247623,56.5077729],[62.742916,56.5583611],[62.8711811,56.5469333],[62.8894901,56.5907254],[63.1244049,56.5641244],[63.1841399,56.5867386],[63.3150704,56.5677826],[63.3582564,56.4910205],[63.4002794,56.6104144],[63.492983,56.6130725],[63.7010563,56.5245049],[63.7467902,56.5374867],[63.7421259,56.5143471],[63.8294186,56.4811034],[64.1788357,56.4606847],[64.2214683,56.5379528],[64.168891,56.5587436],[64.1839354,56.5875804],[64.3430562,56.6442763],[64.350427,56.6825602],[64.2957138,56.699422],[64.3283442,56.7161037],[64.2916007,56.7280165],[64.3278988,56.7565425],[64.4938621,56.7455841],[64.5491167,56.8035419],[64.766064,56.8126259],[64.8305079,56.8422967],[64.9270552,56.7724002]]]}},{"type":"Feature","properties":{"name":"Volgograd Oblast"},"geometry":{"type":"Polygon","coordinates":[[[42.880894,51.2330252],[42.7083918,51.2476078],[42.5530006,51.1447353],[42.1747429,51.1358761],[41.9280966,51.1941254],[41.8200002,51.1184102],[41.7743804,51.016145],[41.4710783,50.949908],[41.4283371,50.915927],[41.4205342,50.832276],[41.1681048,50.7745133],[41.3466781,50.711609],[41.447823,50.6062207],[41.5173405,50.6089733],[41.5390969,50.5743815],[41.420479,50.4988927],[41.5221765,50.362572],[41.3821541,50.2272099],[41.4937672,50.0812206],[41.6108025,50.0415156],[41.5764831,49.9923995],[41.6173673,49.9595742],[41.8777304,49.9072679],[42.184355,49.6756661],[42.0370757,49.4069491],[42.0299979,49.3422033],[42.0780869,49.3409717],[42.0713495,49.3117875],[42.1015714,49.3170763],[42.0756608,49.2867036],[42.10642,49.2722912],[42.0680837,49.2672568],[42.0468605,49.2130563],[42.0987032,49.1953827],[42.0211122,49.1338348],[42.3398042,49.1392641],[42.3827295,49.1066787],[42.3871975,49.062182],[42.350433,49.0504011],[42.3880479,49.0087408],[42.5003682,49.0101486],[42.6524652,48.9536505],[42.6825672,48.9359059],[42.6814906,48.8751371],[42.7478074,48.8225286],[42.7450683,48.7742559],[42.6579632,48.700576],[42.7044874,48.5867117],[42.4605396,48.5054879],[42.2773043,48.5065781],[42.085691,48.4157058],[42.1810062,48.2769155],[42.0627925,48.2656478],[42.1290502,48.1408977],[42.0316103,48.1061603],[42.0177289,48.0245737],[42.1586034,48.0054012],[42.3678119,48.0504959],[42.3916202,48.0093299],[42.5252017,48.0186445],[42.6296098,47.9088362],[42.7201735,47.8758699],[42.7590732,47.7611723],[42.846395,47.6717268],[42.9249903,47.5073557],[42.9965827,47.5079175],[43.0498527,47.5536174],[43.1643564,47.5536636],[43.1522039,47.4679565],[43.1946114,47.4561574],[43.5871695,47.4857088],[43.6866747,47.4501552],[43.7140599,47.4687332],[43.6675966,47.5488881],[43.7168348,47.7190015],[43.9458313,47.7530959],[44.0825899,47.8994351],[44.3590569,47.8516498],[44.3920118,47.8894828],[44.4238565,48.0423628],[44.3251324,48.0413284],[44.3264088,48.2387968],[44.381122,48.2504495],[44.4357669,48.2062304],[44.5441569,48.1880732],[44.5410605,48.0504868],[44.6489871,48.0538463],[44.6630614,48.0863317],[44.8097674,48.0506324],[44.9256618,48.1202484],[44.9374737,48.1947321],[44.9097483,48.2193895],[44.9835538,48.2930857],[44.9917608,48.3592003],[45.0258532,48.3576554],[45.0146846,48.4249014],[45.0529459,48.4267088],[45.0640547,48.4621521],[45.1902189,48.4693282],[45.1744359,48.5121572],[45.213009,48.5140683],[45.2001019,48.4858714],[45.3368923,48.4313755],[45.4175708,48.4925548],[45.3243562,48.4831821],[45.3130819,48.520531],[45.2307547,48.5134418],[45.2006881,48.5350354],[45.2157174,48.5560841],[45.3027318,48.5731471],[45.3616755,48.5490326],[45.4353604,48.5904309],[45.5070842,48.5749762],[45.7396193,48.6516287],[45.8788327,48.7283501],[45.9454252,48.8431042],[46.0383535,48.8635655],[46.3242895,48.8373877],[46.3082005,48.8212387],[46.6216739,48.6680657],[46.7791649,48.9514137],[46.8925747,48.9821145],[47.0286778,49.0892954],[47.0511394,49.1655918],[46.9961212,49.2323819],[46.7820865,49.3398271],[46.9024721,49.8638515],[47.1823601,49.9350266],[47.3526454,50.0940359],[47.2572963,50.1917514],[47.3349741,50.2380145],[47.3001348,50.3033031],[47.4066832,50.3363732],[47.4314503,50.3779161],[47.2352115,50.3711872],[47.2056141,50.5092213],[46.9124195,50.4896723],[46.9166558,50.5230002],[46.8707692,50.5237475],[46.8707675,50.5772154],[46.7991243,50.5784593],[46.8572047,50.6418282],[46.7421044,50.6587099],[46.7184913,50.7114924],[46.6256976,50.6809432],[46.5833876,50.7122882],[46.5684964,50.6148387],[46.5382855,50.6444355],[46.4583596,50.6171552],[46.4481778,50.5684468],[46.484214,50.5471055],[46.2779063,50.5728619],[46.278413,50.5276966],[46.0614602,50.5261663],[46.0931558,50.6648678],[45.8422659,50.7561782],[45.7156323,50.737716],[45.6786011,50.6670254],[45.6986283,50.5782803],[45.5663538,50.5895989],[45.5362487,50.5508805],[45.4896963,50.6048677],[45.4051208,50.6133376],[45.3863668,50.589885],[45.1933551,50.5851985],[45.2313137,50.6980071],[45.1851797,50.7103345],[45.2760313,50.7213515],[45.3257703,50.8623109],[45.3035617,50.9139789],[45.2238344,50.9353715],[45.2578287,50.9340212],[45.2041053,50.9684815],[45.221014,51.0403416],[45.0839424,51.077214],[45.0684901,51.1191861],[44.9930715,51.1456376],[44.9426442,51.1081531],[44.8991943,51.1154692],[44.8966475,51.1628857],[44.8651863,51.1712131],[44.7891515,51.1485439],[44.643812,51.1782937],[44.6140687,51.1619541],[44.6272055,51.1260496],[44.5928701,51.119465],[44.4774146,51.2113678],[44.3453734,51.1743262],[44.2240307,51.1987125],[44.1849781,51.093224],[44.1178719,51.1251308],[44.0184994,51.0722178],[44.0184589,51.159168],[43.9225897,51.1617195],[43.8651659,51.1041573],[43.6677043,51.1187134],[43.6926614,51.0988814],[43.6627401,51.0555452],[43.5617035,51.0606322],[43.358549,50.9987129],[43.1947412,51.1106332],[42.880894,51.2330252]]]}},{"type":"Feature","properties":{"name":"Irkutsk Oblast"},"geometry":{"type":"Polygon","coordinates":[[[96.6883296,53.6463366],[96.7306595,53.7234753],[96.8939927,53.7281579],[97.1263292,53.6148199],[97.3290677,53.5888358],[97.454332,53.4562991],[97.6027589,53.4258947],[97.5998617,53.3704369],[97.9819268,53.3483175],[97.9584054,53.3032955],[98.0046013,53.2483625],[98.1888531,53.2474143],[98.2396738,53.2080209],[98.2970746,53.2272826],[98.3203778,53.210951],[98.3035575,53.0963526],[98.637103,53.1012221],[98.6792441,53.1575664],[98.8923431,53.1173161],[98.9174094,53.1552266],[99.0620622,53.1037255],[98.999776,53.0274058],[99.230053,52.9632515],[99.3697252,53.0340829],[99.3715868,53.1014865],[99.5328162,53.1058791],[99.8421393,53.1974419],[99.8719709,53.2295091],[99.843879,53.2687419],[99.8695735,53.3117752],[100.0114397,53.3281753],[100.0949085,53.304467],[100.141975,53.3513102],[100.2650613,53.3729184],[100.2919471,53.317783],[100.4262747,53.2390816],[100.3827189,53.2082469],[100.4058244,53.1941116],[100.3366946,53.1612823],[100.3706696,53.1553664],[100.3855797,53.0964452],[100.5393218,53.0355765],[100.5995453,52.9505878],[100.8133361,52.8651252],[100.9098849,52.783209],[101.0811491,52.7601086],[101.2889627,52.6451622],[101.4160947,52.6316972],[101.4685131,52.5589552],[101.6805289,52.4747466],[101.6859559,52.4052766],[101.9629675,52.3153093],[101.9003106,52.2868472],[101.9271946,52.2207768],[102.0583586,52.2154869],[102.0837778,52.2580548],[102.155969,52.2838154],[102.3018793,52.2302577],[102.3922343,52.2697088],[102.4502061,52.2322554],[102.5652707,52.2212645],[102.5816372,52.1455041],[102.7621382,51.9959414],[102.8548966,51.9713536],[102.9175093,51.9087871],[103.0650554,51.8986981],[103.1113353,51.8705335],[103.0767822,51.855007],[103.2253621,51.8061393],[103.1784425,51.7224046],[103.2329458,51.6657776],[103.1815787,51.6174079],[103.2364602,51.5819664],[103.2163143,51.5546153],[103.2422138,51.5038817],[103.3162589,51.4876422],[103.3617366,51.4347623],[103.3898196,51.4706986],[103.4295091,51.4546428],[103.5877475,51.4909818],[103.8014104,51.4347791],[103.8100842,51.1303389],[103.9180648,51.1510321],[104.0011687,51.2196108],[104.1175006,51.2220912],[104.1514937,51.2437353],[104.1357684,51.263386],[104.1957731,51.2832539],[104.3594791,51.2771465],[104.486654,51.3220621],[104.5908167,51.2868459],[104.6715205,51.3381804],[104.6647248,51.4063626],[104.6294254,51.4132919],[104.5931133,51.6280194],[105.2524816,51.7357303],[105.5832092,51.8451661],[105.8080234,51.9847841],[106.173292,52.3624929],[107.0015838,52.7175343],[108.0126551,53.2337174],[108.3734179,53.7640523],[109.0001107,54.3338993],[109.0677273,54.4259063],[108.6317359,54.5452408],[108.5457945,54.5439336],[108.6335754,54.5859347],[108.637199,54.6406087],[108.7119115,54.6670069],[108.7118138,54.8780096],[108.7611575,54.9328784],[108.6954473,54.9793791],[108.6847698,55.0604452],[108.7960942,55.1663809],[108.7846534,55.2317873],[108.6536455,55.2990589],[108.6729902,55.4030539],[108.6052024,55.4382924],[108.6403024,55.4899531],[108.7032057,55.4991174],[108.681444,55.6048901],[108.7736327,55.610176],[108.7913332,55.6389514],[108.809454,55.7159828],[108.7819906,55.7583753],[108.8238309,55.8483889],[108.9706153,55.939102],[108.9980477,55.9127241],[109.0454416,55.9330364],[109.2019606,55.9070097],[109.2664749,55.9611383],[109.2401706,56.0186427],[109.1716454,55.9853334],[108.9875929,56.0063941],[108.9451877,56.0344319],[108.9525402,56.0669492],[108.8876781,56.0904067],[108.9240014,56.1287833],[108.8164574,56.228465],[108.6517219,56.2410557],[108.5507492,56.3270219],[108.7402412,56.5049699],[108.6719885,56.5667925],[108.9048904,56.5806907],[109.000527,56.6453428],[109.0597562,56.6110029],[109.0837894,56.6632344],[109.1432804,56.6796089],[109.2349246,56.6508271],[109.4245019,56.7380206],[109.745388,56.7009457],[109.8919518,56.7934796],[109.8460462,56.8463764],[109.9151505,56.9259883],[109.9587101,56.9201416],[109.9691414,56.9675661],[110.0836637,56.987392],[110.21357,56.9296433],[110.3661124,56.9442025],[110.3889094,56.9094134],[110.4912409,56.9051583],[110.496329,56.8581679],[110.5794444,56.8343807],[110.7582583,56.8874726],[110.8401091,56.8405936],[110.9821359,56.8743779],[111.0824053,56.8173461],[111.1596972,56.8213343],[111.2429984,56.8924268],[111.3422114,56.8958106],[111.3681019,56.9314112],[111.3353123,56.9709968],[111.530872,57.1312872],[111.6091457,57.1022056],[111.6141561,57.0123869],[111.7510838,56.962435],[111.7912442,56.9095686],[111.8759332,56.9514649],[112.0821175,56.9561085],[112.211852,56.8585335],[112.4045989,56.8574082],[112.5723449,56.9570422],[112.6798162,56.9651947],[112.7380885,56.948062],[112.6780441,56.8694756],[112.7212557,56.773061],[112.8737511,56.7229881],[112.8677663,56.6857696],[113.07098,56.6841409],[113.1529419,56.6399933],[113.2221481,56.657839],[113.365097,56.62602],[113.485797,56.689719],[113.6824871,56.618808],[113.7905902,56.611957],[113.810598,56.5369501],[113.8580009,56.5186719],[113.9571471,56.535783],[113.9995989,56.560865],[113.967375,56.571518],[113.9940551,56.590393],[114.089179,56.603953],[114.152403,56.697129],[114.3817871,56.676311],[114.42252,56.643219],[114.504496,56.669848],[114.497895,56.703697],[114.610638,56.6736329],[114.644104,56.696952],[114.7681111,56.68749],[114.83986,56.7616291],[114.828973,56.816877],[114.931102,56.8772179],[114.915766,56.914029],[115.084113,56.982035],[114.987615,57.0340239],[115.0488661,57.058564],[115.059857,57.108071],[115.657883,57.120978],[115.845004,57.248274],[116.1538591,57.2304171],[116.2519059,57.138849],[116.2151181,57.107988],[116.112124,57.101836],[116.0551961,57.05126],[115.729589,56.963983],[116.0172165,56.8796358],[116.0775212,56.8269003],[116.2300022,56.8292347],[116.3210715,56.8706156],[116.5063785,56.8032408],[116.5209884,56.7737561],[116.6465263,56.7575244],[116.6961206,56.7805106],[116.7528264,56.7381293],[116.968877,56.8017535],[117.017671,56.7892496],[117.0090167,56.8258037],[117.1178663,56.8190908],[117.1616978,56.8405132],[117.1780514,56.8945338],[117.3222928,56.9652348],[117.3474493,56.8919909],[117.451228,56.8362916],[117.5000659,56.8948465],[117.5699827,56.8702673],[117.5476256,56.9546938],[117.6306253,56.9736096],[117.6790847,57.0292653],[117.6569554,57.0582358],[117.6767791,57.0882416],[117.5763214,57.1676771],[117.7209908,57.2092576],[117.7725208,57.2641206],[117.7787701,57.3193552],[117.6296739,57.3227478],[117.5818586,57.3548033],[117.5456169,57.2732477],[117.4490994,57.2601018],[117.4164228,57.289608],[117.4491153,57.3630088],[117.3744848,57.3431575],[117.3446288,57.364109],[117.3393318,57.4669517],[117.2816687,57.4808124],[117.2547767,57.5356257],[117.3424396,57.5593758],[117.3109842,57.5979581],[117.3351142,57.6348476],[117.1371387,57.6495117],[117.181607,57.7696678],[117.0764071,57.8262882],[117.1198533,57.8607926],[117.3460793,57.8644691],[117.3530566,57.9022871],[117.4317077,57.9298933],[117.3825137,57.9412404],[117.3961412,58.079276],[117.4329761,58.1055051],[117.4112745,58.1437101],[117.4501518,58.1752593],[117.5777719,58.1448091],[117.5945402,58.1850991],[117.4715637,58.3256723],[117.6229797,58.3731957],[117.6785893,58.4295601],[118.0015435,58.4233387],[118.0813598,58.3655239],[118.1207728,58.4002295],[118.2543706,58.3976795],[118.3878451,58.2894339],[118.4762527,58.2575913],[118.4765378,58.2275844],[118.5768505,58.232497],[118.679226,58.1787382],[118.8071189,58.2304178],[119.116842,58.238128],[119.1384161,58.2978063],[119.0619827,58.367919],[119.131251,58.4878888],[119.1204408,58.516282],[118.7549627,58.629187],[118.8274212,58.6642724],[118.8732597,58.8266341],[118.7496507,58.9214916],[118.7636341,58.9502145],[118.8725227,58.9648693],[118.8412804,59.0364817],[118.6962724,59.0575583],[118.7113721,59.1177355],[118.6696578,59.1834792],[118.8369158,59.3155399],[118.7488005,59.3451284],[118.7556238,59.432309],[118.3884257,59.5134592],[118.3407734,59.6223421],[118.2481347,59.6518351],[118.0516807,59.6422111],[118.0312901,59.5754354],[117.9386726,59.5400704],[117.970239,59.4989888],[117.9125613,59.4507162],[117.8244009,59.4460152],[117.7740065,59.5658413],[117.6473509,59.5416627],[117.5696941,59.4775489],[117.4520132,59.5249784],[117.2493402,59.5132266],[117.1932477,59.5827051],[117.1120637,59.6098122],[117.2055437,59.6814042],[117.1750991,59.7174368],[117.2275869,59.7483547],[117.2255541,59.8728018],[117.098245,59.8684526],[117.0072735,59.9191838],[117.0774726,59.9726283],[117.3471902,60.0242052],[117.2641057,60.0574232],[117.1300368,60.0275603],[116.9901594,60.0478075],[117.0119242,60.1029273],[116.9308198,60.1530137],[116.9346158,60.199035],[116.7780491,60.2438563],[116.7592768,60.2795897],[116.6098482,60.2930363],[116.625305,60.3461047],[116.5940343,60.3820676],[116.1839,60.3940963],[116.1670053,60.4296026],[116.084679,60.4561748],[115.9193552,60.4529691],[115.9029174,60.4925227],[115.8611077,60.4975325],[115.8767653,60.5225615],[115.768749,60.5174549],[115.7311958,60.5483862],[115.212785,60.4901711],[115.2131361,60.4610997],[115.0960249,60.4132319],[115.1452071,60.3659855],[115.0234751,60.2360972],[114.9062359,60.1847784],[114.695123,60.1900047],[114.5650874,60.1309259],[114.4909235,60.0361883],[114.5594091,60.0225937],[114.5733761,59.9890864],[114.3195672,59.9068922],[114.1503212,59.7455563],[114.0763824,59.7610075],[113.7954312,59.6276484],[113.5913,59.5947577],[113.6275461,59.5608199],[113.6145012,59.515156],[113.4313761,59.4023103],[113.4320364,59.3787401],[113.5321061,59.3514632],[113.4613726,59.3104515],[113.4861263,59.2824947],[113.4652121,59.265593],[113.3275698,59.2180523],[113.3327009,59.1910335],[113.2775565,59.158104],[113.192478,59.1880677],[113.1096063,59.1508008],[113.0621105,59.1685785],[112.8051384,59.1269959],[112.7508424,59.094411],[112.7400934,59.0495348],[112.6081831,59.0483807],[112.6056539,59.1078245],[112.5117912,59.0543913],[112.5992058,58.9923008],[112.5911547,58.9454726],[112.5197365,58.8907363],[112.4415387,58.9181291],[112.4616345,58.9953348],[112.435053,59.0125049],[112.4606487,59.0291567],[112.4353112,59.0568629],[112.4684843,59.0847079],[112.4452293,59.1502866],[112.5041425,59.2374806],[112.6289658,59.2707449],[112.6514612,59.313623],[112.5219748,59.3482218],[112.2726105,59.3023949],[112.3229401,59.3356398],[112.2754425,59.373139],[112.3408989,59.427002],[112.2736811,59.5315037],[111.9604546,59.3412895],[111.9766615,59.3166932],[111.9440956,59.2789783],[111.7826566,59.2975994],[111.6498208,59.2238485],[111.4511492,59.2923534],[111.2991212,59.278318],[111.2674075,59.2572169],[111.2872014,59.2453567],[111.1894298,59.2013948],[111.1196919,59.2178718],[111.0936408,59.2560282],[110.9830644,59.216713],[110.8592426,59.2720938],[110.7205423,59.2809018],[110.5486032,59.183345],[110.6036144,59.1403731],[110.5292659,59.1198154],[110.5413251,59.0920328],[110.4921124,59.0477697],[110.3791772,59.0525778],[110.2630967,58.9910477],[110.1582477,58.9809337],[109.9828874,59.0249707],[109.821884,58.988769],[109.7273889,59.0905523],[109.6426561,59.060777],[109.6132907,59.1026994],[109.6304006,59.1642605],[109.5053523,59.1965064],[109.5365043,59.235458],[109.4781696,59.2536041],[109.5062846,59.3080756],[109.2460154,59.3320597],[109.2747276,59.3514955],[109.2403945,59.3908631],[109.3519569,59.4314386],[109.2522713,59.4669061],[109.543439,59.6672949],[109.4830579,59.6897205],[109.474766,59.7676334],[109.5633238,59.8442394],[109.6625964,59.8760335],[109.6171606,59.9339753],[109.6690013,59.9401187],[109.6822766,59.9946195],[109.7600338,60.0343028],[109.6918527,60.078165],[109.7262008,60.2411465],[109.8152463,60.273757],[109.8013985,60.3355477],[109.8827602,60.3570931],[109.8441936,60.3868876],[109.9487785,60.4168899],[109.907127,60.4613952],[109.9496693,60.5048639],[110.0404143,60.5482924],[110.0455316,60.584161],[110.1381722,60.59693],[110.1332929,60.6430618],[110.0567965,60.6832794],[110.288624,60.7019808],[110.2749619,60.7681114],[110.2997941,60.7821297],[110.2562131,60.8243799],[110.2703207,60.8581684],[110.4831672,61.0006806],[110.484787,61.049727],[110.5487855,61.1002681],[110.5201114,61.1817542],[110.4193465,61.2095273],[110.226559,61.1669479],[110.1370377,61.2239439],[110.111251,61.2778856],[109.7600024,61.33212],[109.859936,61.4485224],[109.8089111,61.4778834],[109.87049,61.5493511],[109.7484915,61.6556863],[109.6955869,61.6574557],[109.7307101,61.6991426],[109.600187,61.745473],[109.619117,61.7996812],[109.570691,61.8053495],[109.6121566,61.8579135],[109.5753091,61.914704],[109.7254378,61.9766094],[109.7204592,61.9991484],[109.779176,62.0113597],[109.7623396,62.0252821],[109.815796,62.0227569],[109.8886454,62.096721],[109.860159,62.1096],[109.9893492,62.1648944],[110.0021183,62.1914721],[109.9182355,62.261407],[109.9964925,62.3126845],[109.926339,62.3335937],[109.9515548,62.3621577],[109.8856997,62.3722247],[109.9271152,62.4160405],[109.9109303,62.4370209],[109.5533249,62.455069],[109.4451822,62.4248408],[109.4308538,62.4735911],[109.3376353,62.493533],[109.2519161,62.5767505],[109.254805,62.5987245],[109.3906141,62.6122463],[109.3819866,62.6693551],[109.4796654,62.6908269],[109.4633962,62.749394],[109.5079875,62.7950143],[109.6824862,62.8432561],[109.6284782,62.8779387],[109.6393201,62.8986981],[109.5268037,62.9181226],[109.4839794,62.9707006],[109.5342933,63.0147839],[109.4693187,63.0229813],[109.5153714,63.0269882],[109.4696968,63.0578807],[109.5155995,63.1087016],[109.4574604,63.1097713],[109.4969283,63.1407585],[109.4437395,63.1831163],[109.4456572,63.2273038],[109.4797237,63.2352731],[109.4158702,63.2799732],[109.4293702,63.3126237],[109.4044857,63.3314751],[109.4296892,63.3403699],[109.4065651,63.3768885],[109.2859717,63.3724781],[109.3206838,63.3962274],[109.2666703,63.4556518],[109.1773152,63.496168],[109.1749198,63.5416645],[109.0812381,63.5770651],[108.876039,63.5787823],[108.5263565,63.6366007],[108.1358814,63.6077474],[108.124333,63.6581465],[108.225335,63.6689439],[108.2993152,63.7160506],[108.3063245,63.8470931],[108.3881979,63.8628449],[108.4964657,63.8223502],[108.6171787,63.8477251],[108.6768303,63.8219095],[108.8026384,63.8707195],[108.7106012,63.9321329],[108.7624713,64.0166205],[108.5199715,64.1370459],[108.5973524,64.193456],[108.5197817,64.2117512],[108.5831163,64.2551979],[108.515409,64.2664703],[108.5028273,64.3062912],[108.41808,64.3205371],[108.3640561,64.2650418],[108.1892933,64.2842894],[108.087151,64.2489337],[108.2144173,64.2558072],[108.292582,64.2146718],[108.2999663,64.153006],[108.3886623,64.0577347],[108.3239018,64.0151998],[107.9063559,63.9975622],[107.7640362,64.0212527],[107.6312152,63.9813695],[107.6028529,63.9425006],[107.6277925,63.9319527],[107.5656377,63.8973694],[107.4730966,63.9273709],[107.418987,63.894609],[107.3447389,63.9062244],[107.3771318,63.9368173],[107.2852552,63.9805806],[107.2013258,63.9844321],[107.0434927,63.9265264],[106.9757043,63.9712385],[106.6643678,64.0443168],[106.6059299,63.9846504],[106.7303507,63.9350062],[106.7118728,63.9130782],[106.7898329,63.8709866],[106.6970837,63.8245436],[106.6024689,63.723201],[106.6889888,63.6613333],[106.5833996,63.5989422],[106.5982404,63.5616078],[106.4688484,63.5472564],[106.5788569,63.5025641],[106.5928456,63.4554414],[106.6484299,63.4229252],[106.7370361,63.3977672],[106.6209015,63.3167631],[106.4171696,63.3574097],[106.4187177,63.3244407],[106.3544442,63.3001875],[106.3751355,63.2746953],[106.3445128,63.2456562],[106.4387936,63.2159362],[106.39432,63.185919],[106.3968078,63.1256862],[106.1114102,63.0887259],[106.170084,63.0068507],[106.1378971,62.9760818],[106.1973798,62.9601887],[106.1865836,62.9229535],[106.4359679,62.8634954],[106.4466444,62.8143994],[106.5125177,62.7911156],[106.511374,62.7301795],[106.4695324,62.6988509],[106.7964344,62.623216],[106.7151988,62.6077844],[106.6699431,62.5616541],[106.7544934,62.4960641],[106.628803,62.4635588],[106.5465697,62.3963205],[106.4300619,62.3953089],[106.4832393,62.3397625],[106.3469423,62.2811902],[106.4648443,62.2597464],[106.4255802,62.1621104],[106.3877295,62.1452732],[106.4122011,62.0984674],[106.3956997,62.0426935],[106.2757594,62.0237816],[105.8982699,61.8453467],[105.9799111,61.690511],[105.8967763,61.6865674],[105.8133586,61.6298231],[105.6684115,61.6552517],[105.5808294,61.6199039],[105.5848897,61.5904927],[105.3632474,61.5422131],[105.2579582,61.4642477],[105.291461,61.4501067],[105.2811765,61.4239409],[105.0083508,61.412949],[104.778086,61.3485767],[104.950299,61.3160542],[104.939594,61.2941971],[104.9903348,61.2730104],[105.0444769,61.1776932],[104.8525533,61.1917539],[104.6948328,61.0879242],[104.6250397,61.0785441],[104.6101483,61.0532038],[104.6433982,61.0377366],[104.5763469,60.9460945],[104.6339518,60.905524],[104.4595219,60.8440646],[104.5098704,60.7828502],[104.6022214,60.7409897],[104.5024039,60.6177656],[104.5714137,60.5875548],[104.5482158,60.5650005],[104.5807035,60.5369436],[104.6449592,60.5191604],[104.6253421,60.4960407],[104.677987,60.4234509],[104.6383723,60.4202128],[104.6567592,60.4060165],[104.7951346,60.3739557],[104.9036988,60.2995207],[105.231398,60.2747412],[105.3431021,60.2989096],[105.3612689,60.2642951],[105.5089164,60.2263933],[105.422249,60.1538813],[105.5049852,60.0017193],[105.4098218,59.9478709],[105.4433481,59.931488],[105.4262732,59.9012524],[105.5143971,59.8424322],[105.0642997,59.8757334],[105.0282379,59.8439101],[104.9793665,59.8531773],[105.0189081,59.8348836],[105.0233516,59.7775657],[104.8883955,59.7651069],[104.7618888,59.6875446],[104.8080374,59.6708701],[104.7841389,59.6359385],[104.8825489,59.6042262],[104.8504197,59.5555464],[104.9677569,59.4706281],[105.1488679,59.4852185],[105.2371984,59.4417263],[105.196846,59.4018768],[105.2292479,59.3871521],[105.2195283,59.342678],[105.1722553,59.3038417],[105.3040369,59.2453873],[105.3377672,59.1971291],[105.292495,59.1569643],[105.3672426,59.1167369],[105.2762759,59.0675987],[105.1357441,59.0612879],[105.0953624,59.0148708],[104.9208612,58.9587001],[104.8911201,58.9086009],[104.7892917,58.8668327],[104.7546181,58.8071882],[104.8944803,58.7474378],[104.8134752,58.6774845],[104.4663996,58.6087848],[104.3466904,58.6728692],[104.3823456,58.7269873],[104.2541834,58.7159727],[104.1993755,58.760438],[104.2110245,58.7862928],[104.1754816,58.7650995],[104.0362223,58.7887299],[103.9683465,58.7272984],[103.8881336,58.7385732],[103.9651142,58.7707608],[103.9492439,58.8342011],[103.9859725,58.8753086],[103.894862,58.9226241],[103.624513,58.9231217],[103.5658975,58.9984143],[103.3937134,59.028945],[103.3130742,59.1340353],[103.2385829,59.1730922],[103.2526461,59.1923542],[103.2148164,59.2337873],[103.3638848,59.2369355],[103.3312649,59.2732979],[103.2322767,59.2907071],[103.2100611,59.2559432],[103.1369446,59.2584821],[103.014427,59.3180492],[102.8554625,59.2493734],[102.8668005,59.2183044],[102.8237847,59.1930504],[102.6166735,59.2115833],[102.4978965,59.1860555],[102.4252443,59.1441768],[102.4387071,59.1157589],[102.4025532,59.0834789],[102.4612964,59.0508882],[102.4375355,59.022151],[102.493574,59.0085217],[102.4355038,58.9910602],[102.4425142,58.9429372],[102.5612102,58.9049555],[102.535905,58.882291],[102.5814943,58.7900324],[102.548391,58.7650263],[102.5694351,58.7395564],[102.3313928,58.6461349],[102.2766045,58.5941494],[102.2987476,58.5851306],[102.2825984,58.5614741],[102.2023343,58.5221896],[101.7913025,58.4532904],[101.6998468,58.4111464],[101.6696245,58.3425344],[101.5311108,58.241655],[101.363814,58.2326776],[101.1076588,58.1026749],[101.1700417,58.0374422],[101.1386301,57.9681958],[101.0394975,57.9307331],[101.0055443,57.8726975],[100.8185598,57.8753913],[100.855226,57.8525407],[100.8691887,57.7839558],[100.9086975,57.7714057],[100.8471035,57.7108461],[100.856375,57.6781554],[100.8149214,57.6669497],[100.8480155,57.6482263],[100.8149061,57.6377708],[100.9469833,57.5775058],[100.9416051,57.5013987],[100.971758,57.4832206],[100.9234796,57.4443254],[100.8576995,57.4643888],[100.7630494,57.3995173],[100.6740159,57.4604582],[100.4032829,57.5518304],[100.4274764,57.5825195],[100.3523783,57.6367675],[100.3833438,57.6672732],[100.3227772,57.6843732],[100.3799961,57.7416339],[100.2851767,57.7686131],[100.314551,57.8060509],[100.1367001,57.8561754],[100.1294316,57.9194993],[100.063989,57.9770708],[100.0995014,58.0357907],[100.0723904,58.0740378],[99.8015606,58.0569011],[99.6817229,58.0826981],[99.632899,58.0533432],[99.6386037,57.9931868],[99.5055264,57.9344308],[99.5336684,57.9113817],[99.4836123,57.8996993],[99.482911,57.8390987],[99.4416654,57.8279602],[99.4370936,57.7907227],[99.2045091,57.76101],[99.0866037,57.7780789],[98.9809108,57.7179482],[98.8482954,57.7279597],[98.747524,57.7970179],[98.6358289,57.7722675],[97.9527563,57.8304419],[97.3433494,57.0315118],[97.5064643,57.0042103],[97.5305814,56.9698479],[97.672584,56.9728017],[97.4786204,56.8831108],[97.469405,56.8270132],[97.5407517,56.7846606],[97.7863756,56.7976039],[97.802762,56.773224],[97.7471629,56.73838],[97.7882773,56.6626237],[97.7361273,56.6454469],[97.7796814,56.5912819],[97.7411172,56.5491764],[97.8799329,56.5341015],[97.8799878,56.3753595],[97.5570195,56.3763013],[97.5741793,56.1873138],[97.4729208,56.1953772],[97.4090984,56.1635456],[97.4381934,56.1054287],[97.3595187,56.0320699],[97.3113122,56.0395629],[97.3011814,56.0743752],[97.1319418,56.1125295],[97.063652,56.0041812],[96.9907262,56.003892],[96.9887224,55.8503693],[96.9150052,55.8613884],[96.7861083,55.7895804],[96.7548045,55.7321181],[96.8255805,55.6889821],[96.7440423,55.6559296],[96.8551669,55.5986502],[96.8084844,55.5507984],[96.8398902,55.5307859],[96.8475011,55.4316947],[96.9449383,55.3187249],[96.6572214,55.2385109],[96.6894761,55.1793129],[96.6506206,55.099789],[96.685306,55.0827349],[96.5936946,55.0238186],[96.7169447,54.9017746],[96.6617477,54.7912592],[96.567032,54.6994898],[96.5808659,54.6266444],[96.5294141,54.5813151],[96.5388233,54.5297749],[96.2902521,54.5575286],[96.1811919,54.535229],[96.0650753,54.5745426],[96.0251598,54.5548053],[96.0297131,54.5245017],[96.0000724,54.5287169],[96.0214984,54.5130393],[95.9780525,54.508089],[95.9524094,54.4658866],[95.9784097,54.4469733],[95.9188203,54.396532],[95.838943,54.4234121],[95.7100736,54.4137821],[95.6462714,54.2969353],[95.6846798,54.2375034],[95.8492653,54.2097955],[95.8440115,54.1799036],[95.8969552,54.1647195],[95.9397559,54.1015454],[96.0871424,54.0718243],[96.0633956,53.9921643],[96.3401359,53.8373196],[96.4006515,53.7590354],[96.4852268,53.730079],[96.4851351,53.6915521],[96.6883296,53.6463366]]]}},{"type":"Feature","properties":{"name":"Perm Krai"},"geometry":{"type":"Polygon","coordinates":[[[53.7855993,58.4555384],[53.7725752,58.4206437],[53.8866803,58.31436],[53.7854626,58.2366074],[53.9082044,58.1796821],[53.8852338,58.1642726],[53.9458715,58.1465968],[53.9470803,58.0848373],[54.1364685,57.9579789],[54.0856622,57.9184088],[54.1382679,57.8738264],[54.119574,57.8094948],[54.155539,57.7746611],[54.1116527,57.7411496],[54.155339,57.7054303],[54.0560548,57.6805838],[54.0503864,57.6434213],[54.1267407,57.6156444],[53.98605,57.5869748],[53.9918371,57.5593371],[54.0439127,57.5703637],[54.0581092,57.5448728],[54.0318411,57.5238797],[54.1422032,57.5323755],[54.1730954,57.5219439],[54.143876,57.4839475],[54.2738249,57.4612665],[54.2924748,57.4325295],[54.1198769,57.3778056],[54.1491789,57.3718246],[54.127582,57.3291413],[54.311169,57.3060434],[54.3268311,57.2667452],[54.2979935,57.240007],[54.3407021,57.2232884],[54.3057018,57.185247],[54.3478412,57.1584113],[54.2957105,57.1085311],[54.436131,57.0310043],[54.3414313,56.9732185],[54.1542175,56.9788182],[54.0864712,56.812081],[54.0204119,56.7531962],[53.8058992,56.8195402],[53.7940682,56.7991103],[53.8318733,56.7974461],[53.8067852,56.7796089],[53.9017052,56.6790685],[53.8510044,56.6542173],[53.8410198,56.5967205],[54.0759905,56.6389333],[54.0335735,56.5796969],[54.1913025,56.5344633],[54.2440863,56.4581653],[54.328795,56.4828947],[54.3467998,56.4015291],[54.4490009,56.3454123],[54.5025,56.4604],[54.577733,56.5346435],[54.6821844,56.501397],[54.7338208,56.4304092],[54.9296186,56.3802484],[54.9435923,56.3372135],[55.0116891,56.3204017],[55.1135961,56.3538737],[55.139539,56.3110601],[55.1857503,56.3048097],[55.2053143,56.3722263],[55.2818539,56.3207688],[55.3852403,56.3170938],[55.5220327,56.3807459],[55.6919546,56.4084864],[55.7073177,56.4357149],[55.8368102,56.4206498],[55.9085371,56.4561419],[55.9525358,56.3737547],[56.0420795,56.3399314],[56.0811129,56.2903161],[56.2242351,56.3250292],[56.2859534,56.3044218],[56.3246818,56.3652068],[56.3778036,56.3616239],[56.3620713,56.3886029],[56.4056074,56.4053475],[56.4608273,56.3655929],[56.5722438,56.389021],[56.506254,56.3440408],[56.5285371,56.3203564],[56.5947476,56.2629806],[56.6515566,56.2629194],[56.6526789,56.2329656],[56.7581603,56.2190497],[56.7830045,56.1643459],[56.8499581,56.1663017],[56.8840188,56.1104853],[57.2037934,56.1693415],[57.2354808,56.193584],[57.200482,56.1963901],[57.2277882,56.2297634],[57.1952857,56.2506023],[57.2980415,56.2722781],[57.2988185,56.3208356],[57.4107285,56.3460316],[57.312763,56.3905787],[57.4181679,56.5804537],[57.4181668,56.6092324],[57.338556,56.6097828],[57.4388937,56.6772652],[57.3174917,56.7056014],[57.3472612,56.7489354],[57.2293844,56.8559997],[57.2483487,56.8847787],[57.3672106,56.9557898],[57.5725251,56.8945961],[57.6581998,56.9086007],[57.6615063,56.9442158],[57.7510408,56.9448785],[57.7809206,56.9901971],[57.8265711,56.9624113],[57.8237024,57.007068],[57.8729885,57.0556947],[58.0216238,57.0789621],[57.9650598,57.0400385],[58.0693694,57.0494121],[58.0907197,57.1002787],[58.039704,57.1142428],[58.1243951,57.1426055],[58.0321663,57.150674],[58.0476516,57.1932164],[57.98641,57.2117502],[58.047889,57.2486142],[57.9400855,57.2964688],[57.979685,57.3129392],[57.9404865,57.3164302],[58.0120262,57.4845369],[57.9689759,57.4890281],[58.0303536,57.6114077],[58.11622,57.5976051],[58.0935536,57.6610088],[58.1547224,57.695192],[58.4468712,57.6739307],[58.4284561,57.6606667],[58.464563,57.6326928],[58.4604523,57.5823577],[58.5370849,57.5640721],[58.8037039,57.7260008],[58.8425723,57.7190573],[58.8637912,57.8380971],[58.728266,57.8520528],[58.7442463,57.8926972],[58.6971193,57.8892048],[58.6385688,58.0047968],[58.5867429,58.0415139],[58.6504754,58.050005],[58.6767175,58.0695219],[58.6632636,58.1052471],[58.7628308,58.1414148],[58.8163058,58.2148509],[58.8612939,58.2101101],[58.9246929,58.2810103],[59.1370631,58.2598423],[59.1055262,58.2880693],[59.1862402,58.2785876],[59.2016751,58.3271038],[59.2646356,58.3366974],[59.2874568,58.419285],[59.3849301,58.429651],[59.4536227,58.4780575],[59.3960599,58.5853431],[59.4004075,58.7081424],[59.1535825,58.7175461],[59.1457511,58.7749933],[59.1058354,58.7737799],[59.0800276,58.9060957],[59.1689005,58.9102868],[59.2069398,58.9539516],[59.0929242,59.0004814],[59.1967866,59.147133],[58.9674527,59.2354482],[58.6812162,59.26849],[58.6247274,59.2979664],[58.5249315,59.4350227],[58.3629353,59.4646404],[58.4790481,59.7116731],[58.6023248,59.6934811],[58.6934489,59.8566101],[58.8002461,59.8430025],[58.839456,59.9319817],[58.9887916,59.9076173],[58.9634273,59.9779653],[59.0298047,60.0152351],[59.1474606,60.2195539],[59.1825286,60.3135347],[59.1422179,60.3349223],[59.2448989,60.4704876],[59.36186,60.5235232],[59.4136413,60.6039983],[59.4452237,60.7342054],[59.4265424,60.7500828],[59.4827308,60.8278822],[59.4768811,60.9378148],[59.3693714,60.9683564],[59.3441136,61.1048623],[59.2524778,61.2607181],[59.2528983,61.3124832],[59.4452098,61.4164978],[59.4003633,61.4648501],[59.4473845,61.5132203],[59.4029708,61.5355846],[59.4090189,61.6132331],[59.3489689,61.6630673],[59.1532524,61.6309213],[59.0483092,61.5363941],[58.8441082,61.5178798],[58.8438818,61.4950446],[57.0926875,61.50185],[57.0805507,61.4752974],[56.6531242,61.5243001],[56.6394705,61.4884921],[56.5973652,61.4928916],[56.5663405,61.4189994],[56.3782697,61.4431218],[56.2745007,61.1918583],[55.8130867,61.2467779],[55.7314992,61.0956032],[55.2758778,61.1487132],[55.1999605,60.9915626],[55.0500504,61.009161],[54.9768506,60.859908],[53.8758313,60.982651],[53.8138242,60.8316041],[53.6639769,60.8471196],[53.3551532,60.8826609],[53.4135884,61.0334846],[52.8707305,61.0901311],[52.8064639,60.9377462],[52.4314333,60.9764159],[52.3609435,60.8291754],[51.8923123,60.8815431],[51.7715175,60.5804504],[52.1528144,60.5412424],[52.1240694,60.4645758],[52.3550278,60.4380924],[52.3329423,60.3608143],[52.3718941,60.3563687],[52.3172823,60.227188],[52.4422883,60.1867647],[53.0755932,60.1507118],[53.3726299,60.1556083],[53.4365613,60.2235241],[53.6256361,60.1142326],[53.6866975,60.0098338],[53.6302998,59.7423175],[53.5977784,59.6874276],[53.4497007,59.7028484],[53.357126,59.4615519],[53.2227442,59.3584558],[53.3840217,59.1526721],[53.7221299,59.1177749],[53.6822414,59.1511514],[53.725112,59.1813363],[53.9029162,59.0868358],[53.7711127,59.0128358],[53.7536491,58.9646972],[53.7985997,58.8584304],[53.9312421,58.7738909],[53.7390667,58.6912578],[53.76717,58.6564449],[53.7026412,58.6021274],[53.7855993,58.4555384]],[[52.0145759,60.7375415],[52.0600494,60.7056081],[52.0145759,60.7375415]],[[51.97875,60.6352046],[52.0011845,60.6278016],[51.97875,60.6352046]],[[52.3581861,60.7929052],[52.3807876,60.7996223],[52.3581861,60.7929052]],[[53.8426666,56.6175251],[53.8893455,56.645707],[53.9811166,56.6335685],[54.0136319,56.6744319],[54.0956816,56.6549678],[53.9571275,56.6027855],[53.8426666,56.6175251]]]}},{"type":"Feature","properties":{"name":"Pskov Oblast"},"geometry":{"type":"Polygon","coordinates":[[[27.7377645,58.97789],[27.3573366,58.7872217],[27.552989,58.3662713],[27.4883296,58.3039812],[27.4909695,58.2246327],[27.6344585,58.0971534],[27.6180054,58.0135373],[27.6985689,57.9989897],[27.6563656,57.9553349],[27.6788929,57.9237032],[27.8166117,57.8953322],[27.8177971,57.8657082],[27.740926,57.8277212],[27.5492183,57.8333477],[27.5362294,57.7941695],[27.494324,57.7889019],[27.5454643,57.7333366],[27.5255885,57.7094144],[27.4110899,57.7004764],[27.3763148,57.6686565],[27.4047567,57.6125735],[27.3174553,57.5799842],[27.3515899,57.5180681],[27.5563496,57.5377744],[27.517335,57.4269611],[27.6712728,57.3950234],[27.8673058,57.2972104],[27.8182734,57.1432647],[27.7151676,57.0976504],[27.7687794,57.0856138],[27.7153975,57.0062935],[27.7696145,57.0052172],[27.7374434,56.9200759],[27.6721612,56.8957482],[27.6593441,56.834345],[27.8473279,56.8801253],[27.9016424,56.8206002],[27.9689097,56.8357245],[27.9767094,56.8115998],[27.89873,56.7521332],[28.0127338,56.6724367],[28.0432133,56.5903761],[28.1435267,56.5717729],[28.094682,56.5168852],[28.1927652,56.4485661],[28.1630648,56.3795714],[28.2414904,56.278554],[28.1854141,56.2304012],[28.2038796,56.2146834],[28.1503179,56.1699924],[28.1574267,56.1431758],[28.320611,56.0581701],[28.3761901,56.0602241],[28.3783704,56.1112372],[28.4192764,56.0862947],[28.5491253,56.1157642],[28.6812724,56.1046339],[28.63641,56.0744496],[28.7338274,55.967007],[28.8490217,55.9538799],[28.858073,55.9885379],[29.0881548,56.0340961],[29.2161466,55.9878831],[29.4226128,55.9689312],[29.4795316,55.9181262],[29.3954295,55.9033951],[29.4252522,55.8725578],[29.358618,55.7679731],[29.5152857,55.7015757],[29.6226488,55.7802545],[29.80634,55.78342],[29.8949843,55.8626799],[29.9971037,55.8703122],[30.1288894,55.8320548],[30.1656387,55.8789968],[30.2770853,55.8701358],[30.2867304,55.8316391],[30.3666814,55.8090416],[30.5117267,55.7993144],[30.4928773,55.782919],[30.5262788,55.7526799],[30.6290366,55.7305667],[30.6725848,55.63611],[30.7293231,55.6633929],[30.780124,55.5883033],[30.8326459,55.5989216],[30.8381381,55.6289792],[30.9326221,55.6247424],[30.9599695,55.6763532],[31.0605595,55.6987671],[31.0380608,55.7608408],[31.2156431,55.7203048],[31.4564254,55.7401502],[31.4221827,55.7160375],[31.4891424,55.7071385],[31.4037741,55.811084],[31.4161481,55.8914331],[31.3496452,55.9448281],[31.5084368,56.0498873],[31.4493941,56.1333853],[31.5076068,56.1581263],[31.4618922,56.1976283],[31.4626625,56.2537827],[31.5178603,56.3060893],[31.2306025,56.3388213],[31.2126021,56.4272215],[30.9871029,56.4857947],[31.0495251,56.5723012],[31.0589694,56.6548013],[30.8878596,56.6451716],[30.8096507,56.6991869],[30.8330616,56.7156401],[30.7756327,56.7339135],[30.8348386,56.7550351],[30.7628697,56.7589721],[30.7848195,56.7896787],[30.7283868,56.7807657],[30.8180436,56.8238409],[30.8765539,56.8064641],[30.8764213,56.8808804],[30.9354473,56.8657153],[30.9850204,56.964488],[30.8376014,56.9324876],[30.8435365,56.9569998],[30.7655008,56.9457],[30.688803,56.9828498],[30.687549,57.1490246],[30.6301841,57.1739019],[30.7456628,57.2632079],[30.4650148,57.3448304],[30.5226534,57.3954355],[30.4517025,57.3984025],[30.4768862,57.3725503],[30.4578325,57.3642197],[30.4147436,57.3871034],[30.4273802,57.4294731],[30.5304031,57.5016706],[30.4633769,57.5218728],[30.6806267,57.6440539],[30.5188092,57.6424714],[30.4522603,57.6879995],[30.4943884,57.7209863],[30.4734189,57.7244329],[30.4950116,57.771958],[30.4172103,57.7816907],[30.5118658,57.8060424],[30.5432464,57.86385],[30.330765,57.9168134],[30.2002868,57.8947855],[30.0714986,57.9588478],[29.8742301,57.9470121],[29.8766065,57.9965373],[29.9604275,58.0113268],[29.9866962,58.0485476],[29.6287755,58.1002137],[29.7050304,58.1674975],[29.6187256,58.2516728],[29.8224784,58.2582782],[29.8570801,58.30419],[29.9166474,58.3105054],[29.9330633,58.3626001],[29.8925603,58.3748554],[29.913505,58.3905099],[29.8793805,58.4232712],[29.9226711,58.4407111],[29.8835042,58.4559863],[29.8655386,58.4272586],[29.7776901,58.4173356],[29.7080161,58.4592621],[29.6394751,58.4469431],[29.5510222,58.4797842],[29.5795625,58.5335535],[29.4231535,58.5903289],[29.3938383,58.5544939],[29.3274998,58.5602015],[29.4030525,58.5919448],[29.3546128,58.6161374],[29.2552784,58.5999036],[29.2309283,58.6326082],[29.2916771,58.6486866],[29.2572859,58.6697671],[29.2783993,58.701028],[29.035966,58.7253033],[29.0736566,58.7363775],[29.0337754,58.8327722],[28.9096984,58.8030055],[28.669412,58.8661415],[28.4364709,58.8810456],[28.4137408,58.8552011],[28.3735375,58.8784481],[28.3211294,58.8444182],[28.3492615,58.8271549],[28.3003076,58.8239214],[28.2397434,58.8798386],[28.2579689,58.8986159],[28.1464382,58.9635596],[28.1716108,58.9764907],[28.0999579,59.0000639],[28.0338097,58.9870633],[27.9179995,59.021159],[27.7377645,58.97789]]]}},{"type":"Feature","properties":{"name":"Rostov Oblast"},"geometry":{"type":"Polygon","coordinates":[[[41.4009945,50.2028059],[41.3502546,50.2144769],[41.2889344,50.1632396],[41.3729917,50.1278976],[41.3843499,50.0811105],[41.083709,49.9452127],[41.0407903,49.799562],[40.9210054,49.7004876],[40.6369672,49.6729919],[40.6159514,49.6435867],[40.639862,49.6370895],[40.5931116,49.6337778],[40.5358007,49.5778374],[40.1606702,49.643123],[40.1353917,49.6171021],[40.16962,49.56877],[40.0392048,49.5207179],[40.0293438,49.453605],[40.194611,49.3464721],[40.1859301,49.2812231],[40.221282,49.2498992],[40.031113,49.1797592],[39.93805,49.0563998],[39.672392,49.0404015],[39.6636996,49.000885],[39.752947,48.9859432],[39.7765041,48.9206861],[39.826994,48.8864598],[39.924972,48.8958358],[39.9932321,48.8682063],[40.0351121,48.9158883],[40.0801068,48.8701366],[39.9755283,48.7930338],[39.8001048,48.8426021],[39.6606493,48.6090856],[39.8504265,48.567896],[39.8464439,48.4737524],[39.8975876,48.4473144],[39.9474499,48.3547044],[39.8411602,48.3100535],[39.8876056,48.3085493],[39.9150354,48.2696282],[39.9903342,48.3170583],[40.0207593,48.253857],[40.0095906,48.2251186],[39.942,48.22861],[39.9370158,48.1809588],[39.8339672,48.0670142],[39.8833881,48.0416068],[39.7764975,48.0397836],[39.8231004,47.9812205],[39.7949201,47.8703755],[39.7380425,47.8277796],[39.5425159,47.8250596],[39.4778062,47.8606797],[39.4132247,47.8297274],[39.3873086,47.8711604],[39.1496272,47.842376],[39.0831103,47.8695323],[38.8430148,47.8652484],[38.8288189,47.8159186],[38.7889225,47.8159167],[38.7726084,47.6855249],[38.6658283,47.6987288],[38.6164372,47.6445813],[38.4564852,47.6440438],[38.4567501,47.6171106],[38.3504612,47.616646],[38.3507161,47.5761965],[38.3107926,47.5761448],[38.2847269,47.5443096],[38.3023895,47.392848],[38.244983,47.3637092],[38.220892,47.3053966],[38.3360399,47.3062541],[38.33353,47.26919],[38.2329087,47.228951],[38.2297983,47.1193016],[38.4763318,47.1440008],[38.527896,47.212829],[38.6548311,47.2621633],[38.8277867,47.274592],[38.7910252,47.2435219],[38.606325,47.244156],[38.4813303,47.1407673],[38.5720674,47.1151056],[38.576247,47.143518],[38.864474,47.172817],[38.9551803,47.2011063],[38.954653,47.269315],[39.1991469,47.2837422],[39.2438794,47.2614559],[39.213176,47.189881],[39.261124,47.10951],[39.2310466,47.0884055],[39.3104464,47.0594359],[39.2944287,47.0208958],[39.1028688,47.0430013],[38.8966947,46.9650474],[38.8390171,46.9069101],[38.68579896128843,46.8706987559266],[38.6857387,46.8261368],[38.9332943,46.8412909],[38.8958729,46.8263895],[38.8959541,46.731792],[38.8694828,46.7319257],[38.8676076,46.5695425],[38.9023273,46.5601135],[38.9020805,46.634822],[39.0164142,46.6331035],[39.0717628,46.5990708],[39.2024197,46.60978],[39.2093229,46.6820721],[39.2618455,46.7081987],[39.2625622,46.7942943],[39.4867759,46.8177977],[39.5637785,46.7879535],[40.0632219,46.7719415],[40.0789479,46.7296288],[40.1457892,46.7340044],[40.1162904,46.7181868],[40.1166579,46.646098],[40.0644057,46.6280494],[40.064291,46.5343087],[40.2214541,46.5378245],[40.2383365,46.4482403],[40.2859941,46.4484447],[40.28613,46.3763464],[40.2475454,46.3677101],[40.2722748,46.3144931],[40.4032225,46.2723238],[40.7435255,46.2855493],[40.7444897,46.2290633],[40.925714,46.2299941],[40.9271282,46.298231],[40.9904218,46.2983631],[40.9787882,46.1134055],[41.0649764,46.1201291],[41.1608983,45.9516883],[41.3930819,45.9523072],[41.3928064,45.9972041],[41.4714484,46.0059941],[41.71441,45.9824283],[41.6368226,46.1873556],[41.687034,46.1856451],[41.7031775,46.2169504],[41.8625682,46.1442296],[41.8864039,46.1758046],[41.9626496,46.1764003],[41.9624337,46.2032235],[41.9106456,46.2033572],[41.9111392,46.2550881],[41.962787,46.2550981],[41.9623241,46.2980078],[42.17037,46.2978137],[42.1739023,46.3635712],[42.100658,46.3744597],[42.0497227,46.5461641],[42.2003656,46.5584041],[42.3970838,46.5111225],[42.5739396,46.3924136],[42.6798875,46.3683311],[42.7691065,46.3686819],[42.7810819,46.4027843],[42.9317296,46.4469146],[43.3392286,46.1671364],[43.6303367,46.1753838],[43.7509572,46.3611538],[43.7388352,46.4080468],[43.81841,46.3819616],[43.889661,46.3138217],[43.8592812,46.2698925],[43.9587354,46.3191021],[43.9724562,46.3580822],[43.9155438,46.4200399],[43.9305689,46.5350447],[43.812758,46.5718638],[43.8820262,46.623488],[43.9122454,46.7144377],[44.0335941,46.7645451],[44.0868358,46.8355016],[44.1568789,46.8232316],[44.2659483,46.9094657],[44.3241519,47.1423944],[44.3122383,47.4778715],[44.2328944,47.4785437],[44.2341022,47.5490539],[44.135132,47.544901],[44.1326114,47.413516],[43.9641328,47.4002299],[43.925687,47.3287336],[43.9395129,47.2587501],[43.7934975,47.2678201],[43.7867434,47.3542112],[43.711218,47.4742256],[43.6575052,47.4437326],[43.5871695,47.4857088],[43.251113,47.4473522],[43.1522039,47.4679565],[43.1643564,47.5536636],[43.0498527,47.5536174],[42.9965827,47.5079175],[42.9249903,47.5073557],[42.846395,47.6717268],[42.7590732,47.7611723],[42.7201735,47.8758699],[42.6296098,47.9088362],[42.5252017,48.0186445],[42.3916202,48.0093299],[42.3678119,48.0504959],[42.1586034,48.0054012],[42.0181313,48.0239238],[42.0316103,48.1061603],[42.1290502,48.1408977],[42.0627925,48.2656478],[42.1810062,48.2769155],[42.085691,48.4157058],[42.2773043,48.5065781],[42.4605396,48.5054879],[42.7044874,48.5867117],[42.6579632,48.700576],[42.7450683,48.7742559],[42.7478074,48.8225286],[42.6814906,48.8751371],[42.6825672,48.9359059],[42.6524652,48.9536505],[42.5003682,49.0101486],[42.3880479,49.0087408],[42.350433,49.0504011],[42.3871975,49.062182],[42.3827295,49.1066787],[42.3398042,49.1392641],[42.0211122,49.1338348],[42.0987032,49.1953827],[42.0468605,49.2130563],[42.0680837,49.2672568],[42.10642,49.2722912],[42.0756608,49.2867036],[42.1015714,49.3170763],[42.0277195,49.358697],[42.1739181,49.6941051],[41.9907832,49.8315895],[41.9207939,49.850074],[41.8777304,49.9072679],[41.6173673,49.9595742],[41.5764831,49.9923995],[41.6108025,50.0415156],[41.4937672,50.0812206],[41.4009945,50.2028059]]]}},{"type":"Feature","properties":{"name":"Ryazan Oblast"},"geometry":{"type":"MultiPolygon","coordinates":[[[[42.442326,54.8253986],[42.4249332,54.8616047],[42.4944196,54.9077071],[42.445453,54.9646533],[42.4854902,55.0093549],[42.4452747,55.0255254],[42.2271882,54.9589231],[42.0607723,54.9776625],[41.998344,54.9953378],[41.9955064,55.0992415],[41.8580927,55.0572806],[41.8019828,55.0707127],[41.7718336,55.1336109],[41.6572198,55.1120514],[41.6276539,55.1521703],[41.5372402,55.172984],[41.426141,55.1365838],[41.2944163,55.2336963],[41.085302,55.2144344],[41.0800396,55.1714598],[41.0686507,55.2173507],[40.9789469,55.2736788],[40.9057287,55.2752973],[40.9031384,55.2376511],[40.8483774,55.2164029],[40.8184206,55.2388278],[40.6002509,55.2004827],[40.6077038,55.2406004],[40.5271953,55.3023474],[40.5849304,55.3435494],[40.5678965,55.356139],[40.3580682,55.289607],[40.3250423,55.3166377],[40.3638667,55.349775],[40.2956594,55.3352121],[40.1909226,55.3650073],[40.1788993,55.3348338],[40.2056882,55.315762],[40.1546443,55.2643893],[40.0353597,55.2419158],[39.993914,55.1998972],[39.8378543,55.2045262],[39.7151437,55.130186],[39.8625646,55.1111421],[39.804256,55.0052163],[39.7737339,55.0350445],[39.7699727,55.0039715],[39.6253677,55.0250803],[39.6028846,54.9880133],[39.5175185,54.9838773],[39.4655498,54.9314455],[39.4864987,54.9014258],[39.3986015,54.866246],[39.4151771,54.8399126],[39.3182586,54.7568972],[39.370879,54.7473725],[39.3369071,54.7190354],[39.2320554,54.7186113],[39.2470448,54.6457979],[39.1628133,54.6608409],[39.1259566,54.6325056],[39.0236102,54.6411203],[38.9717641,54.6009771],[38.9465053,54.6342408],[38.8268334,54.607859],[38.8342854,54.5692185],[38.798041,54.544979],[38.8523421,54.5342311],[38.7787912,54.4784471],[38.9306667,54.4392803],[38.9406483,54.4079886],[38.7048645,54.343086],[38.7156457,54.271418],[38.6659818,54.256714],[38.7260792,54.2263513],[38.6869018,54.1864778],[38.7509781,54.1922165],[38.7821344,54.1446766],[38.682614,54.0888387],[38.750602,54.0479479],[38.7217448,53.9926994],[38.7741374,54.0344157],[38.8012043,54.0122171],[38.7793215,53.9694579],[38.8899688,53.9313418],[38.8451771,53.9000713],[38.7977565,53.9102483],[38.7939594,53.8808356],[38.8552572,53.8476217],[38.7897212,53.8266462],[38.8494292,53.8123664],[38.8155601,53.7809022],[38.852576,53.7544588],[38.9251249,53.7718093],[38.9515452,53.7302697],[38.878656,53.6206242],[38.9440562,53.6136739],[38.9540167,53.5627438],[39.0539995,53.5792271],[39.1931994,53.3905634],[39.456745,53.4010967],[39.4737975,53.4337648],[39.5367802,53.4174971],[39.5549778,53.5283577],[39.7577654,53.5866538],[39.9331575,53.5136172],[39.9539136,53.467919],[39.9234745,53.435506],[39.9882979,53.4383662],[39.9899189,53.4039632],[40.0597268,53.3818438],[40.1350273,53.3910857],[40.1199695,53.3648079],[40.1737796,53.3542827],[40.1713732,53.3090699],[40.2131102,53.3104521],[40.2333513,53.3526983],[40.26164,53.3358769],[40.3008171,53.3819635],[40.3702957,53.33974],[40.4253412,53.3881768],[40.4221918,53.4964565],[40.4625685,53.4834629],[40.4713761,53.4446377],[40.6419238,53.5010461],[40.7009115,53.5561512],[40.7797051,53.5482641],[40.8396945,53.4575971],[40.8962311,53.5053441],[40.9580322,53.5000835],[41.042897,53.4764475],[41.03991,53.4297778],[41.1449029,53.41667],[41.1868556,53.439684],[41.1859087,53.4729491],[41.2598715,53.4710559],[41.2472662,53.5163559],[41.3538908,53.5254451],[41.3631069,53.7662115],[41.3997431,53.7837373],[41.4979652,53.7727776],[41.5543427,53.8119232],[41.6328159,53.7742756],[41.686978,53.8123023],[41.8684744,53.8222242],[42.1436297,53.8027981],[42.1375569,53.8224842],[42.3509694,53.8537291],[42.383272,53.9235291],[42.4448947,53.9424863],[42.4446692,53.9960753],[42.3562176,54.0160388],[42.2619573,54.0876559],[42.3261612,54.1227491],[42.3068264,54.0844337],[42.451828,54.1224065],[42.4747097,54.0773389],[42.5721429,54.083318],[42.5209516,54.1347212],[42.579342,54.1654296],[42.6880973,54.1281122],[42.4345015,54.2571117],[42.3959308,54.2545593],[42.3443233,54.1591858],[42.2421069,54.162793],[42.2536739,54.1887689],[42.2459371,54.1672739],[42.2025618,54.1885745],[42.2262217,54.2240137],[42.1642551,54.2582414],[42.3012319,54.2262747],[42.4902691,54.3053826],[42.5294824,54.3704169],[42.6291713,54.3759237],[42.5834195,54.4448122],[42.5357719,54.4367618],[42.5499258,54.485274],[42.6314144,54.4931093],[42.6067356,54.5610431],[42.691248,54.5805068],[42.5975215,54.6355707],[42.6428168,54.6714533],[42.6037121,54.6995471],[42.5419361,54.6750113],[42.4146226,54.7034749],[42.4302066,54.7357024],[42.3888413,54.7882683],[42.4268297,54.8148528],[42.3891004,54.830207],[42.442326,54.8253986]],[[42.6007533,54.53067],[42.6007533,54.53067]]],[[[42.4443206,54.798354],[42.4548661,54.7504344],[42.509725,54.7507417],[42.4443206,54.798354]]],[[[42.6371347,54.5578035],[42.6587567,54.5539895],[42.6371347,54.5578035]]]]}},{"type":"Feature","properties":{"name":"Adygea"},"geometry":{"type":"Polygon","coordinates":[[[38.6840182,44.9514152],[38.7818548,44.967654],[38.8547547,44.8938467],[39.0907591,44.8171631],[39.1527718,44.8359185],[39.5595782,44.8069588],[39.5577871,44.8366375],[39.6529099,44.8741744],[39.5044561,44.9680277],[39.5190181,44.9872393],[39.4750283,44.9876669],[39.4712487,45.0356908],[39.6221292,45.0490368],[39.6568283,45.0143603],[39.5986161,44.9827505],[39.6200133,44.960311],[39.6775674,44.9936896],[39.6924252,44.9514029],[39.8851475,45.0230499],[39.9634786,44.8924253],[39.9339444,44.8838526],[39.98539,44.8304558],[39.9454682,44.809625],[40.0290165,44.7469979],[39.9100781,44.7130039],[39.9273565,44.6873103],[39.8962476,44.6618048],[39.9328774,44.6028921],[39.8741643,44.5913943],[39.8790917,44.3965421],[39.8443135,44.3533926],[39.9618624,44.3479281],[39.989763,44.2613097],[40.0935173,44.2468289],[40.0687521,44.1456636],[40.0930244,44.129584],[40.0546729,44.1365102],[39.9878187,44.0761516],[39.8953693,44.1249407],[39.8650268,44.1843066],[39.7685962,44.180348],[39.7618047,44.1488176],[39.8309651,44.0788199],[39.7967834,44.0174595],[39.8191219,43.9836543],[39.7777748,43.9617671],[39.8514575,43.92423],[39.9126762,43.9394982],[39.9229854,43.9725405],[40.0913538,43.8453821],[40.1890617,43.8729207],[40.2168648,43.7791163],[40.2512345,43.7616286],[40.3713286,43.7772619],[40.4199159,43.8804416],[40.4096867,43.9387685],[40.4804755,43.9645059],[40.4132942,44.0633136],[40.4326708,44.1140168],[40.3598294,44.2467453],[40.4829016,44.3153721],[40.3834432,44.4772787],[40.4150382,44.5349946],[40.3366455,44.5675627],[40.3428751,44.6452636],[40.4017664,44.6550444],[40.3677556,44.7167071],[40.4298276,44.7353723],[40.4299974,44.7624618],[40.5641394,44.7441983],[40.5684248,44.6544394],[40.6437306,44.6358057],[40.670221,44.545973],[40.6612499,44.4827091],[40.619524,44.465084],[40.7764295,44.4664001],[40.7243936,44.5575646],[40.7334655,44.6081982],[40.652451,44.6878529],[40.5879384,44.8635346],[40.3889458,45.0339968],[40.227033,45.1177569],[39.8940739,45.0846942],[39.6998281,45.1470497],[39.6860997,45.1945456],[39.6162616,45.2168098],[39.4550608,45.1216119],[39.4629055,45.101961],[39.2623462,45.0034397],[39.2304682,45.0180078],[39.2214422,44.9889885],[39.1167719,44.998242],[39.0224589,44.9679589],[39.0142255,45.0039787],[38.9534881,44.998205],[38.9530611,45.0355329],[38.8997742,45.0224542],[38.899565,45.054009],[38.8546379,45.029783],[38.8603849,45.0016211],[38.8060531,44.9956857],[38.7564685,45.0331227],[38.7679097,45.0566392],[38.7232848,45.0402795],[38.6990454,45.0666655],[38.6840182,44.9514152]]]}},{"type":"Feature","properties":{"name":"Samara Oblast"},"geometry":{"type":"MultiPolygon","coordinates":[[[[50.0924594,54.5065998],[50.103772,54.4237065],[50.155801,54.4211013],[50.1498624,54.3748959],[50.1970493,54.361487],[50.2388843,54.2959331],[50.2085924,54.2770835],[50.2434006,54.2195283],[50.1919966,54.1439228],[50.2242538,54.0703507],[50.1886875,54.0198346],[50.0811074,54.007111],[50.0609336,53.9584504],[49.97804,53.9787723],[49.9311958,53.9052688],[50.0372747,53.8802855],[50.0358574,53.8191459],[49.8504465,53.8319962],[49.8165933,53.8897568],[49.6005358,53.8024943],[49.5935428,53.8400597],[49.3116129,53.87249],[49.2998303,53.831872],[49.2482002,53.8367627],[49.2152986,53.8696998],[49.0846873,53.8907605],[48.9956093,53.8749451],[48.9948077,53.706596],[48.7253433,53.7328718],[48.6695172,53.7053108],[48.4889103,53.7706627],[48.482172,53.7355965],[48.5170218,53.7345787],[48.4964827,53.6951611],[48.5329474,53.6668705],[48.3973618,53.6483758],[48.4163104,53.6228476],[48.3493967,53.6530994],[48.3452026,53.5934756],[48.4652943,53.5562444],[48.3821281,53.5455549],[48.3693885,53.4738506],[48.0358169,53.4713054],[48.0303177,53.4228066],[48.0054475,53.4327743],[47.9304408,53.3615992],[48.0568734,53.2680104],[48.1608318,53.2329099],[48.1077909,53.1797806],[48.2122017,53.1374321],[48.1231507,53.0515709],[48.2245485,53.0047467],[48.2491915,53.0656203],[48.3274086,53.0693665],[48.3637754,53.0553589],[48.3251218,52.9973449],[48.3717549,52.9931501],[48.359834,52.9573242],[48.5165259,52.9522753],[48.5887487,52.8958018],[48.5716301,52.8595314],[48.4286324,52.8144069],[48.3078975,52.683012],[48.3494252,52.661996],[48.5232378,52.68264],[48.5743951,52.6273274],[48.6929793,52.6395362],[48.7270156,52.5430127],[48.8342477,52.5476684],[48.8817148,52.4082522],[48.9231492,52.4076326],[48.9123297,52.4684569],[48.9603117,52.4925135],[49.1682632,52.4723669],[49.1714504,52.4997605],[49.3521398,52.4647338],[49.2845821,52.3832257],[49.4346576,52.3986198],[49.4502034,52.3201619],[49.5103755,52.3242199],[49.5202017,52.3957638],[49.570031,52.3959358],[49.6379196,52.3400503],[49.6010054,52.3217067],[49.6593505,52.2822213],[49.624494,52.2478204],[49.6757426,52.2289193],[49.7147527,52.2756574],[49.7464671,52.2700378],[49.7980819,52.1727488],[50.039759,52.1901108],[50.0451322,52.1396531],[50.2234208,52.1293124],[50.2247364,52.0906263],[50.1595926,52.0906825],[50.1563953,52.0098243],[50.2181096,52.0363398],[50.3063401,52.0148549],[50.308682,52.0447982],[50.3521112,52.0448559],[50.3522727,51.9819839],[50.5200581,51.9937717],[50.5212592,51.9638285],[50.7017199,51.9329733],[50.701438,51.8196575],[50.7681628,51.7730366],[51.0334738,51.9234953],[51.1268821,51.9261197],[51.1437596,51.988392],[51.2100237,51.9879367],[51.3914202,52.0692577],[51.4617113,52.2251795],[51.4078182,52.2253836],[51.3710804,52.3651578],[51.4610278,52.3656237],[51.4731521,52.4286634],[51.5480647,52.4288666],[51.5490754,52.4637872],[51.461006,52.510296],[51.4516725,52.5687622],[51.5137509,52.5608448],[51.4717095,52.6285338],[51.5304921,52.6319995],[51.5232279,52.6767634],[51.7243193,52.6532467],[51.7665115,52.8003329],[51.7257378,52.8043812],[51.7150145,52.8763475],[51.8384955,52.865248],[51.887143,52.9497739],[52.0418152,52.964568],[52.0500116,53.0905673],[52.1622667,53.0877586],[52.1665838,53.1219438],[52.0802471,53.1228804],[52.0667174,53.1493166],[52.1365193,53.1659882],[52.1269179,53.2332007],[52.1717715,53.2352454],[52.1424778,53.3014495],[52.173312,53.2973835],[52.2118624,53.3808471],[52.1529814,53.3867858],[52.1594314,53.4291097],[52.0952334,53.4644772],[52.1163641,53.4917663],[52.0783614,53.4987885],[52.0976691,53.5582733],[52.1888369,53.5558802],[52.2338881,53.6536863],[52.2646598,53.6623083],[52.2778863,53.7414357],[52.4121766,53.9002542],[52.4208421,53.9662331],[52.3925009,53.9475283],[52.3719706,53.9743871],[52.4888138,54.0543958],[52.381433,54.0784023],[52.3721922,54.1486579],[52.3058146,54.1318344],[52.3047865,54.1737484],[52.3625532,54.191199],[52.3732146,54.2554672],[52.3307864,54.2790753],[52.4293831,54.3108969],[52.5211383,54.3005194],[52.568276,54.3401279],[52.4891782,54.3900702],[52.5021173,54.4590618],[52.4319034,54.474154],[52.3672216,54.3986609],[52.3323447,54.4482209],[52.2170498,54.4356159],[52.1579119,54.3648481],[52.0955282,54.3911912],[52.1168316,54.3553539],[52.0925425,54.328302],[52.0362737,54.3551629],[52.0662232,54.4182045],[51.9042719,54.4125393],[51.9515375,54.4734449],[51.9287826,54.5350554],[51.6336446,54.5650035],[51.5338198,54.6510484],[51.5131596,54.5953783],[51.3817516,54.5880793],[51.388873,54.6771562],[51.2526074,54.6336074],[51.1902875,54.6595646],[51.0744203,54.5402093],[51.0083646,54.5494356],[51.0208962,54.4696502],[50.9844444,54.4379956],[50.999408,54.4029111],[50.9498712,54.3961418],[50.9512605,54.3426393],[50.8995606,54.3433846],[50.9072985,54.3703401],[50.8752582,54.384608],[50.7502437,54.3759015],[50.736443,54.4047196],[50.5035098,54.3282188],[50.4627544,54.4284523],[50.4309442,54.4209956],[50.374246,54.4934988],[50.3244437,54.4808662],[50.3434752,54.4626219],[50.3074835,54.4426548],[50.2442619,54.4426711],[50.2231493,54.4921754],[50.0924594,54.5065998]]],[[[52.2230539,53.3491069],[52.3037242,53.3280387],[52.2850979,53.3397746],[52.3143104,53.3893283],[52.2467303,53.4011453],[52.2230539,53.3491069]]]]}},{"type":"Feature","properties":{"name":"Khakassia"},"geometry":{"type":"Polygon","coordinates":[[[88.6012577,55.4273774],[88.5350418,55.3426334],[88.4414098,55.3048421],[88.4331911,55.2567726],[88.5139101,55.2127542],[88.5082644,55.1590339],[88.560741,55.1190484],[88.5483391,55.003475],[88.6727755,54.9521559],[88.6475209,54.8953687],[88.7436882,54.8889133],[88.7541633,54.7905468],[88.6358108,54.7565295],[88.6486472,54.7258566],[88.5954009,54.6830502],[88.6228474,54.6672034],[88.5782301,54.6169611],[88.5687407,54.4793905],[88.5180399,54.4557216],[88.5465505,54.4324701],[88.3638129,54.3820623],[88.4067296,54.3503566],[88.558052,54.3377893],[88.5815875,54.2882538],[88.6326253,54.2810926],[88.6621339,54.3275411],[88.8512878,54.419086],[88.9275413,54.3863203],[88.9360212,54.3219096],[88.9747058,54.3162283],[88.9751715,54.2877394],[89.0297324,54.3313746],[89.1258037,54.3457145],[89.2383938,54.2656028],[89.1637885,54.1386447],[89.0123199,54.0807409],[89.0054838,54.0039703],[89.0616923,53.9724642],[89.0446259,53.9389096],[89.1968385,53.9518328],[89.2065001,53.9145459],[89.1650885,53.8853762],[89.2391094,53.8188981],[89.0440566,53.7918176],[88.9943297,53.6542648],[88.8388288,53.5956852],[88.8889528,53.5608305],[88.8572353,53.5321895],[88.8749467,53.4925467],[88.8196303,53.4652154],[88.8202629,53.4264341],[88.7569036,53.3723776],[88.8009985,53.3428196],[88.9105209,53.3921386],[88.9458759,53.3174291],[89.0364546,53.2800566],[89.0547814,53.2318689],[89.0057377,53.1961904],[89.0762092,53.1544236],[89.0081807,53.0767922],[88.9194759,53.0451913],[88.941928,53.0309701],[88.9117969,52.9904325],[88.9567053,52.9504505],[89.0754334,52.9581891],[89.1166792,52.9033406],[89.1033643,52.8802637],[89.1844356,52.8815353],[89.2397495,52.8006885],[89.1880281,52.7829787],[89.137409,52.7068221],[89.0530538,52.7058156],[89.0767557,52.636382],[89.1292686,52.610529],[89.1168953,52.5910048],[89.062215,52.5953602],[88.9867593,52.4956255],[88.6994793,52.3637881],[88.6763059,52.3342035],[88.7154421,52.308354],[88.7037566,52.2516647],[88.5407754,52.2157225],[88.4737052,52.1698324],[88.3769637,52.1783127],[88.3782536,52.1246105],[88.2862613,52.1117325],[88.2524699,52.0458003],[88.1517908,52.0959878],[88.0615357,52.0443887],[88.0875959,52.0000212],[87.9768402,51.952266],[87.9996863,51.913306],[87.8914497,51.8125618],[87.8847609,51.7809855],[88.1100945,51.7402665],[88.0760426,51.6748338],[88.0191445,51.664388],[88.0039428,51.5892696],[87.900397,51.5515475],[87.9413984,51.4789265],[88.1411061,51.4285435],[88.1252094,51.3940572],[88.1563948,51.3484953],[88.3151012,51.3444126],[88.4454889,51.2851257],[88.5903834,51.3233473],[88.6313847,51.3853488],[88.7008785,51.39093],[88.658053,51.5280499],[88.7630754,51.5614286],[89.0014825,51.5708381],[89.20731,51.658724],[89.2638243,51.6412419],[89.2328587,51.5838303],[89.24937,51.5432255],[89.4345769,51.6084358],[89.6058625,51.5321658],[89.8069979,51.6208143],[89.926926,51.7571936],[90.0931471,51.7342068],[90.1362139,51.7644365],[90.0813513,51.8194869],[90.0609641,51.9363521],[90.0110617,51.9615868],[90.1584652,52.0607664],[90.1434428,52.1484879],[90.360444,52.2033598],[90.484754,52.1939325],[90.5680678,52.2980848],[90.6883849,52.3696679],[90.7201659,52.4702354],[90.8850075,52.5975862],[91.1185915,52.633616],[91.2309949,52.6167643],[91.2634512,52.6400586],[91.2643672,52.7130403],[91.3219247,52.733034],[91.3141876,52.7765888],[91.424413,52.8445872],[91.4263451,52.8840009],[91.4755361,52.8944648],[91.5051957,52.9937489],[91.419876,53.0864477],[91.4499723,53.1357026],[91.7384617,53.1777456],[91.9247307,53.3524969],[91.8635706,53.4569168],[91.6477556,53.5169781],[91.6239192,53.5763647],[91.5673961,53.5968579],[91.5389959,53.6415773],[91.5757726,53.6649047],[91.5709579,53.7054768],[91.4837909,53.7409709],[91.4273756,53.8617089],[91.5488794,53.9960419],[91.5790789,54.0833319],[91.4165074,54.2796023],[91.3077368,54.3338326],[91.2464545,54.425375],[91.2602371,54.5065858],[90.918748,54.6536342],[90.9456768,54.8481322],[90.7805307,54.8712656],[90.7791572,54.9121117],[90.5062975,54.906992],[90.5298197,54.9898148],[90.4992151,55.0608494],[90.24643,55.0763269],[90.216932,55.1535837],[90.1262841,55.1535012],[90.1137445,55.1072713],[89.9869581,55.1217457],[89.7244463,55.0684991],[89.7309127,55.0448204],[89.6660584,55.0003375],[89.6072993,55.0281633],[89.6613597,55.0743746],[89.5802509,55.0878532],[89.4303597,55.0624634],[89.4538316,55.012713],[89.2781955,55.0420682],[89.2617356,55.1044955],[89.0641194,55.1200547],[89.1159421,55.1801225],[89.0098953,55.2337044],[89.011422,55.3236475],[88.9003608,55.3403562],[88.8708533,55.3935677],[88.7505552,55.3942683],[88.7423379,55.4318794],[88.6012577,55.4273774]],[[88.6538932,55.2943399],[88.6538932,55.2943399]],[[88.5782099,55.3900066],[88.5782099,55.3900066]]]}},{"type":"Feature","properties":{"name":"Tambov Oblast"},"geometry":{"type":"Polygon","coordinates":[[[40.1706936,53.3126215],[40.0969813,53.2757277],[40.0870448,53.213545],[40.1299757,53.168562],[40.1572633,53.0533286],[40.0748832,53.0045132],[40.1248472,52.9804009],[40.1239563,52.9477946],[40.0375742,52.9129026],[40.0957512,52.8794691],[40.0978942,52.8004303],[40.064398,52.7849162],[40.0832708,52.7545943],[40.0323639,52.7759554],[40.0502857,52.7512142],[39.9247753,52.7173808],[39.9919981,52.6668732],[39.9521399,52.6646769],[39.9495034,52.63353],[39.9766778,52.5968023],[40.0451051,52.5893544],[40.0196274,52.5647383],[40.0463646,52.5457865],[40.1242747,52.5514318],[40.1732944,52.5021986],[40.2266151,52.5009612],[40.214266,52.4670582],[40.3258735,52.4586556],[40.2819166,52.415982],[40.2933635,52.3919637],[40.5636265,52.3322616],[40.590336,52.2573967],[40.6602794,52.2858837],[40.733435,52.2512468],[40.7647752,52.2016067],[40.6963044,52.2297316],[40.7015714,52.1887672],[40.6370317,52.1749024],[40.6504695,52.1390007],[40.5903032,52.0919789],[40.6264779,52.0889014],[40.6127964,52.0569741],[40.6414223,52.0362222],[40.5366762,52.0089331],[40.5341401,51.9456923],[40.752964,51.9373035],[40.803902,51.8944709],[40.8456971,51.9219825],[40.9456713,51.8910894],[40.8819312,51.7389077],[40.9694032,51.7467576],[41.0063787,51.7156623],[41.2961993,51.7383011],[41.2807077,51.7919689],[41.3071156,51.8019484],[41.4814135,51.7697217],[41.462097,51.8016311],[41.4821914,51.804557],[41.6359089,51.7329958],[41.7228388,51.7362038],[41.7331939,51.7058097],[41.8538293,51.7137844],[41.8388894,51.6740301],[42.0200647,51.6679308],[42.0950282,51.6282018],[42.1392956,51.6304598],[42.1191165,51.7304762],[42.2291416,51.7191986],[42.3078232,51.6896231],[42.2683727,51.6626828],[42.2652789,51.6016572],[42.2983511,51.6192608],[42.3442934,51.5880843],[42.4828178,51.6313687],[42.5208613,51.5961217],[42.5154359,51.7120538],[42.6677173,51.8068896],[42.7126063,51.8856198],[42.7131966,51.996037],[42.8135826,52.0222174],[42.7568279,52.0854794],[42.7719,52.1849735],[42.8888451,52.2120605],[42.9422372,52.3360689],[42.9207957,52.3603288],[43.01622,52.3527343],[43.0721175,52.3915664],[43.0240484,52.4867633],[43.1217713,52.5108933],[43.0579545,52.5203483],[43.0582416,52.559391],[43.2480873,52.6363402],[43.1182703,52.803298],[42.9575548,52.9309463],[42.7782412,53.0033902],[42.6276083,53.1282832],[42.5475534,53.1223595],[42.5090282,53.1701897],[42.5713639,53.1798324],[42.420968,53.2717014],[42.4121657,53.3380196],[42.3565236,53.3280905],[42.2919637,53.372906],[42.2368422,53.3593723],[42.259801,53.4145526],[42.3204258,53.4297449],[42.2555332,53.4853388],[42.14077,53.4986968],[42.1717459,53.5329928],[42.1095328,53.5153395],[42.1398726,53.5693713],[42.1178354,53.6711926],[42.143951,53.7120788],[42.0895208,53.7085869],[42.0817395,53.7480049],[42.1540477,53.7708096],[42.1436297,53.8027981],[41.8684744,53.8222242],[41.686978,53.8123023],[41.6328159,53.7742756],[41.5543427,53.8119232],[41.4979652,53.7727776],[41.3997431,53.7837373],[41.3631069,53.7662115],[41.3538908,53.5254451],[41.2472662,53.5163559],[41.2598715,53.4710559],[41.1859087,53.4729491],[41.1868556,53.439684],[41.1449029,53.41667],[41.03991,53.4297778],[41.042897,53.4764475],[40.9580322,53.5000835],[40.8962311,53.5053441],[40.8396945,53.4575971],[40.7797051,53.5482641],[40.7009115,53.5561512],[40.6419238,53.5010461],[40.4713761,53.4446377],[40.4625685,53.4834629],[40.4221918,53.4964565],[40.4253412,53.3881768],[40.3702957,53.33974],[40.3008171,53.3819635],[40.26164,53.3358769],[40.2333513,53.3526983],[40.2131102,53.3104521],[40.1706936,53.3126215]]]}},{"type":"Feature","properties":{"name":"Tatarstan"},"geometry":{"type":"MultiPolygon","coordinates":[[[[50.0814235,56.6111768],[50.0535815,56.5996789],[50.1733147,56.5953106],[50.2013452,56.5571242],[50.0778855,56.5127549],[49.9704837,56.4313809],[49.9285377,56.4584413],[49.987235,56.4946234],[49.9333923,56.4968576],[49.8610596,56.4253132],[49.7537607,56.4542542],[49.8138845,56.5011655],[49.7561028,56.5372145],[49.5694337,56.5028553],[49.582131,56.4591699],[49.5152315,56.422563],[49.4555742,56.4255317],[49.4411312,56.4490135],[49.4756819,56.4764538],[49.4238042,56.4780957],[49.4003505,56.3647584],[49.3351747,56.3648296],[49.3347554,56.3300729],[49.2529367,56.3499282],[49.2234847,56.3942844],[49.1670291,56.3904015],[49.1779861,56.3548031],[49.0515639,56.3447899],[49.0318057,56.2846569],[48.9224213,56.2561808],[48.9375374,56.2253789],[49.0241699,56.2353412],[49.0696524,56.2065552],[49.0515861,56.1902619],[48.984553,56.2005428],[48.9476996,56.1390458],[48.8486322,56.115987],[48.8299281,56.0503193],[48.6936776,56.0604276],[48.7142582,56.0483229],[48.6870217,56.0261881],[48.7250318,56.008075],[48.6661951,55.9383913],[48.4154202,55.9148545],[48.384271,55.8643431],[48.4512677,55.832142],[48.3955848,55.8299327],[48.4123072,55.7809569],[48.2663295,55.7805496],[48.2817901,55.761588],[48.2376827,55.7486789],[48.2350696,55.6894458],[48.134436,55.6915679],[48.1294987,55.6463475],[48.0839664,55.6947683],[48.0920217,55.6511886],[48.0334664,55.6509728],[48.0134033,55.6000159],[48.0820423,55.6163069],[48.0718193,55.5854006],[48.1451379,55.5698684],[48.1080847,55.5239811],[47.9696034,55.5153812],[47.9809831,55.4921712],[47.9084534,55.45908],[47.9127391,55.4294038],[47.7942112,55.3353262],[47.6895127,55.3631707],[47.6451087,55.3355301],[47.6986626,55.2903876],[47.6699429,55.2142135],[47.7837034,55.2386701],[47.8040308,55.3029547],[47.8668656,55.254228],[47.9017261,55.2622312],[47.8642142,55.2840683],[47.8736915,55.3232842],[48.0120362,55.2897866],[48.0129121,55.2382653],[48.0643162,55.2291419],[48.1084632,55.1395623],[48.0613098,55.1286951],[48.0867935,55.0939435],[48.063163,55.0836689],[48.0268721,55.1196879],[47.9016142,55.0918344],[47.9000177,55.0528153],[47.930529,55.0266535],[47.9524821,55.0645802],[48.0280344,55.0396953],[48.0116044,54.9855305],[47.9539648,54.9450429],[47.932178,54.9695928],[47.8957278,54.9416694],[47.7667367,54.9587734],[47.8016707,54.8264871],[47.8448773,54.8199513],[47.8235394,54.8034115],[47.7806151,54.8186504],[47.7358234,54.9089106],[47.7145983,54.9013398],[47.7414017,54.89183],[47.7437026,54.8099465],[47.6404042,54.8647512],[47.5861978,54.8263316],[47.3979274,54.8925693],[47.426415,54.8364401],[47.3619166,54.8280865],[47.3588407,54.7739651],[47.3876736,54.7527978],[47.2585968,54.6775318],[47.370814,54.6979043],[47.4052866,54.6383929],[47.344219,54.6213017],[47.3968552,54.4964095],[47.4245617,54.4985452],[47.405316,54.5331574],[47.4505611,54.567324],[47.594611,54.5401797],[47.6337577,54.5816466],[47.6129666,54.6129489],[47.692094,54.6557828],[47.6706763,54.6737288],[47.717752,54.7350285],[47.8229846,54.7283887],[47.8355588,54.6897363],[47.7701688,54.6828775],[47.816598,54.6416914],[47.9286914,54.6404568],[47.9207089,54.7196144],[48.0809696,54.7138716],[48.0560098,54.7425012],[48.1034152,54.7665232],[48.0980012,54.7385634],[48.1526437,54.7238385],[48.277954,54.7308697],[48.2296861,54.701703],[48.2806832,54.6634256],[48.3342463,54.7034234],[48.4651534,54.6252108],[48.8817414,54.625206],[48.8817796,54.7960204],[49.032398,54.8154601],[49.0895406,54.7882706],[49.148209,54.8418253],[49.2389706,54.8415593],[49.2715254,54.8613264],[49.2395841,54.8803095],[49.2882986,54.8914462],[49.405554,54.839052],[49.3779654,54.8277038],[49.5258161,54.7235978],[49.4797294,54.6885621],[49.551035,54.6680609],[49.5304796,54.628804],[49.5841515,54.5974929],[49.5601472,54.562065],[49.7374566,54.5768065],[49.9415656,54.535254],[49.9671431,54.5007185],[50.1952255,54.5011749],[50.2442619,54.4426711],[50.3074835,54.4426548],[50.3434752,54.4626219],[50.3244437,54.4808662],[50.374246,54.4934988],[50.4309442,54.4209956],[50.4627544,54.4284523],[50.5060564,54.3506226],[50.4830479,54.3458945],[50.5212626,54.3249494],[50.736443,54.4047196],[50.7502437,54.3759015],[50.8752582,54.384608],[50.9072985,54.3703401],[50.8995606,54.3433846],[50.9512605,54.3426393],[50.9498712,54.3961418],[50.999408,54.4029111],[50.9844444,54.4379956],[51.0208962,54.4696502],[51.0083646,54.5494356],[51.0744203,54.5402093],[51.1902875,54.6595646],[51.2526074,54.6336074],[51.388873,54.6771562],[51.3817516,54.5880793],[51.5131596,54.5953783],[51.5338198,54.6510484],[51.6336446,54.5650035],[51.9287826,54.5350554],[51.9515375,54.4734449],[51.9042719,54.4125393],[52.0662232,54.4182045],[52.0362737,54.3551629],[52.0925425,54.328302],[52.1168316,54.3553539],[52.0955282,54.3911912],[52.1579119,54.3648481],[52.2170498,54.4356159],[52.3323447,54.4482209],[52.3672216,54.3986609],[52.4319034,54.474154],[52.5021173,54.4590618],[52.4891782,54.3900702],[52.568276,54.3401279],[52.6964251,54.3607571],[52.9522388,54.3069507],[52.9006517,54.2720003],[53.0294656,54.291641],[52.9906464,54.318612],[53.0562969,54.3527385],[53.1546784,54.2889999],[53.1164262,54.2672193],[53.1400911,54.2472001],[53.0331128,54.2448897],[53.0749253,54.2211048],[53.051917,54.2174547],[52.9492926,54.2266872],[52.9689005,54.1825466],[53.0970165,54.1256899],[53.062389,54.0653768],[53.2363509,54.1131747],[53.2543035,54.0980344],[53.2257713,54.0872746],[53.2872436,54.0873666],[53.2868158,54.0295385],[53.3688603,53.9742444],[53.4144882,54.0305309],[53.5006057,54.0561286],[53.423514,54.2307946],[53.4460985,54.2585778],[53.4320477,54.3287597],[53.3818476,54.3738074],[53.4125769,54.3980321],[53.3876346,54.4193996],[53.4295404,54.4304591],[53.4033333,54.4507025],[53.4346416,54.4809171],[53.4228756,54.5644272],[53.6091005,54.6723918],[53.5755611,54.6780762],[53.6391587,54.747266],[53.6287734,54.8106219],[53.5889515,54.81584],[53.6493044,54.9065858],[53.5533616,54.8785033],[53.4751097,54.978258],[53.2763835,55.0409764],[53.2940451,55.0706749],[53.2587989,55.1027226],[53.164626,55.1091031],[53.1582942,55.1657165],[53.3713329,55.1731098],[53.398238,55.1918831],[53.3622388,55.2020654],[53.4269723,55.2300368],[53.616626,55.2143228],[53.6022691,55.2626421],[53.6856286,55.2770416],[53.6903854,55.3271327],[53.895764,55.3546509],[53.8727613,55.3943657],[53.926926,55.4550986],[53.9786236,55.4658699],[53.9664942,55.5310012],[54.1829161,55.6224466],[54.2656971,55.7037564],[54.1733224,55.7154283],[54.1164551,55.7572972],[54.1299271,55.7804508],[54.0465266,55.7767288],[54.0486744,55.8089401],[53.9594284,55.7786835],[53.9423121,55.8128676],[53.9917501,55.8474494],[53.8561331,55.8497989],[53.8937193,55.8743277],[53.7607926,55.9085212],[53.7274833,55.8870898],[53.7132455,55.9290858],[53.5476554,55.9121062],[53.4092222,55.8505778],[53.2406185,55.8721666],[53.2097319,55.936238],[53.3160419,55.9384655],[53.295792,55.9477876],[53.3237521,55.9860431],[53.3899925,55.9934359],[53.3653947,56.0167297],[53.4648597,56.0261955],[53.440391,56.0650235],[53.4970021,56.1363954],[53.5680523,56.1257314],[53.5524152,56.2182092],[53.5753319,56.2369808],[53.488775,56.2329859],[53.4337925,56.2761339],[53.2382511,56.2454135],[53.3151148,56.2162109],[53.3509439,56.1658162],[53.3471101,56.1093312],[53.3835014,56.090312],[53.3328297,56.0621063],[53.2631739,56.1076177],[53.1936531,56.1034655],[53.1552317,56.158943],[53.0880018,56.1411796],[53.1015085,56.1146822],[53.0641477,56.1298083],[53.0888604,56.1749486],[53.0488924,56.1692337],[53.0413461,56.1999163],[53.0676924,56.2111575],[53.0251711,56.2176723],[53.0617045,56.2121978],[53.0173501,56.1996432],[53.0429786,56.1706428],[52.9998663,56.1775523],[53.0229647,56.2039313],[52.9633822,56.2404472],[52.9687396,56.2798934],[52.9979702,56.2588091],[52.9908021,56.2857799],[52.944041,56.2854014],[52.9849758,56.3250995],[52.9595401,56.3413284],[53.0037464,56.4318718],[53.0883526,56.4545294],[53.087018,56.5110857],[53.1448277,56.5246978],[52.948265,56.5423715],[52.9670361,56.5202756],[52.9350592,56.4907238],[52.878214,56.5080928],[52.9692354,56.4599668],[52.9639861,56.4284296],[52.8294004,56.3789339],[52.7779682,56.3978328],[52.6539814,56.2742265],[52.5937892,56.285455],[52.55531,56.2428635],[52.7376289,56.2212474],[52.8821793,56.1598471],[52.8188904,56.1205323],[52.8808564,56.1186921],[52.8450426,56.0801278],[52.7125476,56.1301967],[52.7566074,56.0627805],[52.7358922,56.006141],[52.7567274,55.9895579],[52.4568633,56.082721],[52.4270045,56.0580844],[52.4994034,56.0328978],[52.4633118,56.0081386],[52.4157124,56.0360194],[52.3797182,56.0191359],[52.2426389,56.0982487],[52.2115221,56.091916],[52.2616002,56.0365564],[52.2064347,56.0205998],[52.2448092,55.9575207],[52.1793526,55.9503406],[52.1986732,55.9362336],[52.1562216,55.9043979],[52.0688551,55.9024018],[52.0822288,55.9252584],[52.0370093,55.9717989],[51.9524893,55.9898617],[51.9298554,55.9517428],[51.8547314,55.9464037],[51.7809698,55.8865639],[51.781854,55.9391496],[51.7113874,55.9416829],[51.7576145,55.9540914],[51.7427724,55.9815574],[51.7084526,55.94135],[51.647675,55.971199],[51.4870704,55.9601048],[51.5118594,55.9366233],[51.4701378,55.9545183],[51.4734294,55.9114874],[51.4059529,56.0083498],[51.3411229,56.0453756],[51.4079409,56.0088324],[51.4177066,56.0423774],[51.635028,56.0906308],[51.6391175,56.136153],[51.4440082,56.1273758],[51.320319,56.0607618],[51.2180748,56.0841968],[51.2079842,56.1231175],[51.0585321,56.1128157],[51.0667508,56.1316966],[50.9849575,56.1539713],[51.002454,56.2035894],[50.877348,56.1955597],[50.8321549,56.240606],[50.9173259,56.2783553],[50.8538901,56.3550914],[50.8835451,56.3717709],[50.7415881,56.4091964],[50.8270855,56.3468507],[50.7426396,56.3128198],[50.5797906,56.3493728],[50.6398244,56.4046026],[50.5718278,56.3934439],[50.489056,56.4797622],[50.5347186,56.5065307],[50.4382509,56.5505614],[50.4912409,56.60972],[50.4103068,56.5757835],[50.4305064,56.6085733],[50.3289528,56.6781671],[50.2992046,56.6322837],[50.1728192,56.6502964],[50.1494122,56.6041065],[50.0814235,56.6111768]],[[48.0506318,54.9890877],[48.1208296,55.0172757],[48.0506318,54.9890877]],[[47.8196195,54.903472],[47.8415969,54.915425],[47.8196195,54.903472]],[[47.8373005,54.7682532],[47.8538603,54.7416352],[47.8373005,54.7682532]]],[[[47.291423,54.8694517],[47.3296014,54.8880336],[47.291423,54.8694517]]],[[[52.1981792,56.0632013],[52.2281386,56.0484464],[52.1981792,56.0632013]]],[[[47.2370189,54.8467982],[47.2570292,54.8470925],[47.2370189,54.8467982]]],[[[47.6986208,55.3885327],[47.7427986,55.3675306],[47.6986208,55.3885327]]],[[[47.2940909,54.8478653],[47.3296955,54.8467841],[47.2940909,54.8478653]]],[[[53.0824163,56.1975865],[53.0824163,56.1975865]]],[[[47.342158,54.8758201],[47.342158,54.8758201]]],[[[53.0627065,56.1934523],[53.0627065,56.1934523]]]]}},{"type":"Feature","properties":{"name":"Tomsk Oblast"},"geometry":{"type":"Polygon","coordinates":[[[75.1312975,58.6638893],[75.1992954,58.6186818],[75.1094284,58.5757191],[75.3768351,58.4541007],[75.0566645,58.3391532],[75.2424887,58.2026148],[75.071473,58.1167928],[75.5657616,57.9345851],[75.5500391,57.6252185],[75.7041245,57.6249966],[75.8482675,57.3858005],[75.9654111,57.3936944],[76.0947282,57.2353136],[76.6955829,57.2127836],[76.9214195,57.1583701],[78.4475134,57.1653867],[78.4320825,57.1173424],[79.5885764,56.9231601],[80.2635167,56.4224455],[81.2202737,56.5375928],[81.5734033,56.2418883],[82.5006975,56.4052997],[82.6895961,56.4255173],[82.7482332,56.3996003],[82.8246225,56.4348278],[82.7914919,56.4647124],[82.8079714,56.5161726],[82.9461588,56.5377594],[83.0282129,56.5164567],[83.108747,56.5503077],[83.2883744,56.4427966],[83.1442188,56.3759431],[83.1929881,56.3279879],[83.0648401,56.2304766],[83.2119112,56.2077382],[83.1293895,56.1203564],[83.2213241,56.0861635],[83.2736644,56.1141543],[83.3021455,56.0955921],[83.2337477,56.0562692],[83.2295709,56.0120055],[83.3403788,55.979045],[83.31371,55.9611713],[83.400827,55.8951823],[83.3756851,55.8960179],[83.382134,55.8526805],[83.3164556,55.8558748],[83.210779,55.7303187],[83.3151024,55.6890079],[83.4454891,55.7230987],[83.4224918,55.6766531],[83.4435393,55.6702255],[83.5017495,55.7066908],[83.5854043,55.6707651],[83.6049411,55.6058384],[83.6276761,55.618778],[83.6078309,55.7041824],[83.6649606,55.7420303],[83.6436337,55.7486956],[83.7353593,55.786027],[83.7398716,55.8363597],[83.9502448,56.0150555],[84.2100021,56.0598686],[84.3425631,55.980996],[84.4685406,56.0529241],[84.8850015,56.1615517],[85.0026305,56.1089576],[85.1161256,56.1941005],[85.2077804,56.1978317],[85.2281841,56.2282121],[85.4530734,56.1949665],[85.6845185,56.211708],[85.5624924,56.280707],[85.7282957,56.3439195],[85.794741,56.334497],[85.8042964,56.4120629],[85.9865786,56.4367364],[86.000625,56.4823184],[86.1158984,56.5010615],[86.1070766,56.5392075],[86.195642,56.5787586],[86.2046226,56.623997],[86.3388874,56.6360745],[86.3344385,56.5920114],[86.3641359,56.5945632],[86.3826754,56.5480358],[86.4401318,56.5482687],[86.5912583,56.6135921],[86.6222001,56.5881228],[86.6781902,56.6432646],[86.7462448,56.6031764],[86.804658,56.6262119],[86.8593025,56.5531262],[86.9094657,56.5409031],[86.9696348,56.5788977],[87.0004942,56.5419096],[87.0920826,56.5343196],[87.2266248,56.5710268],[87.1585984,56.5873311],[87.1818211,56.6110083],[87.1564153,56.6069459],[87.1387341,56.6580244],[87.2427865,56.6302709],[87.3839772,56.6456107],[87.4033726,56.6270604],[87.347585,56.6109596],[87.3645797,56.5929574],[87.5966646,56.663656],[87.6539995,56.6006114],[87.6326117,56.5889867],[87.6543095,56.5436072],[88.0508806,56.6682091],[88.363476,56.8279399],[88.4244158,56.8344202],[88.5239526,56.768973],[88.5975569,56.8021984],[88.7145536,57.0922937],[88.5169817,57.0904433],[88.5040841,57.1249325],[88.5548062,57.1253955],[88.6225054,57.2093495],[88.7341554,57.2080352],[88.8698534,57.4772465],[88.9009796,57.4361001],[88.9449472,57.4381035],[88.9760814,57.50142],[89.0428493,57.5009505],[89.0240857,57.4741218],[89.0531202,57.4548117],[89.0903074,57.5026097],[89.1372881,57.4828031],[89.1606992,57.4942911],[89.0987641,57.5172089],[89.1303369,57.6153406],[89.2115003,57.594065],[89.3552479,57.6156574],[89.3790331,57.6558674],[89.3408042,57.8192525],[89.3745507,57.8646176],[89.2973812,57.9490767],[88.8589536,57.9551858],[88.6872531,58.0361991],[88.1066588,58.1127721],[88.069853,58.2200644],[88.0169879,58.2142578],[87.9240133,58.5113453],[88.3838354,58.8938784],[88.8286602,59.0226045],[88.5758264,59.212216],[88.6264675,59.2951263],[87.9022263,59.2562379],[87.5142254,59.6644103],[87.174086,59.6825285],[87.0780475,59.8790741],[86.6364995,59.9486539],[86.0189367,59.9485678],[85.4995509,59.8830316],[84.6816636,59.89955],[84.5743616,59.9727865],[84.6334514,60.0297956],[84.6136471,60.165509],[84.7382809,60.2517976],[84.7136277,60.2991705],[84.7914872,60.3523664],[84.3510786,60.8017717],[84.2939211,60.808916],[84.2631099,60.8625176],[83.9496941,60.8362171],[83.4769092,61.0356717],[83.1179121,61.0124001],[82.3764514,60.7068791],[82.4096007,60.6081553],[82.1673052,60.5163396],[81.8795342,60.639791],[81.5842632,60.6379827],[81.458741,60.6071387],[81.1041904,60.6420482],[81.0524474,60.755725],[80.7048373,60.8027794],[80.6390585,60.7707383],[80.4049723,60.7501975],[80.2009967,60.6753218],[79.6533619,60.686547],[79.3902664,60.6348629],[79.2884792,60.7207343],[79.3081582,60.7961909],[79.2129471,60.8262717],[79.083266,60.7999411],[78.9855159,60.820424],[78.7955184,60.7491882],[78.6979467,60.8252181],[78.4872679,60.7638842],[78.0883453,60.7967844],[77.9699629,60.7406963],[77.7043231,60.8199899],[77.4328393,60.8109805],[77.1104824,60.8585195],[77.0671727,60.7940338],[77.1138105,60.7442612],[77.0975464,60.7052903],[77.0141674,60.6929738],[76.9856138,60.6632857],[77.0093563,60.6537832],[76.9615547,60.6608449],[76.9556395,60.6284835],[77.0637453,60.612074],[77.0418527,60.5827065],[77.0720448,60.5233267],[76.7993475,60.4687508],[76.8128464,60.4211923],[76.7562146,60.3776186],[76.7644407,60.3281134],[76.8669108,60.2747622],[76.8279558,60.1797288],[76.7140207,60.1155554],[76.7724326,60.0656743],[76.7728893,59.9911837],[76.7405468,59.7112083],[76.6683623,59.6850411],[76.6648877,59.571174],[76.1771658,59.5300006],[75.9878346,59.3825516],[75.8981938,59.4003314],[75.8403393,59.2809586],[75.6381281,59.2117111],[75.727608,59.0153725],[75.7011482,58.9685844],[75.1312975,58.6638893]]]}},{"type":"Feature","properties":{"name":"Nizhny Novgorod Oblast"},"geometry":{"type":"MultiPolygon","coordinates":[[[[42.4335751,54.7935612],[42.5016854,54.8381403],[42.624205,54.7800975],[42.7290151,54.8176288],[42.735859,54.7883383],[42.8035066,54.7758964],[42.7928862,54.7548553],[42.9010943,54.75964],[42.9695475,54.7977141],[43.0860259,54.7747874],[43.1692268,54.8977689],[43.2216914,54.8935176],[43.2169998,54.8252138],[43.1842887,54.8246187],[43.2183742,54.8036416],[43.4823501,54.8178568],[43.4799023,54.8886627],[43.418422,54.9315017],[43.4547708,54.9344084],[43.4862606,54.9042293],[43.5907677,54.9026531],[43.6182225,54.8544232],[43.7337062,54.8201814],[43.9577556,54.8060862],[43.9210168,54.7394942],[44.0898026,54.7375779],[44.0684405,54.6485673],[44.1720051,54.6353617],[44.2005789,54.5964589],[44.3562903,54.5904529],[44.4050373,54.5346452],[44.4685178,54.5221348],[44.5367375,54.5179039],[44.5985957,54.5702616],[44.6591051,54.5139124],[44.6238188,54.495766],[44.6023193,54.517172],[44.5861504,54.4715083],[44.7697725,54.5208909],[44.9195229,54.4621026],[45.1402822,54.4893529],[45.1437007,54.5282091],[45.0111334,54.5518048],[45.0476845,54.5816497],[45.0361036,54.6298577],[45.0874102,54.6523522],[45.0182531,54.7052831],[45.0248573,54.7332776],[45.111952,54.8000552],[45.1943996,54.7495739],[45.2307012,54.8772851],[45.4268458,54.8855284],[45.4152557,54.9470771],[45.4477754,54.9818145],[45.4118297,54.9972217],[45.4864021,55.1122678],[45.5705764,55.1011241],[45.5476462,55.1354188],[45.7031206,55.1902678],[45.785319,55.1261495],[45.7192517,55.0811376],[45.7521119,55.0679218],[45.701842,55.0021318],[45.9742443,55.0012671],[46.0779933,55.0821888],[46.0321794,55.0942498],[46.012038,55.1627809],[46.0514293,55.1706701],[46.0781814,55.2210209],[46.2226436,55.2730259],[46.2007416,55.3407631],[46.2365566,55.3455293],[46.2141548,55.3717293],[46.3892197,55.4276508],[46.3910694,55.461709],[46.32416,55.4779789],[46.3455683,55.5056253],[46.2506956,55.5029794],[46.2063923,55.543998],[46.1330218,55.5154705],[46.0460128,55.6284224],[45.9619111,55.6297987],[45.9164418,55.6680274],[45.9564179,55.7167267],[45.9481567,55.755476],[46.1004418,55.7986374],[46.1113529,55.831387],[46.0734925,55.8697643],[46.1685368,55.8861834],[46.079286,55.9486325],[46.1852501,56.0316178],[46.1383954,56.0177852],[46.1529866,56.051544],[46.0874969,56.0377918],[46.1126848,56.0709052],[46.054453,56.073778],[46.0470443,56.121547],[46.1105987,56.1444517],[46.0969957,56.1770457],[45.9635288,56.1624991],[45.8662864,56.2548365],[45.9203331,56.2564688],[45.923174,56.3125391],[45.9700406,56.3184562],[45.933834,56.3733132],[45.9636657,56.4286888],[45.7532447,56.4128206],[45.7684726,56.4462754],[45.6619022,56.4609178],[45.6270508,56.5680213],[45.6700657,56.6144857],[45.9547464,56.6504307],[45.891575,56.6842943],[45.9189622,56.70399],[45.8588371,56.6978341],[45.8660499,56.7358425],[45.9221112,56.7277564],[45.9414013,56.8593825],[45.9705241,56.8706623],[46.3035454,56.8874191],[46.3147661,56.9452468],[46.5388102,56.9133968],[46.6731702,56.942033],[46.6695257,56.9711169],[46.7646531,56.9677857],[46.7905242,56.9967267],[46.7485228,57.0009552],[46.7544503,57.0328396],[46.8155633,57.0791122],[46.7670517,57.0965256],[46.8027779,57.1234395],[46.7491783,57.161911],[46.8381555,57.1771289],[46.8565625,57.2214936],[46.7972293,57.2241493],[46.7981796,57.2905292],[46.7177026,57.2855113],[46.6832452,57.3409449],[46.7790611,57.3843566],[46.7716382,57.4093163],[46.7090079,57.3816147],[46.6878028,57.4064957],[46.8216392,57.4466325],[46.7529334,57.521511],[47.0219388,57.4878067],[47.2937168,57.561322],[47.4813646,57.515179],[47.4941005,57.5786973],[47.5333648,57.5780759],[47.5167362,57.627954],[47.5564967,57.6527486],[47.5351916,57.6892729],[47.6055831,57.7411039],[47.5996519,57.7849288],[47.5630387,57.7947051],[47.6171449,57.8592282],[47.7698457,57.8928553],[47.6907656,57.9481833],[47.4153269,57.9783029],[47.4171818,58.0068565],[46.5029754,58.0447526],[46.4387569,58.0032034],[46.3449297,58.0622181],[45.8095135,58.0437567],[45.7477983,58.0283441],[45.7121897,57.9421138],[45.6137687,57.9187509],[45.5088827,57.9760736],[45.5089097,58.0285115],[45.2935244,58.0320567],[45.2214583,58.0527152],[45.2235713,58.0886662],[45.0094639,58.0911755],[44.8690062,58.0767124],[44.8132057,58.0143838],[44.827188,57.9712789],[44.800976,57.9598614],[44.8807832,57.8819237],[44.8355851,57.7995573],[44.7610269,57.7534219],[44.7665047,57.7124138],[44.5788228,57.6936545],[44.3652854,57.5283371],[43.8533936,57.417485],[43.6720857,57.4910479],[43.6318997,57.5471574],[43.5101225,57.5674334],[43.5360985,57.5991443],[43.4735304,57.5928516],[43.3072684,57.4825282],[43.323361,57.4141448],[43.0867666,57.1667659],[43.1048954,57.0858279],[43.2147345,56.9786152],[43.3005965,56.8208312],[43.2594967,56.8006538],[43.2365151,56.8512821],[43.1523363,56.8790274],[43.1052791,56.8292296],[42.8708136,56.8094286],[42.7974469,56.6917274],[42.8591458,56.6366186],[42.9273358,56.6349382],[42.9249104,56.5693638],[42.8211335,56.5159313],[42.9027095,56.5116075],[42.8972871,56.4703421],[42.6510562,56.4684702],[42.6780561,56.441325],[42.606486,56.4100442],[42.7754076,56.3302623],[42.8032442,56.2900198],[42.7408019,56.262393],[42.7841239,56.2198182],[42.757138,56.1956035],[42.8320585,56.2089921],[42.8036385,56.1950967],[42.8311667,56.1788],[42.9126282,56.2087994],[42.9067364,56.1852171],[42.976134,56.1673544],[42.9669189,56.1454623],[42.6713063,56.0892554],[42.6806516,56.0482373],[42.7119271,56.0465369],[42.7185452,55.9692201],[42.6642086,55.981649],[42.5765818,55.9246949],[42.5306844,55.9543722],[42.5038524,55.8783586],[42.3967106,55.7899576],[42.2746583,55.7677006],[42.188331,55.6770397],[42.1287844,55.6783533],[42.1442399,55.6221682],[42.0751553,55.6208824],[42.0648296,55.587369],[42.103603,55.528165],[42.0854696,55.4963744],[42.1668709,55.4439947],[42.0929326,55.4020235],[42.0591537,55.4165307],[42.0022085,55.325096],[41.9465439,55.3475696],[41.9725209,55.2866048],[41.8605275,55.2411095],[41.9083364,55.2102817],[41.7839535,55.1297527],[41.8019828,55.0707127],[41.8580927,55.0572806],[41.9994834,55.0980828],[41.998344,54.9953378],[42.0607723,54.9776625],[42.2271882,54.9589231],[42.4452747,55.0255254],[42.4854902,55.0093549],[42.445453,54.9646533],[42.4944196,54.9077071],[42.4249332,54.8616047],[42.4495742,54.8335097],[42.4335751,54.7935612]]],[[[42.7851209,56.2873364],[42.7851209,56.2873364]]]]}},{"type":"Feature","properties":{"name":"Republic of Karelia"},"geometry":{"type":"MultiPolygon","coordinates":[[[[35.19075,62.58925],[35.23625,62.5895],[35.19075,62.58925]]],[[[36.6636038,64.0902784],[36.6953918,64.1072815],[36.6636038,64.0902784]]],[[[36.6303747,64.2409516],[36.5627264,64.2282027],[36.6202639,64.2165855],[36.6256562,64.1897478],[36.6962639,64.2145855],[36.6303747,64.2409516]]],[[[36.38661875,64.30782734634917],[36.4190167,64.2946527],[36.38661875,64.30782734634917]]],[[[35.859475,64.31593590359665],[35.8964961,64.3062686],[35.8447177,64.3308847],[35.859475,64.31593590359665]]],[[[36.4501528,64.335902],[36.4150155,64.3349839],[36.4501528,64.335902]]],[[[35.9841335,64.3103922],[36.0056815,64.3516476],[35.9452255,64.3911292],[35.8672946,64.38029],[35.927677,64.3187128],[35.9841335,64.3103922]]],[[[35.20502050916304,62.138771875],[35.2313288,62.1266721],[35.1868446,62.1524739],[35.20502050916304,62.138771875]]],[[[34.62900625,62.29625125212622],[34.6610106,62.2700156],[34.6086449,62.3110946],[34.62900625,62.29625125212622]]],[[[34.543847,62.3493271],[34.5691617,62.3376246],[34.543847,62.3493271]]],[[[34.65333048921233,62.40244375],[34.6829695,62.39192],[34.6303779,62.4218149],[34.65333048921233,62.40244375]]],[[[35.589,62.453],[35.629,62.423],[35.582,62.47225],[35.56675,62.45725],[35.589,62.453]]],[[[34.4846157,62.5433046],[34.5088243,62.515069],[34.4846157,62.5433046]]],[[[35.24025,62.56475],[35.2845,62.5525],[35.24025,62.56475]]],[[[35.244040625,64.39005683894405],[35.2184791,64.3854993],[35.2663009,64.355344],[35.3059178,64.3785534],[35.2846018,64.4030904],[35.244040625,64.39005683894405]]],[[[35.7583893,64.3735362],[35.7083717,64.3888106],[35.7583893,64.3735362]]],[[[35.4414655,64.3904239],[35.4693482,64.3981219],[35.4414655,64.3904239]]],[[[35.5466122,64.3894625],[35.5798561,64.4053063],[35.52912,64.4054501],[35.5466122,64.3894625]]],[[[35.7069394,64.6033273],[35.6350717,64.6287931],[35.7069394,64.6033273]]],[[[35.5079125,64.68311584961272],[35.5987552,64.6698438],[35.5079125,64.68311584961272]]],[[[34.98056875,64.70824092561816],[35.0079219,64.7033199],[34.98056875,64.70824092561816]]],[[[34.892478125,64.75890952173488],[34.8255715,64.7079725],[35.0216615,64.7436951],[34.892478125,64.75890952173488]]],[[[34.9552848,64.7903403],[34.9600866,64.8125988],[34.9552848,64.7903403]]],[[[34.89266841051679,64.91723188748703],[34.91017,64.9034301],[34.89266841051679,64.91723188748703]]],[[[35.156267244141844,64.93021980248707],[35.0966501,64.9398116],[35.156267244141844,64.93021980248707]]],[[[35.15615,64.94360306784729],[35.1773817,64.9426301],[35.15615,64.94360306784729]]],[[[34.9991895,64.9556583],[34.9991895,64.9556583]]],[[[34.8047875,64.989343209736],[34.84402,64.98843],[34.8047875,64.989343209736]]],[[[34.8047875,65.06792603823578],[34.83139,65.0819601],[34.8047875,65.06792603823578]]],[[[34.68586,65.10119],[34.7274601,65.1156799],[34.68586,65.10119]]],[[[34.6954401,65.1753899],[34.72686,65.19063],[34.6475399,65.1879399],[34.6954401,65.1753899]]],[[[34.81238,65.68331],[34.8495499,65.69565],[34.81238,65.68331]]],[[[34.7006701,65.71131],[34.7301301,65.72007],[34.7006701,65.71131]]],[[[34.98036875,64.95159637410801],[35.0087387,64.951639],[34.98036875,64.95159637410801]]],[[[34.2586201,66.1608401],[34.2060501,66.17826],[34.2586201,66.1608401]]],[[[33.8979509,66.2137002],[33.9313908,66.2269961],[33.8979509,66.2137002]]],[[[33.9105301,66.25252],[33.9723501,66.26838],[33.78695,66.27608],[33.9105301,66.25252]]],[[[33.6396354,66.2901244],[33.7104642,66.283177],[33.6396354,66.2901244]]],[[[33.450817,66.3060265],[33.4918849,66.3148126],[33.4246305,66.3146724],[33.450817,66.3060265]]],[[[33.8794933,66.3113447],[33.8000003,66.3240518],[33.8794933,66.3113447]]],[[[33.65602,66.31875],[33.6033196,66.3206134],[33.65602,66.31875]]],[[[33.75001082275603,66.41814698538236],[33.8016099,66.4174],[33.7257799,66.42238],[33.75001082275603,66.41814698538236]]],[[[33.4398996,66.4775173],[33.40141,66.4825999],[33.4398996,66.4775173]]],[[[33.046975,66.52221968164794],[33.0074601,66.5156001],[33.1398,66.51502],[33.046975,66.52221968164794]]],[[[33.7501,66.2994594978],[33.8080936,66.3158392],[33.7884413,66.3391048],[33.644737,66.3044006],[33.7501,66.2994594978]]],[[[33.8291972,66.3298509],[33.859537,66.3592753],[33.7970751,66.3612656],[33.8291972,66.3298509]]],[[[29.926111018850325,61.171975],[30.0444234,61.1553191],[29.9359821,61.1785754],[30.0411196,61.1721961],[30.0029933,61.1903082],[30.0189892,61.2043129],[29.8896264,61.2150852],[29.9379651,61.1909148],[29.926111018850325,61.171975]]],[[[30.6985798,61.2006657],[30.6750622,61.210753],[30.6985798,61.2006657]]],[[[30.096619,61.2748732],[30.1413708,61.2815333],[30.096619,61.2748732]]],[[[29.9826347,61.2298816],[30.0298039,61.2205981],[29.9826347,61.2298816]]],[[[29.9226826,61.2332546],[29.9473867,61.2214221],[29.9226826,61.2332546]]],[[[30.4102,61.2271751],[30.4414967,61.2448799],[30.4102,61.2271751]]],[[[29.970603125,61.22302138590045],[29.9429162,61.2314105],[29.970603125,61.22302138590045]]],[[[29.970603125,61.23573208702815],[30.0054373,61.2314532],[29.9072169,61.2495134],[29.970603125,61.23573208702815]]],[[[31.78812635,61.34556186615082],[31.6589743,61.3766261],[31.7126928,61.3297505],[31.9173979,61.282133],[31.78812635,61.34556186615082]]],[[[31.640525,61.28410506194809],[31.6624593,61.3079699],[31.6300826,61.3359315],[31.6614911,61.3552661],[31.551561,61.410513],[31.5373131,61.3542751],[31.640525,61.28410506194809]]],[[[30.41005625,61.313498652072035],[30.4354452,61.3057873],[30.41005625,61.313498652072035]]],[[[30.234475,61.324087850530034],[30.2132762,61.3196111],[30.2336095,61.2957866],[30.2710648,61.3047456],[30.234475,61.324087850530034]]],[[[30.278238,61.3285394],[30.2563118,61.3241625],[30.3042126,61.3241299],[30.278238,61.3285394]]],[[[30.234275,61.28574284068214],[30.1715041,61.2806029],[30.234275,61.28574284068214]]],[[[31.4582707,61.5535456],[31.4167544,61.5667609],[31.4582707,61.5535456]]],[[[30.673928125,61.56667017838246],[30.5665936,61.5887695],[30.6951889,61.5630258],[30.673928125,61.56667017838246]]],[[[30.3148783,61.4356193],[30.3595526,61.4521188],[30.2357235,61.4869674],[30.3148783,61.4356193]]],[[[30.322165625,61.484846662888536],[30.4036567,61.4726489],[30.3298254,61.5080564],[30.322165625,61.484846662888536]]],[[[30.322165625,61.505466994358756],[30.2691931,61.5000049],[30.3083671,61.4792917],[30.322165625,61.505466994358756]]],[[[30.5860375,61.493048244123216],[30.6093445,61.4957069],[30.5835739,61.5222009],[30.5126437,61.5072727],[30.5860375,61.493048244123216]]],[[[30.322165625,61.33820179699527],[30.2863611,61.340031],[30.322165625,61.33820179699527]]],[[[30.24707854882199,61.34775625],[30.2892028,61.3363038],[30.24707854882199,61.34775625]]],[[[30.263166902956304,61.34775625],[30.2423668,61.3536881],[30.263166902956304,61.34775625]]],[[[30.2870726556731,61.34755625],[30.364745,61.3581391],[30.2870726556731,61.34755625]]],[[[30.9376,61.39456520803348],[30.9449467,61.3720717],[30.8924304,61.387347],[30.8824057,61.3598566],[31.0046348,61.3455664],[30.9797169,61.3848131],[31.0361254,61.4054102],[30.9376,61.39456520803348]]],[[[30.234475,61.37954007091873],[30.2272375,61.3571475],[30.3538058,61.380875],[30.234475,61.37954007091873]]],[[[30.937592557297776,61.38949470012275],[30.8983473,61.3963525],[30.937592557297776,61.38949470012275]]],[[[30.234475,61.40148562842853],[30.2663962,61.3897255],[30.234475,61.40148562842853]]],[[[30.254385233637205,61.435446875],[30.3056156,61.4073282],[30.3019749,61.4431123],[30.254385233637205,61.435446875]]],[[[35.6924682,61.9913418],[35.6669796,61.9903456],[35.6924682,61.9913418]]],[[[35.19869114087569,61.8749],[35.1622618,61.8578039],[35.2367931,61.8366067],[35.2247359,61.8849056],[35.3357711,61.8775053],[35.3074493,61.9884597],[35.3450986,61.9647473],[35.3651958,62.0091823],[35.3232685,62.083926],[35.233,62.0575502],[35.2453565,61.9979424],[35.2038126,61.9943464],[35.1986843,61.9333562],[35.1786726,61.9473955],[35.19869114087569,61.8749]]],[[[34.559916,61.9852642],[34.6349064,61.9268865],[34.6789794,61.9293681],[34.6063639,62.0007458],[34.6240122,61.9859371],[34.559916,61.9852642]]],[[[35.15635,61.931812378999794],[35.1450914,61.9835127],[35.0867583,62.0303472],[35.0962978,61.9433729],[35.15635,61.931812378999794]]],[[[35.1650647,61.9946003],[35.1805102,61.9800276],[35.1650647,61.9946003]]],[[[34.4161515,62.0669789],[34.3694884,62.0929808],[34.4161515,62.0669789]]],[[[35.2000953125,62.093448839901946],[35.2279732,62.0611655],[35.2000953125,62.093448839901946]]],[[[31.001,61.68425],[31.051,61.66975],[31.001,61.68425]]],[[[31.2043511,61.6223487],[31.186271,61.6349651],[31.2043511,61.6223487]]],[[[30.76161875,61.62221079844354],[30.784765,61.6314363],[30.76161875,61.62221079844354]]],[[[30.946,61.6185],[30.946,61.6185]]],[[[30.833857012260854,61.69931875],[30.853386,61.6550581],[30.9338408,61.635512],[30.8938981,61.6539171],[30.9404183,61.663696],[30.9268571,61.6974097],[30.833857012260854,61.69931875]]],[[[31.054743,61.6311287],[31.0062358,61.6444389],[31.054743,61.6311287]]],[[[30.9752656,61.6481298],[31.0048677,61.6400696],[30.947036,61.6774558],[30.9752656,61.6481298]]],[[[30.71742061737466,61.69931875],[30.7014396,61.6438891],[30.7531574,61.6459442],[30.7085,61.63675],[30.81975,61.65],[30.7527599,61.6806511],[30.8255,61.66925],[30.7877113,61.703039],[30.7965,61.7335],[30.71742061737466,61.69931875]]],[[[30.76181875,61.5856968150152],[30.7091038,61.5905661],[30.76181875,61.5856968150152]]],[[[30.7063851,61.6070261],[30.6836185,61.5897366],[30.735368,61.6026919],[30.7063851,61.6070261]]],[[[31.343,61.58225],[31.343,61.58225]]],[[[31.256,61.59875],[31.256,61.59875]]],[[[30.7705814,61.6194951],[30.8070402,61.6005384],[30.7705814,61.6194951]]],[[[30.9930827,61.6169409],[31.013,61.624],[30.9930827,61.6169409]]],[[[30.8055137,61.6351779],[30.8415411,61.5967372],[30.8372105,61.6363974],[30.8055137,61.6351779]]],[[[30.9376,61.61201541555615],[30.8644553,61.6455276],[30.88174,61.6116836],[30.9376,61.61201541555615]]],[[[35.2000953,62.1106893],[35.2270803,62.1000967],[35.2000953,62.1106893]]],[[[29.3059283,61.3292931],[29.424469,61.2564271],[29.5512384,61.240634],[29.5829207,61.1779893],[29.9040261,61.1651124],[29.7859312,61.2221542],[29.9148741,61.1893289],[29.8510489,61.2269664],[29.9212258,61.2359368],[29.8223976,61.2614452],[29.903997,61.2509268],[29.8771345,61.2813304],[29.9015961,61.2983693],[30.078638,61.2261097],[30.0722693,61.2494017],[30.109245,61.2536737],[30.0609131,61.292142],[30.2321211,61.2948308],[30.1586721,61.3294076],[30.258943,61.3290398],[30.2426638,61.3497985],[30.1603847,61.3368121],[30.1411804,61.3618703],[30.2162319,61.3554251],[30.2172567,61.4002416],[30.1767769,61.4164044],[30.2490845,61.4214893],[30.21058,61.5261513],[30.2450052,61.5003308],[30.3104851,61.5310205],[30.3499778,61.4958752],[30.4688032,61.4777856],[30.4914767,61.5031638],[30.4440891,61.4966717],[30.467715,61.5135269],[30.4088601,61.540911],[30.4857002,61.5127193],[30.5580405,61.5401822],[30.51163,61.5608594],[30.6397848,61.5477996],[30.5372822,61.5876623],[30.6210898,61.5955241],[30.5519894,61.6112517],[30.6190021,61.6316086],[30.7213476,61.6143959],[30.6591045,61.6279151],[30.6894185,61.6496308],[30.6557118,61.6644195],[30.6945263,61.6770734],[30.6779905,61.7044863],[30.7940535,61.7442704],[30.763969,61.7851541],[30.9220941,61.7461539],[30.871735,61.7241533],[31.0978047,61.6878538],[31.0734501,61.6607995],[31.1086239,61.5965781],[31.1826533,61.6025151],[31.15025,61.64825],[31.1684483,61.6675467],[31.1898673,61.6121349],[31.1761177,61.638362],[31.2354473,61.6068659],[31.2276015,61.6581733],[31.2722627,61.6496384],[31.2910954,61.584774],[31.2807454,61.6166395],[31.3293759,61.5835487],[31.314613,61.6174314],[31.3547818,61.607148],[31.3326375,61.6520106],[31.369373,61.6109027],[31.4045345,61.6350411],[31.4843861,61.5344143],[31.5689851,61.5075998],[31.5386053,61.4671138],[31.6101295,61.4083269],[31.6789759,61.3882811],[31.5793376,61.4511053],[31.611142,61.4924577],[31.7037251,61.3868248],[31.8506373,61.3539834],[31.9073399,61.2957707],[32.5097522,61.1285901],[32.5935858,61.064819],[32.5857529,60.9871777],[32.6253762,60.9927936],[32.7064004,60.8892387],[32.8100544,60.8390769],[32.8210702,60.7080037],[32.9146966,60.6795685],[32.9230995,60.7170899],[33.1576841,60.74547],[33.1730971,60.7922616],[33.2591219,60.7985805],[33.1795577,60.8208877],[33.2510154,60.8743076],[33.4665037,60.927591],[33.4216931,60.9831348],[33.4490509,61.003278],[33.7854243,60.9370301],[33.9195625,61.0732165],[33.7380387,61.1310228],[33.5912347,61.0637949],[33.4499037,61.1546037],[33.5757567,61.2188958],[34.2379828,61.2439519],[34.3366883,61.220177],[34.4443457,61.1437416],[34.4912305,61.1995919],[34.464717,61.2080638],[34.474435,61.2336631],[34.5457242,61.2756348],[34.7689597,61.3122791],[35.087467,61.2419329],[35.393571,61.2824427],[35.3521438,61.1764619],[35.4032862,61.1755472],[35.4019136,61.1387343],[35.602303,61.178746],[35.6034232,61.2466614],[35.5343397,61.276826],[35.4868179,61.3690405],[35.3536086,61.383514],[35.3245211,61.415389],[35.3556686,61.4232813],[35.2516418,61.4559446],[35.25088,61.4797431],[35.1472045,61.4713863],[35.0957733,61.5064315],[35.0552612,61.4823457],[35.0741439,61.5208413],[34.9162155,61.5128185],[34.7077157,61.5761151],[34.6487405,61.6100234],[34.6917722,61.6239452],[34.656989,61.6476635],[34.5933639,61.6453655],[34.4997313,61.7415958],[34.3057537,61.8269895],[34.4603245,61.8343587],[34.5715728,61.7912247],[34.5593572,61.8171431],[34.5940777,61.8303485],[34.5402013,61.8649935],[34.6173707,61.8568262],[34.4991648,61.9024619],[34.6116034,61.8685111],[34.6302276,61.8957464],[34.5030506,62.0243025],[34.2858948,62.0972525],[34.2798698,62.1315126],[34.3080709,62.112073],[34.2874006,62.1450262],[34.2165727,62.1827784],[34.246884,62.1833886],[34.2369025,62.203188],[34.737001,62.0190601],[34.6002184,62.1877962],[34.6635415,62.1572423],[34.5435927,62.2386053],[34.6019408,62.2151019],[34.5944709,62.2432845],[34.722317,62.1620659],[34.6915846,62.2380112],[34.5718796,62.3112908],[34.4195,62.47675],[34.8106174,62.2268976],[34.7743274,62.3234064],[34.5781653,62.4352936],[34.4411611,62.6070584],[34.7053881,62.4428485],[34.83075,62.3135],[34.81525,62.27425],[34.8375,62.2615],[34.81925,62.3495],[34.8719072,62.290366],[34.884,62.22075],[34.82475,62.25925],[34.9151742,62.1386313],[35.1649605,61.9978845],[35.1808401,62.0154948],[35.1528998,62.034736],[35.2175219,62.0488057],[35.1628984,62.1210864],[35.0170066,62.2032212],[35.0515197,62.2127202],[35.0200416,62.24972],[35.0609475,62.2545291],[35.1728434,62.1727399],[35.2830552,62.174842],[35.3728282,62.1236188],[35.4141241,62.1823865],[35.4654427,62.1574158],[35.5654323,62.2062724],[35.5679649,62.2369258],[35.6062877,62.2337734],[35.5389964,62.3724936],[35.3564324,62.5312906],[35.3720648,62.5567675],[35.3272264,62.5749984],[35.3570743,62.5111566],[35.3342433,62.4982386],[35.1164292,62.5463757],[34.9457736,62.6464194],[34.9136729,62.6470504],[34.9941821,62.5955013],[34.8951335,62.6316661],[34.8230357,62.6105095],[34.9809642,62.4792079],[35.0782962,62.3402348],[34.9044032,62.5346009],[34.8704143,62.5595298],[34.9480052,62.4718303],[34.8194308,62.5678348],[34.8422618,62.574398],[34.8158259,62.6124837],[34.6644206,62.6797648],[34.7978015,62.5653831],[34.5784456,62.7381215],[34.5249776,62.8444685],[34.4825013,62.8528633],[34.4999159,62.8243751],[34.4529516,62.8494903],[34.4424902,62.8960112],[34.4938984,62.9155531],[34.5769039,62.9028248],[34.7167773,62.7954327],[34.8111612,62.8457862],[35.1145573,62.7403522],[34.9698242,62.7523908],[35.4164642,62.6568319],[35.4527247,62.6287847],[35.4229917,62.6089493],[35.5576582,62.5320283],[35.48042,62.5992651],[35.506167,62.6384321],[35.5936668,62.6090566],[35.5730177,62.5798739],[35.5951779,62.5725309],[35.5429724,62.5586808],[35.7473998,62.53951],[35.8613055,62.4370109],[35.8411043,62.3724778],[35.8633399,62.3460035],[35.8374615,62.3328194],[35.8620696,62.3096994],[35.8146911,62.2838429],[35.8194201,62.2164942],[35.6753021,62.040798],[35.9087615,61.925329],[35.8660811,61.9233543],[35.8953719,61.8828051],[35.83025,61.8485],[36.0048919,61.7837856],[36.0613039,61.7154806],[36.0214722,61.6727781],[36.1684989,61.6052397],[36.2470178,61.4846521],[36.3798004,61.4607018],[36.4593389,61.4071577],[36.5168382,61.427001],[36.4954895,61.4409797],[36.584329,61.5394596],[36.6959126,61.5600663],[36.8739329,61.539284],[37.0299721,61.6142319],[37.1707949,61.5572212],[37.2923604,61.5505562],[37.3046105,61.5101189],[37.8167399,61.5298114],[37.7715869,61.5480039],[37.7598428,61.6154288],[37.8004058,61.6814196],[37.8800479,61.7135594],[37.8594504,61.7555788],[37.9466381,61.9583007],[37.8118498,62.0073893],[37.8239788,62.03764],[37.7372134,62.1663807],[37.7583473,62.1734952],[37.7018122,62.2126839],[37.4523745,62.1985575],[37.4809642,62.2359776],[37.4647382,62.2580127],[37.597557,62.3585626],[37.5849124,62.4016032],[37.6353815,62.4773963],[37.5770107,62.4991947],[37.5198538,62.6490602],[37.3689406,62.6778862],[37.0706412,62.6486827],[36.8217117,62.6960103],[36.5284674,62.793114],[36.2581386,63.0115301],[36.2469581,63.0514035],[36.3132633,63.1131177],[36.307068,63.1507602],[36.4050322,63.1953846],[36.3911144,63.2259459],[36.2457648,63.2115112],[36.2618944,63.2804006],[36.1920718,63.4256088],[36.0298884,63.4654277],[35.8927733,63.5762262],[35.9353496,63.6053994],[36.4552157,63.6264846],[36.5903948,63.7482009],[36.548059,63.8406428],[36.553421997314565,63.95123708042519],[36.3488,63.9883499],[36.3003999,63.97103],[36.2487646,64.00599],[36.2619655,64.0527089],[36.1760328,64.0738851],[36.1785401,64.1035399],[36.2414585,64.1276215],[36.0469638,64.2127327],[35.9607599,64.18851],[35.8942863,64.2372978],[35.9243024,64.2643774],[35.8952699,64.28657],[35.6982993,64.3617169],[35.5902949,64.3808114],[35.62674,64.3466601],[35.6139701,64.3241199],[35.4036072,64.2836614],[35.328004,64.296743],[35.3418579,64.3439037],[35.1451856,64.3497846],[35.1182699,64.4189597],[34.9647468,64.4177628],[34.98993,64.47489],[35.029935,64.4821318],[35.0114035,64.5060838],[34.8857003,64.4790205],[34.758666,64.5331046],[34.6896,64.50858],[34.8593532,64.5380614],[34.8155047,64.5442344],[34.9958749,64.6181302],[34.9124903,64.6298154],[34.9126567,64.6619828],[34.7795367,64.7316714],[34.8821659,64.7667277],[34.9614051,64.8362393],[34.9205741,64.8341172],[34.87963,64.87159],[34.9023114,64.8854726],[34.8379899,64.91381],[34.7617088,64.8891485],[34.82928,64.9008701],[34.7686133,64.9530018],[34.6081601,64.9513162],[34.7817005,64.9803936],[34.830783,65.0216172],[34.7740501,64.9949101],[34.79967,65.01634],[34.7562781,65.0372069],[34.7832899,65.07895],[34.68564,65.0785499],[34.70243,65.0898701],[34.6617201,65.1015751],[34.67985,65.1213301],[34.6374636,65.1333452],[34.6912101,65.15676],[34.5987101,65.19589],[34.6595201,65.19446],[34.52397,65.2199401],[34.5327099,65.25515],[34.4566565,65.2693498],[34.4782559,65.3090095],[34.4464472,65.3169843],[34.5007999,65.3273401],[34.2712886,65.3709591],[34.44237,65.36667],[34.35499,65.4067596],[34.50552,65.38842],[34.47403,65.4066399],[34.53107,65.40581],[34.4560541,65.4298526],[34.5015699,65.4374399],[34.6901101,65.43533],[34.6349803,65.4864765],[34.75354,65.5292401],[34.71162,65.5575999],[34.73675,65.58264],[34.79693,65.58143],[34.72674,65.62726],[34.75823,65.6535],[34.6867,65.66863],[34.7728499,65.68607],[34.6806501,65.69965],[34.71832,65.7291499],[34.6843599,65.728],[34.6615599,65.76968],[34.7100199,65.7775901],[34.6609748,65.7940519],[34.92777,65.67485],[34.97747,65.71655],[34.88094,65.739],[34.91395,65.7564999],[34.83869,65.75691],[34.9188299,65.77191],[34.9459201,65.7430499],[34.89609,65.7421401],[34.96588,65.7275701],[35.02413,65.7609599],[34.8967801,65.77692],[34.88939,65.8120601],[34.9198199,65.81449],[34.8924501,65.82838],[34.85049,65.79999],[34.8468999,65.8281801],[34.77665,65.81068],[34.8567899,65.8656699],[34.73967,65.9033501],[34.6900021,65.871035],[34.6990001,65.8986899],[34.661231,65.9017265],[34.7033491,65.9175631],[34.634287,65.9203592],[34.7195931,65.9679214],[34.581938,66.0334435],[34.6063172,66.0369358],[34.317904,66.1440647],[34.1413538,66.166812],[34.1818728,66.1885687],[34.1058137,66.2275683],[33.8792654,66.2004504],[33.8976682,66.2124194],[33.8707952,66.2213453],[33.9106862,66.234463],[33.7874586,66.2425197],[33.8314654,66.2497811],[33.74953,66.2767173],[33.5624918,66.276099],[33.6319228,66.3058525],[33.5986479,66.3131505],[32.9819194,66.2493645],[33.4100101,66.32432],[33.6667769,66.3345248],[33.4638,66.37812],[33.7185499,66.41525],[33.5514699,66.45198],[33.62854,66.46627],[33.6089001,66.4740101],[33.5468701,66.47552],[33.5277601,66.4492499],[33.54871,66.4427899],[33.52251,66.44262],[33.282,66.4791864],[33.31167,66.4981599],[33.23823,66.5195099],[33.055675,66.4980518],[32.9314059,66.5189397],[33.19606,66.5377201],[33.1001966,66.5549781],[32.5871139,66.5822128],[32.557279,66.5761015],[32.5481494,66.4794872],[32.3603888,66.4751709],[32.3426614,66.3453928],[31.9369838,66.3510469],[31.8300299,66.3713752],[31.7919379,66.4952331],[31.6211615,66.5023781],[31.5758572,66.6540029],[29.3225257,66.6628613],[29.5242856,66.4906977],[29.6966445,66.2684902],[29.9239353,66.1262486],[30.0681952,65.8951758],[30.1340503,65.6997648],[30.138463,65.6686875],[30.0170916,65.6965272],[29.7224328,65.637045],[29.8637508,65.5604702],[29.7331208,65.472637],[29.7467636,65.347391],[29.6018471,65.2599435],[29.6347914,65.2313019],[29.8857645,65.2063057],[29.8193446,65.1444587],[29.8968731,65.1051489],[29.6269697,65.0605988],[29.5993322,64.9950618],[29.6152439,64.9174367],[29.7396308,64.7897827],[30.0865096,64.7739862],[30.0413979,64.7411862],[30.1301504,64.6347172],[29.9894227,64.5875847],[29.9869609,64.5338998],[30.0583348,64.4508749],[30.0448933,64.4020122],[30.3669276,64.2996785],[30.3882846,64.2690569],[30.4824397,64.2623385],[30.5095991,64.221691],[30.4663999,64.2044319],[30.5534271,64.1322443],[30.5280169,64.0488769],[30.3209081,63.9095328],[30.260416,63.8220032],[29.9718903,63.7571676],[30.483994,63.4666957],[30.7877047,63.4052709],[31.2375315,63.2192195],[31.2721187,63.1076263],[31.4630002,63.0242509],[31.4487587,63.0060578],[31.5021325,62.9962486],[31.5867071,62.9087094],[31.4390606,62.785375],[31.3730252,62.6497073],[31.1634149,62.4454901],[30.9424425,62.3329988],[30.9432722,62.3059688],[30.8109585,62.2706919],[30.720412,62.2089058],[30.6564061,62.2085877],[30.602068,62.1413489],[30.3052344,61.9638965],[30.3007176,61.9349732],[30.0713878,61.8186842],[30.0387281,61.7650011],[29.8185867,61.6553277],[29.6454221,61.5198997],[29.4964601,61.4915692],[29.5030724,61.4613389],[29.3059283,61.3292931]]]]}},{"type":"Feature","properties":{"name":"Arkhangelsk Oblast"},"geometry":{"type":"MultiPolygon","coordinates":[[[[36.7648015,64.0133303],[36.792662,64.037225],[36.7633384,64.0620079],[36.7648015,64.0133303]]],[[[35.6417593,64.9677343],[35.6665392,64.9593167],[35.6417593,64.9677343]]],[[[35.6535095,64.9699453],[35.69278,64.969199],[35.6535095,64.9699453]]],[[[35.9591387,65.1752706],[35.9982683,65.1918135],[35.9352792,65.1799305],[35.9341361,65.1432902],[36.0372024,65.1265455],[36.2740517,65.1566487],[35.9591387,65.1752706]]],[[[35.98093,65.01753],[36.016946,65.0195677],[35.98093,65.01753]]],[[[35.89688,65.0240796],[36.0245618,65.0388559],[35.87533,65.0373901],[35.89688,65.0240796]]],[[[35.859451,64.9921718],[35.8774634,65.0195153],[35.8419104,65.0372561],[35.7390675,65.0431434],[35.7866708,65.0985608],[35.8137479,65.0516468],[35.8636772,65.0389684],[35.8157056,65.156767],[35.6735477,65.1693701],[35.6436457,65.1435767],[35.6603918,65.130599],[35.5653481,65.1268614],[35.600754,65.1541158],[35.5048005,65.122214],[35.568451,65.0494233],[35.7085473,65.0251667],[35.6880572,65.0220441],[35.7221238,65.009503],[35.7355632,64.9566585],[35.859451,64.9921718]]],[[[42.6723501,66.68554],[42.6072299,66.7579899],[42.4750641,66.7749902],[42.4296799,66.74957],[42.5945599,66.67542],[42.66041,66.6615799],[42.6723501,66.68554]]],[[[57.4023599,70.5123901],[57.46313,70.50892],[57.30468,70.53227],[57.4023599,70.5123901]]],[[[56.4219901,70.50578],[56.39595,70.50621],[56.4654799,70.4813801],[56.4219901,70.50578]]],[[[56.3323901,70.50778],[56.31108,70.50412],[56.3596201,70.50558],[56.3323901,70.50778]]],[[[48.4196775,60.8372063],[48.4749672,61.0221395],[48.9307364,61.1386422],[48.9593556,61.1056733],[49.126753,61.1722303],[49.3208192,61.1527734],[49.502104,61.605036],[49.0403102,61.6486895],[49.2279484,62.1020394],[49.3048963,62.1082404],[49.2884876,62.140472],[49.3745726,62.1339064],[49.4696423,62.3651541],[49.4250243,62.4470529],[49.5674059,62.7767364],[48.7413317,62.8516999],[48.6814129,62.7021361],[48.3522311,62.7337363],[48.2539941,62.50747],[48.2980192,62.4769223],[48.3229007,62.3071531],[47.6593593,62.328386],[47.6426172,62.175714],[47.3890833,62.1814095],[47.4028891,62.3344268],[47.2319092,62.3371875],[47.2453591,62.6387316],[47.0608946,62.826287],[47.4427395,62.9649753],[47.4090616,62.9648021],[47.5308138,63.0499478],[47.5673571,63.144878],[47.3900498,63.1563322],[47.1601702,63.2454448],[47.0510187,63.2539057],[46.9427243,63.3494102],[46.9392623,63.4535515],[47.011967,63.5179718],[47.0173162,63.5777279],[46.8098813,63.7566477],[46.408327,63.8891066],[45.9433945,63.9566273],[45.5945184,64.0569636],[45.3993499,64.1749185],[45.8520064,64.2780307],[46.321081,64.2479873],[46.630221,64.3169015],[47.3445345,64.3543896],[48.1614404,64.3452487],[48.1887505,64.2306363],[48.4647256,64.2043256],[48.5244702,64.3556166],[48.8931161,64.3292844],[48.9610645,64.4775532],[49.4831632,64.4250585],[49.5524068,64.5758315],[50.3606832,64.5103881],[50.4989122,64.7926835],[50.2329316,64.83088],[49.635408,65.2879976],[49.0521606,65.2254529],[49.0004687,66.1135711],[48.0846471,66.1292538],[48.0291324,66.0132812],[47.9110418,66.032277],[47.7492265,65.9064585],[47.8435295,65.8553392],[47.7974182,65.8378952],[47.1447581,65.8213054],[46.3471046,66.0382873],[45.8484939,66.085428],[45.7258301,66.069019],[45.2675407,66.178248],[44.8549379,66.2305711],[44.5895235,66.2975766],[44.5207532,66.3616207],[44.25026291025682,66.43597027500539],[44.0720601,66.2218601],[44.0972884,66.1547055],[44.1325438,66.1686502],[44.1202937,66.1210203],[44.16373,66.10322],[44.14662,66.08676],[44.18253,66.0411001],[44.08557,65.98848],[44.2340622,65.8459758],[44.1803024,65.8689373],[44.2138122,65.8319815],[44.1935238,65.8116897],[44.1181066,65.9330811],[44.0188979,65.9827],[44.0758035,66.062919],[43.958204,66.0983588],[43.8398021,66.1922763],[43.71758,66.19734],[43.3984263,66.0988542],[43.3492299,66.05114],[43.4799501,66.01745],[43.4993901,65.97544],[43.4741569,65.8901724],[43.4758301,66.0074299],[43.4381401,66.03813],[43.36148,66.0272299],[43.3007101,66.08028],[43.34336,66.0833],[43.2776199,66.1002301],[43.36839,66.1058199],[43.46534,66.1766299],[43.6798201,66.2356401],[43.6002,66.2940101],[43.34335,66.31553],[43.3612001,66.3343899],[43.2727299,66.40837],[42.588688,66.395305],[42.4509,66.3365034],[42.63506,66.41714],[42.31198,66.50786],[42.1807,66.50632],[42.1073401,66.48655],[41.97824,66.3674099],[41.593,66.1608201],[41.6457475,66.1611083],[41.6584178,66.1285625],[41.57601,66.15544],[41.3335701,66.0604],[40.7470199,65.98626],[40.4825001,65.8104101],[39.7727,65.5733601],[39.70737,65.4778899],[39.7246201,65.33506],[40.0090001,65.17045],[40.104073,65.0784203],[39.8958565,64.8178563],[39.6192029,64.6568273],[39.5320027,64.5490418],[39.2826206,64.646048],[38.4343331,64.8079153],[38.394798,64.7993094],[38.4952,64.7345599],[38.15707,64.7110999],[38.1320886,64.6864612],[38.14908,64.6549699],[38.0557799,64.63743],[38.0129401,64.58352],[37.9822334,64.5916563],[38.0167399,64.6105701],[37.99436,64.61389],[38.1246801,64.673],[38.00424,64.72738],[38.0072899,64.75675],[38.28805,64.80442],[38.3682899,64.7631886],[38.3377724,64.8027961],[38.3703746,64.8433598],[38.0874401,64.84747],[37.88652,64.89203],[37.70161,64.9625801],[37.70995,65.00819],[37.6795685,65.0287733],[37.1751301,65.14964],[36.84887,65.1540201],[36.8182799,65.1233],[36.86342,65.09295],[36.8113799,64.95651],[36.6119199,64.8970647],[36.5227693,64.9328337],[36.4372969,64.9215704],[36.46345,64.859],[36.5708668,64.811938],[36.4998198,64.8215595],[36.5516736,64.7373503],[36.5346348,64.7161663],[36.6961106,64.7090833],[37.1105177,64.4002381],[37.3091889,64.3461388],[37.5731599,64.38706],[37.6149918,64.3551417],[37.654048,64.4240906],[37.7906404,64.4382498],[37.788603,64.367404],[37.9395857,64.3425286],[37.9158655,64.3101454],[38.0096524,64.289889],[37.8913516,64.2114587],[37.9346124,64.1605669],[37.9995051,64.1475115],[38.0603547,64.0706276],[38.0437608,64.0275273],[38.0717066,64.0001505],[38.0092061,63.9352492],[37.8575499,63.88858],[37.6741245,63.8958238],[37.63689,63.8818599],[37.6205043,63.8171215],[37.4386017,63.783538],[37.2049129,63.8194285],[37.2512801,63.8248001],[37.2170401,63.875],[36.9919694,63.8838173],[36.9233617,63.9149518],[36.8836399,63.8881799],[36.7951929,63.9182558],[36.7535318,63.8962598],[36.553421997314565,63.95123708042519],[36.548059,63.8406428],[36.5903948,63.7482009],[36.4552157,63.6264846],[35.9353496,63.6053994],[35.8927733,63.5762262],[36.0298884,63.4654277],[36.1920718,63.4256088],[36.2618944,63.2804006],[36.2457648,63.2115112],[36.3911144,63.2259459],[36.4050322,63.1953846],[36.307068,63.1507602],[36.3132633,63.1131177],[36.2469581,63.0514035],[36.2581386,63.0115301],[36.5284674,62.793114],[37.0706412,62.6486827],[37.3689406,62.6778862],[37.5475164,62.6226343],[37.5770107,62.4991947],[37.6353815,62.4773963],[37.5849124,62.4016032],[37.597557,62.3585626],[37.4647382,62.2580127],[37.4809642,62.2359776],[37.4523745,62.1985575],[37.7018122,62.2126839],[37.7583473,62.1734952],[37.7372134,62.1663807],[37.7730862,62.1380868],[37.7550972,62.1202182],[37.8367832,61.9825403],[37.943999,61.9725259],[37.8594504,61.7555788],[37.8800479,61.7135594],[37.8004058,61.6814196],[37.7598428,61.6154288],[37.7715869,61.5480039],[37.8364883,61.5016092],[37.8072246,61.4520171],[37.8497853,61.4324172],[37.8238882,61.4004395],[37.8431305,61.3756534],[37.8807403,61.3660328],[37.8729078,61.2904871],[37.9527438,61.2669246],[37.9535586,61.2294064],[38.0181727,61.2247917],[38.0079591,61.1417054],[38.1236487,61.1605075],[38.1989397,61.109455],[38.1766614,61.0989196],[38.2113777,61.063861],[38.2697519,61.0680069],[38.1884105,61.0258655],[38.2203634,60.9908068],[38.1813324,60.9851069],[38.2179497,60.9310507],[38.3671686,60.914128],[38.4094296,60.8769983],[38.4049459,60.8067274],[38.5867278,60.7976756],[38.6199587,60.7163616],[38.8072835,60.7084909],[38.884,60.771],[38.95025,60.766],[39.1843844,60.6396872],[39.1591915,60.6959239],[39.1935903,60.7227091],[39.3749161,60.6861424],[39.6451044,60.7502095],[39.6814179,60.7183892],[39.7851699,60.7328981],[39.8856037,60.6539301],[40.0104704,60.6467649],[40.0488092,60.674312],[40.1859379,60.6713781],[40.19319,60.6945209],[40.28248,60.6796696],[40.4289276,60.7832952],[40.5907572,60.7189651],[40.7210597,60.7806229],[40.7711447,60.7754425],[40.7544812,60.7382243],[40.7983504,60.7089514],[41.0851314,60.6660387],[41.0935093,60.6403057],[41.3099944,60.6682874],[41.3699251,60.641519],[41.3466054,60.708183],[41.4246612,60.8180249],[41.3776831,60.85032],[41.5676564,60.8988532],[41.7285348,60.8583564],[41.8185126,60.8874586],[41.7933829,60.9023109],[41.8246418,60.9163869],[41.9528762,60.9148346],[41.9268886,60.8436796],[42.1332724,60.8429056],[42.1288114,60.8127033],[42.1736894,60.7862588],[42.4292091,60.7683878],[42.5342988,60.7985698],[42.523075,60.7669645],[42.5704825,60.7731826],[42.5401707,60.8002105],[42.658296,60.8879468],[42.8875671,60.8322528],[42.9949785,60.7298914],[43.0776777,60.7444645],[43.1531041,60.8119641],[43.5237345,60.7663757],[43.544626,60.8579098],[43.7663783,60.896254],[43.7325268,60.9138694],[43.7677575,60.9347673],[43.7829489,61.0371818],[43.954963,61.0574774],[44.180954,61.0614927],[44.1598025,60.9650345],[45.2511365,60.8940405],[45.3146761,61.1203631],[45.3497357,61.1182912],[45.36165,61.1552504],[45.3264176,61.1587039],[45.3384055,61.1951177],[45.8090082,61.1615338],[45.7594135,61.0112187],[46.2995236,60.9687421],[46.3128211,60.9958486],[46.4740576,61.0086275],[46.4843473,61.0405033],[46.5247604,61.0439149],[46.5523995,61.0230295],[46.5428569,60.9822656],[46.8236771,60.9631258],[46.7936135,60.9227239],[46.8204439,60.8815628],[46.9248174,60.856179],[47.0721637,60.8444806],[47.1023037,60.9617487],[47.1939511,60.9969784],[47.1931804,61.0673929],[47.4825829,61.0354722],[47.6030767,61.0605857],[47.6625629,61.0310228],[47.8971979,61.0168208],[47.9559919,60.9885452],[47.9665299,60.8791709],[48.4196775,60.8372063]]],[[[36.8108723,65.1896711],[36.841348,65.2095723],[36.7863629,65.1964518],[36.8108723,65.1896711]]],[[[44.14874,65.9105899],[44.14726,65.9361501],[44.14874,65.9105899]]],[[[56.6016625,70.51364131998282],[56.654,70.4969201],[56.6890499,70.50554],[56.6429199,70.51811],[56.7629701,70.53312],[56.6016625,70.51364131998282]]],[[[52.39411,72.05612],[52.4380099,72.0702099],[52.39411,72.05612]]],[[[52.3583801,72.07602],[52.32532,72.09163],[52.3583801,72.07602]]],[[[52.4069701,72.1115],[52.42892,72.1204699],[52.39111,72.13163],[52.4069701,72.1115]]],[[[53.24421,71.4137001],[53.1988899,71.44812],[53.24421,71.4137001]]],[[[53.0736801,71.43124],[53.10758,71.44243],[52.99406,71.4451899],[53.0736801,71.43124]]],[[[52.64017,71.4578599],[52.7094701,71.4718599],[52.6143299,71.46879],[52.64017,71.4578599]]],[[[52.39701,72.1548099],[52.38481,72.1801501],[52.39701,72.1548099]]],[[[52.58233,72.3294],[52.52731,72.3422501],[52.58233,72.3294]]],[[[52.6810399,72.38255],[52.6286501,72.39292],[52.6810399,72.38255]]],[[[52.87575,72.5304601],[52.85576,72.5358101],[52.87575,72.5304601]]],[[[52.734475,72.62518462027971],[52.6922,72.6135299],[52.734475,72.62518462027971]]],[[[53.2750301,72.88651],[53.3205001,72.88939],[53.2400101,72.8937999],[53.2750301,72.88651]]],[[[56.6432333,70.6063342],[56.73414,70.5987601],[56.6432333,70.6063342]]],[[[55.56988,70.64065],[55.60016,70.6373],[55.5243501,70.6520399],[55.56988,70.64065]]],[[[53.5086101,70.9061801],[53.47697,70.9170999],[53.5634201,70.8831501],[53.5086101,70.9061801]]],[[[52.59389,71.38597],[52.2575282,71.3237326],[52.23791,71.2782999],[52.3754901,71.21986],[52.67087,71.2144899],[52.7182,71.1474499],[52.7966699,71.1287501],[52.83149,71.07857],[52.8067,71.0708499],[52.95967,71.04043],[52.98394,70.99487],[53.0457099,70.97674],[53.0380718,70.9440106],[53.1824499,70.9514499],[53.10068,70.97662],[53.0508199,71.0295901],[53.1790694,71.0781041],[53.15393,71.1100801],[53.2417376,71.1403162],[53.2051565,71.176752],[53.2598052,71.189846],[53.1882042,71.2230738],[53.2336184,71.238203],[53.1537644,71.2511123],[53.0941638,71.2375142],[53.1014156,71.2135134],[52.8459324,71.2950633],[52.8092086,71.3150731],[52.9285688,71.3138995],[52.7701067,71.3640354],[52.904939,71.3397987],[53.083574,71.2526007],[52.8984683,71.3669394],[52.71809,71.3971499],[52.7499115,71.3744671],[52.709439,71.3769819],[52.7913159,71.3338289],[52.762874,71.3283845],[52.59389,71.38597]]],[[[54.0937401,71.17452],[54.11937,71.1753],[54.0691701,71.19575],[54.0937401,71.17452]]],[[[53.9878472,71.087748],[54.0468404,71.0859773],[53.9588809,71.0917827],[53.9878472,71.087748]]],[[[53.9038036,71.1149105],[53.8518064,71.0914313],[53.8967149,71.0743528],[53.9381561,71.0808555],[53.924036,71.1073451],[54.0258843,71.1086436],[54.1239728,71.0824402],[53.9038036,71.1149105]]],[[[53.4988659,71.1243952],[53.4612351,71.1188482],[53.5855646,71.0813839],[53.6443483,71.1001071],[53.6161,71.11903],[53.6561194,71.1161344],[53.5679694,71.1668299],[53.54684,71.14438],[53.6130514,71.1063279],[53.4988659,71.1243952]]],[[[57.0920818,70.6267067],[57.1322758,70.6172717],[57.0920818,70.6267067]]],[[[56.953025,70.563825],[56.80995,70.5881199],[56.8163401,70.5613001],[56.9429601,70.55461],[56.8632799,70.5390999],[56.96569,70.49545],[57.1257599,70.47011],[57.03265,70.5156399],[57.2200499,70.5001799],[56.953025,70.563825]]],[[[57.19285,70.5367499],[57.2662701,70.52491],[57.19285,70.5367499]]],[[[56.0388701,70.59681],[55.9860701,70.6071299],[56.0764,70.5830901],[56.0388701,70.59681]]],[[[56.2703599,70.55124],[56.3024999,70.5534101],[56.2703599,70.55124]]],[[[56.6918299,70.5746699],[56.65396,70.58917],[56.6918299,70.5746699]]],[[[56.6016625,70.55903229758079],[56.4479803,70.5604309],[56.55058,70.5388599],[56.3536299,70.5617799],[56.5172701,70.5212701],[56.63688,70.55617],[56.6016625,70.55903229758079]]],[[[56.0645463,70.6077839],[56.1587399,70.5796401],[56.18624,70.6022499],[56.0036487,70.6294003],[56.0645463,70.6077839]]],[[[56.2499,70.62923682362303],[56.162644,70.6304301],[56.40817,70.5727],[56.3671901,70.5697501],[56.6497901,70.5638701],[56.4445601,70.60348],[56.5333099,70.6231499],[56.4316691,70.6659071],[56.3391347,70.6595999],[56.4430001,70.6323501],[56.2499,70.62923682362303]]],[[[52.50531,71.4219201],[52.57701,71.3931301],[52.50531,71.4219201]]],[[[53.3988452,71.2072302],[53.3747702,71.2048366],[53.434743,71.2014628],[53.3685877,71.2483903],[53.3988452,71.2072302]]],[[[52.9906543,71.2834092],[52.9113481,71.3036006],[52.9906543,71.2834092]]],[[[53.0505601,71.35216],[53.0113101,71.3795],[53.0505601,71.35216]]],[[[53.16492,71.39676],[53.19829,71.37798],[53.15445,71.39296],[53.1824101,71.3651101],[53.3180799,71.3463101],[53.16492,71.39676]]],[[[53.1117399,71.3702],[53.0499299,71.39439],[53.1117399,71.3702]]],[[[53.1137352,71.2935465],[53.1674546,71.2715921],[53.1137352,71.2935465]]],[[[53.1863298,71.3055351],[53.1596356,71.3026227],[53.2550586,71.284424],[53.1863298,71.3055351]]],[[[53.2860942,71.2921619],[53.4066404,71.277666],[53.23394,71.3554],[53.15849,71.3526],[53.2860942,71.2921619]]],[[[59.1960221,74.5301797],[59.2285074,74.5091521],[59.2735049,74.5695342],[59.1960221,74.5301797]]],[[[61.8271164,75.3392624],[61.7915664,75.3151426],[61.8271164,75.3392624]]],[[[58.7351412,75.7674587],[58.7545338,75.7731951],[58.5847766,75.7508677],[58.7351412,75.7674587]]],[[[59.0626,75.8847298740275],[59.0409362,75.8808245],[59.308461,75.8804648],[59.2155838,75.9132813],[59.0626,75.8847298740275]]],[[[59.0624,75.92718009903409],[58.8030616,75.8878241],[59.2928322,75.9434903],[59.0624,75.92718009903409]]],[[[59.6624635,76.0417278],[59.5203015,76.0166486],[59.7249879,76.0418058],[59.6624635,76.0417278]]],[[[59.4677899,76.0248539],[59.5139282,76.0404881],[59.3718749,76.0206921],[59.4677899,76.0248539]]],[[[60.2235094,76.0906013],[60.496288,76.1701368],[60.0841879,76.1541548],[59.9096296,76.089796],[60.2235094,76.0906013]]],[[[62.96792,76.2201801],[63.01304,76.2380901],[62.96792,76.2201801]]],[[[61.0371223,76.2761583],[61.1868695,76.2863493],[61.0120754,76.277205],[61.0371223,76.2761583]]],[[[61.3284486,76.2903221],[61.2111085,76.2772344],[61.4816399,76.2914452],[61.3284486,76.2903221]]],[[[49.1779587,80.0339729],[49.1242344,80.0225497],[49.2229814,80.0165515],[49.1163884,79.9993764],[49.3149408,79.9991752],[49.1779587,80.0339729]]],[[[36.6263795,80.1512805],[36.8358316,80.1425351],[36.6263795,80.1512805]]],[[[49.4087708,80.0852065],[49.3101595,80.0347742],[49.3946917,80.0023885],[49.6631041,80.0240621],[49.6816885,80.0479982],[49.4087708,80.0852065]]],[[[60.021077,80.1883039],[59.9180225,80.1881135],[60.0025459,80.1537476],[60.2449183,80.150307],[60.021077,80.1883039]]],[[[53.9874627,80.336827],[53.8828771,80.3203164],[54.0008443,80.2952382],[53.9529645,80.3116299],[54.0355077,80.3339859],[53.9874627,80.336827]]],[[[58.8426052,80.302438],[58.7944551,80.2908155],[58.8989515,80.2890183],[58.8426052,80.302438]]],[[[59.0625487,80.121531],[59.036874,80.1142547],[59.2348426,80.1326494],[59.1137141,80.1479942],[59.0625487,80.121531]]],[[[54.1888597,80.3124753],[54.1054807,80.2619936],[54.2035873,80.238446],[54.156449,80.1921244],[54.4222769,80.2291308],[54.3673797,80.2463623],[54.4105232,80.2877725],[54.1888597,80.3124753]]],[[[52.6450055,80.2693972342154],[52.2150908,80.2532729],[52.406535,80.1823571],[53.2594204,80.1619035],[53.4351901,80.1323063],[53.5360093,80.1484922],[53.4922249,80.1671953],[53.5471425,80.1884529],[53.5215188,80.2015827],[53.6849406,80.2127931],[53.7772609,80.1846052],[53.9341496,80.2305689],[53.3294811,80.3222351],[53.3317063,80.34742],[53.4059828,80.3703606],[53.322303,80.3880291],[52.9295073,80.3783317],[52.748586,80.3388039],[52.9030436,80.3323708],[52.7860838,80.3157121],[52.9243677,80.2965928],[52.6666202,80.2916111],[52.6450055,80.2693972342154]]],[[[55.2192029,80.280531],[54.938227,80.2618245],[55.1507618,80.2138959],[55.495439,80.266285],[55.553911,80.3039967],[55.3436637,80.3312748],[55.1012067,80.2942361],[55.2192029,80.280531]]],[[[51.5942616,80.3413056],[51.5545477,80.3250979],[51.6091767,80.3165278],[51.5942616,80.3413056]]],[[[52.321304,80.3549949],[52.2413229,80.3450506],[52.3815252,80.3178799],[52.6555872,80.3243786],[52.321304,80.3549949]]],[[[60.2450842,80.3682403],[60.0828603,80.3435381],[60.3188317,80.3495806],[60.2450842,80.3682403]]],[[[54.7919624,80.3880544],[54.6005863,80.3630252],[54.7182338,80.3513923],[54.8688257,80.3868754],[54.7919624,80.3880544]]],[[[56.2499,80.35863836498055],[56.2703273,80.3825933],[55.8980408,80.4183965],[55.7522677,80.3863894],[56.2499,80.35863836498055]]],[[[55.2483607,80.4389361],[54.9563582,80.4100989],[55.1149542,80.3728071],[55.2847428,80.3823722],[55.3061157,80.4123501],[55.2483607,80.4389361]]],[[[63.0367618,80.9578974],[63.1422847,80.9448725],[63.0367618,80.9578974]]],[[[54.2136855,81.0859957],[54.319267,81.081835],[54.2013036,81.1019577],[54.2136855,81.0859957]]],[[[50.6250239,81.064304],[50.7837977,81.0629286],[50.7293596,81.0829991],[51.002862,81.1268997],[50.9453328,81.1578755],[50.7127515,81.180401],[50.3820889,81.1475129],[50.4467045,81.1202595],[50.4228475,81.0957698],[50.4959978,81.0739043],[50.3757877,81.0439056],[50.4019744,81.0305514],[50.6250239,81.064304]]],[[[58.5044915,81.0971],[58.5283391,81.0729231],[58.5041389,81.0597579],[58.584415,81.0513149],[58.751871,81.0601556],[58.8028164,81.0893923],[58.5044915,81.0971]]],[[[58.3316455,81.1413948],[58.1248426,81.1263261],[58.4703604,81.1167091],[58.374092,81.1037933],[58.5825982,81.1282977],[58.3316455,81.1413948]]],[[[60.4761224,81.2487663],[60.5933331,81.2656103],[60.5331623,81.2945516],[60.171475,81.3095281],[59.8238053,81.2865331],[60.4761224,81.2487663]]],[[[54.3157174,81.3328795],[54.1696213,81.3472862],[54.5364366,81.266186],[54.3157174,81.3328795]]],[[[54.8799918,81.3873255],[54.8066272,81.3846572],[54.9257219,81.3898146],[54.8799918,81.3873255]]],[[[57.459597,81.2537547],[57.4293912,81.246793],[57.5432002,81.2520231],[57.459597,81.2537547]]],[[[59.0626,81.73028712431355],[59.2636447,81.7520519],[59.2840384,81.7675814],[59.2545729,81.7839917],[59.3163422,81.8237904],[59.2450968,81.8544379],[58.7918821,81.8556476],[57.8938722,81.8068855],[58.0935922,81.7775276],[57.9386671,81.7342832],[58.1192363,81.691503],[58.5017562,81.7282749],[59.0626,81.73028712431355]]],[[[61.9627248,81.6255057],[61.9935571,81.6301358],[61.8988538,81.6303992],[61.9627248,81.6255057]]],[[[61.8749,81.58963192635312],[61.7879973,81.5777576],[62.027282,81.5242286],[62.264048,81.546332],[61.8749,81.58963192635312]]],[[[58.6456233,81.6302538],[58.383975,81.6213712],[58.2579233,81.5854639],[58.5188629,81.5758107],[58.7029472,81.6125767],[58.6456233,81.6302538]]],[[[62.2239119,81.6618981],[62.5817009,81.6438007],[62.7566076,81.5959153],[63.3405658,81.576771],[63.6480972,81.5978351],[63.763207,81.6385365],[63.616067,81.6840892],[63.2906224,81.7083776],[62.3800834,81.6941197],[62.1718509,81.663529],[62.2239119,81.6618981]]],[[[59.0624,81.4186993535184],[58.7805209,81.4119282],[58.501058,81.3433802],[58.9669457,81.2971795],[59.3202998,81.3291807],[59.0683387,81.4143635],[59.1494812,81.4166566],[59.0624,81.4186993535184]]],[[[57.1329294,81.4353862],[58.0232526,81.3744162],[58.5471242,81.42285],[58.3621823,81.4707225],[57.8907294,81.4958612],[57.7663193,81.5312451],[57.8114212,81.5520121],[57.6928634,81.5599881],[57.404577,81.5578715],[57.4585427,81.5448311],[57.3257106,81.5234535],[56.9724502,81.5304319],[56.9463592,81.5208883],[57.0285759,81.5099525],[56.8195745,81.4606037],[57.1329294,81.4353862]]],[[[62.8710611,80.87118180746498],[62.5145966,80.7806179],[63.0583141,80.6559786],[63.0178479,80.6417381],[64.3909384,80.712002],[64.9030041,80.7751177],[65.2250218,80.8568288],[65.3546465,80.9254577],[65.2684354,80.9697337],[65.1278347,80.9826906],[65.3649126,81.0133045],[65.1908707,81.1333836],[64.9765525,81.1726586],[64.5024333,81.1930433],[64.1806931,81.1384845],[64.2053511,81.1233883],[64.1202327,81.075597],[64.1788963,81.0120292],[64.0864012,80.9675723],[63.2343417,80.9525749],[62.8710611,80.87118180746498]]],[[[57.50684415,81.20718598993088],[56.9418089,81.1452772],[57.2762359,81.1020792],[57.7396267,81.1059221],[57.8346884,81.1667111],[58.0716794,81.187223],[57.8646122,81.2267544],[57.50684415,81.20718598993088]]],[[[58.2462222,81.1917242],[58.2108794,81.1852618],[58.3260716,81.1974926],[58.2462222,81.1917242]]],[[[59.0624,81.21397940687137],[58.9683979,81.2046929],[59.7593204,81.1798916],[59.0624,81.21397940687137]]],[[[56.2499,81.22272885959421],[56.4076216,81.1888682],[56.3758452,81.1617154],[56.5441754,81.1591342],[57.1643147,81.2613067],[57.9489372,81.2955532],[57.6379489,81.3331633],[57.4665536,81.3039434],[57.3798987,81.3522826],[56.9368334,81.3878334],[56.8222891,81.3700506],[56.7921438,81.3750166],[56.802059,81.3959941],[56.5856323,81.4068962],[56.3343918,81.3957863],[56.5000693,81.3448261],[56.3973368,81.3068176],[56.6293883,81.2557598],[55.6824954,81.3148395],[55.7025445,81.3296843],[55.4755279,81.3155517],[55.5580477,81.2944529],[55.4460669,81.2665736],[55.6706988,81.2639811],[55.5380932,81.2109906],[55.8424024,81.1797208],[56.2499,81.22272885959421]]],[[[58.0340044,80.6294322],[57.4213566,80.6122897],[57.2727236,80.5820074],[57.5912359,80.5280984],[57.9041303,80.5360135],[58.078402,80.6185146],[58.0340044,80.6294322]]],[[[58.848293,80.6190403],[58.5030847,80.5827724],[58.773723,80.5646461],[58.7606322,80.5952268],[58.848293,80.6190403]]],[[[54.3541385,80.5762618],[54.3047058,80.5659612],[54.4153164,80.5697812],[54.3541385,80.5762618]]],[[[56.5701773,80.4972622],[56.4579016,80.4802543],[56.7039797,80.4813185],[56.5701773,80.4972622]]],[[[54.6484808,80.4783096],[54.3902529,80.3874417],[54.5743345,80.3757368],[54.8333331,80.4145737],[54.7356301,80.4706791],[54.6484808,80.4783096]]],[[[53.1695412,80.6440035],[53.1851904,80.6296182],[53.0804901,80.6223124],[53.3304742,80.5816038],[53.2396974,80.5690174],[53.2629985,80.5551702],[53.1942838,80.5428914],[53.2387606,80.5257007],[53.2004242,80.5162488],[53.4412464,80.4714469],[53.5465423,80.5074111],[53.412613,80.5460842],[53.3862579,80.6207645],[53.1695412,80.6440035]]],[[[61.8751,80.86624575566837],[60.4428471,80.7751254],[60.0334061,80.788559],[60.2902089,80.8157754],[60.1360185,80.8283787],[59.8876446,80.8126655],[59.9526986,80.7957687],[59.9308698,80.7905607],[59.6897037,80.7980471],[59.5837317,80.773803],[59.6496287,80.7395486],[59.4409667,80.6622259],[59.4559285,80.622641],[59.3947068,80.603087],[59.4405098,80.5930927],[59.3844479,80.5624294],[59.4637995,80.5199786],[59.3616027,80.4821994],[59.6648678,80.4112355],[59.6761446,80.3835976],[60.3301995,80.4575395],[60.6536213,80.3922414],[61.1483261,80.3728791],[61.4095599,80.4435424],[61.2951468,80.4568959],[61.536584,80.4632842],[61.4433888,80.4951198],[61.4997663,80.5319028],[62.0169256,80.5820805],[62.0634064,80.5987467],[61.9430624,80.6294672],[62.1660468,80.6720256],[62.1467033,80.6848197],[62.187503,80.7154227],[62.1824486,80.7580567],[62.0897083,80.8159743],[62.1190513,80.8345543],[61.8751,80.86624575566837]]],[[[54.760756,80.5299503],[54.6061346,80.5140596],[54.9322537,80.4476262],[55.0383953,80.4541894],[55.0674871,80.4972077],[54.760756,80.5299503]]],[[[53.9116097,80.6009494],[53.8410352,80.560888],[54.0131459,80.5185616],[53.8401477,80.4549748],[54.3390897,80.4177433],[54.4744237,80.4864798],[54.3059693,80.496573],[54.3938676,80.5144449],[54.3801919,80.5306113],[54.0793579,80.5459912],[54.2809248,80.5825596],[53.9116097,80.6009494]]],[[[44.9999,80.61271074621712],[44.9063271,80.5946723],[45.4257993,80.55483],[45.5574322,80.5090209],[45.723194,80.5505115],[46.1032452,80.5539354],[46.1242841,80.5140235],[46.0376189,80.4588663],[46.222366,80.4439823],[46.383822,80.4601851],[46.3017372,80.4740194],[46.3973491,80.5026429],[46.5768278,80.4906247],[46.5118481,80.5326837],[46.5919585,80.5474033],[46.8952736,80.5346788],[46.915224,80.5405921],[46.8725002,80.5550614],[47.0771009,80.6079272],[47.4182301,80.5896275],[47.2778389,80.6513243],[47.3002862,80.6664262],[47.2794088,80.6824847],[47.5563459,80.6790346],[47.4288256,80.734179],[47.6381391,80.7329012],[47.5452108,80.7593149],[47.6216956,80.77314],[47.8348855,80.7726894],[47.9027215,80.7556643],[47.8865606,80.7153651],[48.0316568,80.7269088],[48.0560032,80.6991955],[48.0367738,80.6790434],[48.1150526,80.6592952],[48.6384434,80.6207316],[48.7676694,80.649963],[48.4346297,80.7387898],[48.6065922,80.7519308],[48.5095801,80.7939342],[47.9373552,80.7974859],[47.4633943,80.8565142],[47.1382575,80.8428379],[47.2063664,80.8306195],[47.1292125,80.8211733],[47.199266,80.8022543],[46.2013485,80.6617215],[44.9999,80.61271074621712]]],[[[56.2499,80.632548101886],[56.4004296,80.5966437],[56.7257743,80.6134747],[56.9098312,80.6294264],[56.9161339,80.6569411],[56.9854066,80.6745103],[56.8706161,80.7211457],[56.4832065,80.7599233],[55.4268596,80.6931295],[55.7662887,80.6895462],[55.5830826,80.6363544],[55.6326382,80.6196644],[56.0716304,80.6043773],[56.2499,80.632548101886]]],[[[57.9887276,80.9514675],[58.1551981,80.955679],[57.9530527,80.9687647],[57.9887276,80.9514675]]],[[[58.41753765,80.86487723387117],[58.1563143,80.8511858],[58.0360006,80.8058765],[57.8351618,80.7884026],[58.461498,80.7255232],[58.9166426,80.7694075],[58.9997135,80.8161718],[58.9286138,80.8638576],[58.7883809,80.8782307],[58.41753765,80.86487723387117]]],[[[54.498267025,80.85055640031703],[54.1619462,80.8551671],[54.016417,80.8143653],[54.7365446,80.7884273],[54.6697049,80.7461504],[54.8821474,80.7146669],[55.0920954,80.7463992],[55.9432171,80.7727349],[55.4672195,80.8317669],[55.2831441,80.8205845],[55.2259034,80.8648379],[55.1450667,80.8752372],[54.9508569,80.874595],[54.8212845,80.8370443],[54.7365768,80.8730803],[54.498267025,80.85055640031703]]],[[[56.2499,80.82243391461328],[56.7653819,80.7860544],[56.7097463,80.7619143],[56.9760439,80.7260777],[56.949272,80.7123229],[57.0910829,80.6729312],[57.5476567,80.7031651],[57.7473039,80.7619572],[57.4133162,80.8380638],[56.9353877,80.8424135],[56.8119438,80.9012579],[56.6381674,80.9125684],[56.7016335,80.9298983],[56.6247008,80.958891],[56.0946422,81.0148489],[55.467542,80.9991052],[55.2212759,81.042524],[55.2389423,81.0558192],[54.7136043,81.1089664],[54.5832074,81.0948066],[54.6343502,81.0681992],[54.4187995,81.0244712],[54.6134443,80.9810938],[54.8872648,80.9935079],[54.9322129,80.9748915],[54.8841163,80.9537047],[54.9459604,80.941836],[55.4524164,80.9544656],[55.4791796,80.9440109],[55.4162374,80.9205876],[55.9132569,80.8747684],[55.7601907,80.8435458],[56.0685077,80.8070287],[56.2499,80.82243391461328]]],[[[60.8205869,81.0845268],[59.9923186,80.9772964],[60.5877723,80.9045049],[61.0564807,80.9073649],[61.538084,81.0174142],[61.5599574,81.0362498],[61.5118377,81.073767],[61.6490374,81.0951782],[61.1265797,81.1167911],[60.8205869,81.0845268]]],[[[56.2499,81.06867632394791],[56.8122242,81.0259569],[56.9696743,80.9934646],[56.9580207,80.964607],[57.0079658,80.9424093],[57.2618153,80.9392972],[57.3736842,80.8902663],[57.2964941,80.8633524],[57.6615433,80.8217677],[57.906067,80.8291705],[58.0099455,80.8719331],[58.3205373,80.9096196],[57.8429527,80.9488997],[57.5860974,80.997025],[57.5578425,81.0281482],[56.9453104,81.0486392],[56.6387997,81.0922059],[56.0991848,81.0897286],[56.2499,81.06867632394791]]],[[[58.1621454,80.9774315],[58.2948798,80.9399545],[58.5421252,80.933643],[58.6112691,80.9407227],[58.5911477,80.9575246],[58.711287,81.0040408],[58.1444818,81.0914374],[58.0655403,81.0794755],[58.1050015,81.0653738],[58.0676974,81.050438],[57.8589495,81.0450551],[58.1621454,80.9774315]]],[[[50.2272907,79.9843213],[50.0338682,79.9596595],[50.2625781,79.9437262],[50.3672528,79.9688089],[50.2272907,79.9843213]]],[[[59.8525889,79.9212157],[59.7889843,79.8964891],[59.9631835,79.9030956],[59.8525889,79.9212157]]],[[[58.6509499,79.9869601],[58.2634481,79.9401669],[58.5750256,79.935917],[58.7728037,79.8855697],[58.9437082,79.9046101],[58.7593033,79.9221584],[58.6509499,79.9869601]]],[[[59.0624,80.05720235574627],[58.795177,80.0105887],[59.3924452,79.9068511],[59.7560263,79.9608761],[59.8854659,80.0418569],[59.4628939,80.0923229],[59.0624,80.05720235574627]]],[[[56.4239644,80.0151053],[56.3517769,80.0032361],[56.4239644,80.0151053]]],[[[50.6249,79.92785103600994],[51.480383,79.9269286],[51.1442917,79.9679527],[51.128231,79.9930063],[51.2823705,80.0483418],[51.1323077,80.0537899],[51.0980119,80.0652],[51.1359478,80.0757865],[50.9962546,80.0979696],[50.9466888,80.0936241],[50.9580847,80.0672149],[50.6780355,80.0394143],[50.583297,79.9769855],[50.3090396,79.9557578],[50.6249,79.92785103600994]]],[[[49.95634215,80.2143915408052],[49.5289796,80.1501563],[50.0068327,80.040961],[50.1477097,80.0552669],[50.0461857,80.0696854],[50.1217455,80.0794239],[50.0653338,80.1144039],[50.3062022,80.1261158],[50.2638295,80.144012],[50.3839047,80.1661091],[50.254825,80.2144259],[49.95634215,80.2143915408052]]],[[[52.3637774,80.0770071],[52.4484509,80.0701287],[52.3637774,80.0770071]]],[[[56.2499,80.06556346543968],[57.0282696,80.0742554],[57.0899738,80.1054677],[57.0490378,80.113002],[57.0459107,80.1817558],[57.1858935,80.1981127],[57.1025698,80.2204296],[57.0841637,80.2697551],[57.2002744,80.3081602],[56.9485969,80.3495162],[56.6968883,80.343779],[56.7084212,80.3134886],[56.5886643,80.2988973],[56.4859814,80.3268745],[55.9398779,80.3062587],[55.9211238,80.2968366],[56.0587798,80.2610043],[56.0544193,80.2275881],[56.1813402,80.182568],[55.793186,80.0908445],[56.2499,80.06556346543968]]],[[[59.0626,80.38182203377427],[58.8401363,80.4282542],[58.2869321,80.4651415],[56.9741818,80.4540274],[57.2372196,80.3923446],[57.2996951,80.3438178],[57.257491,80.3149044],[57.2615156,80.2523477],[57.3296007,80.1589234],[57.8675422,80.0939199],[58.0513979,80.0907366],[58.035835,80.126484],[57.8442752,80.1588417],[57.9709066,80.2146231],[57.9440768,80.1958635],[58.0002886,80.1747358],[58.4073465,80.1447448],[58.3798385,80.1770392],[58.4559234,80.2030528],[58.0406571,80.2347676],[58.1809742,80.2746641],[58.6104048,80.3306671],[59.2935794,80.3211618],[59.0626,80.38182203377427]]],[[[50.531857175,80.73998547671098],[50.3970325,80.7225496],[50.2280566,80.7549928],[50.5724723,80.7992902],[50.4316081,80.8041404],[50.4499424,80.8137583],[51.0036562,80.8586142],[50.8637881,80.9495411],[50.1368937,80.8527851],[49.9551498,80.8854714],[50.4219545,80.9297371],[50.1726582,80.945604],[49.7870201,80.908693],[49.6199042,80.8467848],[48.9964239,80.7782983],[49.1609454,80.7673392],[48.9685854,80.7356002],[49.0874871,80.7187002],[49.3129673,80.7514468],[49.1835706,80.7025819],[49.6139626,80.7222747],[49.638422,80.7019652],[49.5873361,80.690867],[49.7003674,80.6697046],[49.6121743,80.6398384],[49.2769376,80.6337473],[49.4441135,80.5969688],[49.20245,80.5856876],[49.247658,80.5639279],[49.1524272,80.547156],[49.2334728,80.5333214],[49.2079837,80.5201934],[48.8704222,80.5267484],[48.8405424,80.5139418],[48.8716564,80.4892852],[48.7627491,80.4848233],[48.5131452,80.5069118],[48.5663894,80.5305399],[48.4746723,80.5489176],[47.9550788,80.5325909],[47.423022,80.4556266],[48.1933579,80.4580355],[48.2145563,80.4549479],[48.1420633,80.4373772],[48.3076951,80.4124547],[47.6142516,80.3947715],[47.6960636,80.3622591],[48.1787533,80.3382033],[47.9163021,80.325366],[48.0936268,80.3048225],[48.0432701,80.2963573],[47.5799548,80.2923354],[47.4711958,80.3271707],[47.197263,80.3076196],[47.3354521,80.3474868],[47.2280545,80.3805531],[46.7201737,80.2951158],[47.071547,80.2179569],[46.9317489,80.1949188],[46.9504714,80.18254],[47.1518183,80.1554838],[47.2304748,80.1701193],[47.204323,80.184195],[47.4795262,80.1894831],[47.303007,80.2112905],[47.3682691,80.235662],[48.1142719,80.2459133],[47.8479474,80.1974462],[48.2215028,80.1903443],[47.8591431,80.1633454],[47.6713225,80.080344],[47.7169757,80.0479414],[48.0007036,80.0671327],[48.0406992,80.0758109],[47.9591313,80.0945036],[48.1630893,80.1279822],[48.2709434,80.1229799],[48.3193484,80.094444],[48.3025726,80.0772351],[48.3504066,80.0724424],[48.4762929,80.1181676],[48.4858552,80.1405542],[48.4418423,80.1513367],[48.4818082,80.1612023],[48.3939767,80.1699412],[48.4322987,80.1946014],[48.5712061,80.1978492],[48.6285474,80.1655309],[48.9001494,80.136855],[48.9339829,80.1421698],[48.8572847,80.1616194],[49.0996565,80.1732725],[48.8331048,80.2122076],[48.9827341,80.2334409],[48.8920369,80.2420463],[48.9542966,80.2643759],[48.9079372,80.2785107],[48.5330483,80.2763865],[48.4225666,80.3007759],[48.4462028,80.3209969],[48.8008591,80.3278315],[48.7456304,80.3682458],[48.8585603,80.3817749],[49.4187091,80.3481399],[49.7347893,80.3679365],[49.7615257,80.4384581],[49.6290517,80.4688055],[50.3248585,80.5319923],[50.9391822,80.5431124],[51.1558797,80.6257156],[51.3683072,80.630019],[51.8023619,80.7136879],[51.4628732,80.7423246],[51.4961805,80.7567471],[51.2740539,80.7982285],[51.1102925,80.7874677],[51.1351367,80.7614642],[51.0909781,80.7556911],[50.937476,80.7872828],[50.531857175,80.73998547671098]]],[[[54.6119778,73.6438727],[54.5733583,73.6526952],[54.6119778,73.6438727]]],[[[58.3357685,74.059959],[58.3084166,74.0435173],[58.3357685,74.059959]]],[[[58.7497233,74.3391474],[58.8255802,74.3280536],[58.7497233,74.3391474]]],[[[59.1670304,74.4862442],[59.2881677,74.4850291],[59.1670304,74.4862442]]],[[[59.3064347,74.4265572],[59.2115694,74.4266313],[59.2737578,74.3842065],[59.3646301,74.421086],[59.3064347,74.4265572]]],[[[58.723551,74.4303295],[58.66573,74.4279609],[58.723551,74.4303295]]],[[[59.0626,74.38898032359538],[58.9632374,74.3363252],[59.0824006,74.3285851],[59.113361,74.3410701],[59.0576535,74.3495208],[59.0997196,74.3634374],[59.0752282,74.3792605],[59.1413398,74.3947321],[59.0626,74.38898032359538]]],[[[59.0125006,74.3821416],[59.0402564,74.3691074],[59.0568228,74.3947684],[59.0125006,74.3821416]]],[[[58.6275303,74.3938748],[58.670638,74.4021142],[58.5656746,74.406971],[58.6275303,74.3938748]]],[[[54.028469175,73.42169473691861],[54.1748362,73.4343864],[54.0073596,73.4182728],[54.028469175,73.42169473691861]]],[[[52.03115,71.46336584703616],[52.2217481,71.473523],[52.1422432,71.4798],[52.1950342,71.4885647],[52.303562,71.4617324],[52.1941793,71.5278347],[52.29766,71.5711101],[52.3326099,71.5143299],[52.4570101,71.4622072],[52.45382,71.48678],[52.41638,71.4826399],[52.4016407,71.5402534],[52.49185,71.53072],[52.48165,71.5602],[52.5829501,71.60151],[52.63962,71.54698],[52.7093701,71.5334499],[52.6895801,71.5138],[52.72442,71.49512],[52.68597,71.49579],[52.76049,71.43421],[52.86696,71.4099399],[52.77961,71.4587101],[52.8827001,71.46021],[52.9425101,71.43231],[52.8901,71.4293899],[52.93158,71.38906],[52.9115901,71.3812],[52.9689799,71.37117],[52.92592,71.41198],[53.0311001,71.4001401],[52.94949,71.4334801],[52.9402999,71.4693901],[53.05655,71.4639],[53.00038,71.5107699],[53.09754,71.4839501],[53.1205299,71.4260599],[53.16269,71.40797],[53.17201,71.4579501],[53.22517,71.4535099],[53.20229,71.4817301],[53.32032,71.53396],[53.48457,71.5519099],[53.47019,71.57288],[53.4916299,71.55306],[53.4629499,71.5333399],[53.5135199,71.54671],[53.4963999,71.52704],[53.3822101,71.4949601],[53.37505,71.4503801],[53.2914901,71.43486],[53.3282999,71.43353],[53.3010699,71.4268499],[53.36305,71.35383],[53.3427096,71.324465],[53.442816,71.2720848],[53.5523101,71.27635],[53.53122,71.26359],[53.55058,71.2532],[53.4636716,71.2567091],[53.5436582,71.2008968],[53.7395399,71.18442],[53.7562001,71.16527],[53.7241567,71.1555764],[53.83809,71.13391],[53.8412089,71.1708673],[53.80631,71.19299],[53.9694599,71.15349],[53.99654,71.1884601],[54.05398,71.1755699],[54.04091,71.21475],[54.0812801,71.21551],[54.2255553,71.1470593],[54.0765476,71.1683836],[54.0119206,71.1365559],[54.1369768,71.0926001],[54.2081301,71.11679],[54.2696201,71.0949401],[53.9067891,71.0727069],[53.9874501,71.0187099],[53.9640799,71.0148931],[53.7028585,71.083865],[53.7545301,71.0608499],[53.6401589,71.0411635],[53.5392678,71.0776774],[53.5561112,71.0372968],[53.7815811,70.9339864],[53.6830966,70.8776072],[53.7534376,70.8119779],[53.57472,70.8810599],[53.5470901,70.85585],[53.3498401,70.85986],[53.5617899,70.7843399],[53.58403,70.7883399],[53.52188,70.82172],[53.6468399,70.80997],[53.6162458,70.8317476],[53.87313,70.76073],[53.92525,70.7774599],[53.8472601,70.79687],[53.9005001,70.81441],[54.04622,70.7234299],[54.2597301,70.7190701],[54.30583,70.7274199],[54.2515129,70.7553224],[54.3017799,70.76317],[54.5570299,70.69923],[54.5260901,70.6742601],[54.6144901,70.64833],[54.79119,70.63674],[54.43034,70.73458],[54.5121249,70.7422226],[54.46457,70.7762299],[54.51258,70.78328],[54.5676574,70.7477063],[54.5411534,70.7821754],[54.731976,70.7335413],[54.6935402,70.7225899],[54.743983,70.6714327],[54.9645801,70.6290299],[55.16668,70.54527],[55.2121899,70.57282],[55.29295,70.56235],[55.26569,70.5758999],[55.31895,70.60042],[55.20556,70.6561],[55.2719999,70.65929],[55.2712399,70.68153],[55.42057,70.6482401],[55.4437601,70.61763],[55.4594,70.6343799],[55.37956,70.66922],[55.48184,70.6330299],[55.39744,70.68702],[54.90763,70.7621099],[55.0991737,70.7653844],[55.3551599,70.6846001],[55.3555901,70.7170701],[55.436581,70.7328411],[55.4843718,70.6915117],[55.8109701,70.6157901],[55.5957399,70.70066],[55.60956,70.7242801],[55.8619109,70.6148765],[55.76356,70.61087],[55.5672601,70.67744],[55.7468805,70.6001306],[55.61446,70.6310201],[56.03159,70.55626],[55.98746,70.5795401],[56.0106401,70.5924401],[55.79416,70.6652601],[55.9952036,70.6301182],[56.1478599,70.6554899],[56.07574,70.64774],[56.2267427,70.6331382],[56.1588599,70.65043],[56.3201324,70.6523935],[56.1793996,70.690497],[56.3228989,70.6907198],[56.1950939,70.7180377],[56.2217214,70.7381023],[56.3750226,70.6996777],[56.5335836,70.739662],[56.6226684,70.7179106],[56.5258046,70.7143235],[56.5395199,70.65434],[56.5062146,70.6574329],[56.6088262,70.6172495],[56.6819431,70.6174306],[56.5479799,70.6553799],[57.1416401,70.5562199],[57.1032701,70.55216],[57.3194001,70.54258],[57.1516948,70.6111203],[56.831449,70.6280744],[56.7621208,70.6717513],[57.4322699,70.5866899],[57.3573301,70.6075501],[57.476053,70.5919007],[57.4432931,70.6050205],[57.4869831,70.6309704],[57.4682808,70.659874],[57.5226931,70.67202],[57.5424,70.71137],[57.6126901,70.7091],[57.4191418,70.8002002],[57.0248664,70.8578877],[56.2129148,71.1848154],[55.6558059,71.6258445],[55.6661165,71.6481379],[55.5835479,71.7008949],[55.5756149,71.7652432],[55.5118199,71.8184999],[55.5536314,71.8454821],[55.5216868,71.8846864],[55.27327,71.94252],[55.4330205,71.93456],[55.3642316,71.9795252],[55.4605386,72.0557809],[55.4069602,72.0969327],[55.5753776,72.1731149],[55.5027255,72.2323132],[55.5514656,72.2334083],[55.363796,72.2861941],[55.4697203,72.3330108],[55.5006609,72.3817586],[55.4795469,72.4354184],[55.4218714,72.4169131],[55.3062612,72.4406004],[55.5538246,72.458653],[55.5634474,72.5085891],[55.2969629,72.5686517],[55.492862,72.5590766],[55.5277797,72.5458272],[55.5108381,72.5313851],[55.5984587,72.5218134],[55.6442899,72.5419587],[55.6200768,72.5802404],[55.6959744,72.595014],[55.6735799,72.6574],[55.9219091,72.6507487],[55.8435026,72.7381093],[55.3391201,72.762],[55.5573,72.7818201],[55.4123199,72.8077401],[55.7262,72.7607201],[55.8746,72.7984001],[55.91588,72.7730699],[55.94675,72.80023],[56.0186257,72.76956],[56.121607,72.7784071],[56.2341555,72.853496],[56.2172149,72.9042237],[56.2659818,72.9457498],[55.89273,72.9232],[55.5464167,72.9420455],[55.8803301,72.9404999],[56.1617201,72.9904001],[56.3172501,72.98638],[56.4353603,73.0317053],[55.7907913,73.0652033],[56.1661474,73.0625975],[56.5488616,73.1088885],[56.5679347,73.1370329],[56.4114734,73.2214688],[55.9677104,73.2460507],[55.9807036,73.2660449],[55.8063458,73.2863242],[55.8387355,73.2997948],[55.8040918,73.3187626],[55.4317733,73.3134801],[54.915914,73.4240056],[54.5390872,73.3588149],[54.2483901,73.25772],[53.9366,73.29453],[53.6106999,73.2287],[53.4654999,73.23664],[53.2114401,73.1418],[53.1875599,73.1239499],[53.2077415,73.1094516],[53.1575399,73.0903699],[53.42272,72.9981801],[53.1496399,72.9988501],[53.08734,72.94877],[53.20617,72.9115999],[53.4064501,72.92256],[53.3163099,72.90108],[53.4270201,72.87849],[53.63432,72.88919],[53.52223,72.8537899],[52.95549,72.90754],[52.58403,72.8368],[52.50219,72.7868699],[52.4856429,72.7424281],[52.4059941,72.7118956],[52.5597301,72.65725],[52.9777501,72.6614499],[52.74926,72.62934],[52.75268,72.6040601],[52.84861,72.6111999],[52.8004,72.6086499],[52.72686,72.5400101],[53.1062701,72.59166],[53.3245101,72.5530499],[52.9829801,72.57323],[52.9966501,72.5540401],[52.91386,72.5615901],[52.98349,72.5461],[52.8706901,72.50975],[52.9023,72.49487],[52.71952,72.47404],[52.7079301,72.4440801],[52.7997699,72.45782],[52.76971,72.4338799],[52.8510399,72.43048],[52.70764,72.4274299],[52.75021,72.3850699],[52.71624,72.3569399],[52.7645199,72.3254501],[52.5774001,72.3636099],[52.72635,72.3138801],[52.68174,72.28226],[52.60037,72.28959],[52.63805,72.241],[52.45775,72.2743299],[52.47298,72.2467501],[52.5400501,72.25058],[52.49252,72.239],[52.5518201,72.22626],[52.4915801,72.21721],[52.55289,72.18556],[52.4321099,72.21199],[52.56255,72.12995],[52.46704,72.1180199],[52.45682,72.14263],[52.48695,72.14743],[52.44247,72.16689],[52.4438801,72.1223499],[52.40001,72.09929],[52.5269399,72.02566],[52.29351,72.0726699],[52.2483499,72.0541701],[52.2910101,72.07594],[52.27686,72.09226],[52.17632,72.06904],[52.21014,72.10549],[52.2472001,72.09102],[52.2248,72.12942],[52.14064,72.10992],[52.09883,72.06327],[52.06918,72.08405],[52.04614,72.0488599],[52.01894,72.07892],[52.04047,72.09485],[51.93073,72.0828899],[51.94989,72.0909901],[51.86002,72.1534999],[51.56531,72.0614201],[51.43489,71.82946],[51.4863299,71.7173299],[51.52795,71.7062101],[51.52042,71.6659899],[51.59675,71.6040499],[51.5822699,71.5708099],[51.6317499,71.5304201],[51.887932,71.4635675],[52.03115,71.46336584703616]]],[[[56.2499,74.46807349388607],[56.294685,74.4752542],[56.0293983,74.4347405],[55.3768131,74.4098781],[55.29726,74.3492265],[55.6310644,74.3038985],[55.6642836,74.3187953],[55.6029342,74.3288905],[55.6659814,74.3382245],[55.7567112,74.2782007],[55.6950898,74.2476929],[55.6220472,74.2768857],[55.2471377,74.261945],[55.2820135,74.2926316],[55.1092072,74.2495223],[55.1368076,74.2363544],[55.1190593,74.2257467],[55.6138442,74.1748824],[55.6094163,74.1390814],[55.7934874,74.1266371],[55.8801231,74.1023167],[55.8395295,74.0831968],[55.8600755,74.0756405],[56.0778173,74.0352862],[55.9519792,74.0285818],[55.9335855,74.0545525],[55.5501886,74.122086],[55.0278924,74.1563157],[54.57796,73.9978801],[54.85481,73.96451],[54.8324099,73.95201],[54.8157499,73.97306],[54.7742599,73.9514201],[54.79952,73.94912],[54.32371,73.9140799],[54.08578,73.84577],[54.05577,73.8233599],[54.08955,73.81385],[54.0085602,73.7783756],[53.84322,73.75881],[53.7090601,73.79016],[53.6751284,73.7475983],[54.00353,73.64488],[53.9995,73.6216799],[54.2203799,73.59605],[54.5757901,73.69197],[54.90752,73.71325],[54.8289501,73.6869],[54.87206,73.6661201],[55.0949257,73.7101051],[55.4057797,73.7045848],[54.7542479,73.6436014],[54.7105404,73.6088308],[54.388744,73.5571218],[54.232515,73.4822148],[54.4871382,73.4623784],[54.3196675,73.3970493],[54.0675956,73.3574919],[54.22343,73.3162],[54.9551021,73.4398281],[55.2563365,73.3942509],[55.4100404,73.3272427],[55.7403884,73.3381899],[55.9656866,73.294588],[55.9890219,73.373655],[55.8873958,73.4198975],[55.9335179,73.4265253],[56.0479388,73.3734209],[56.0494973,73.2891112],[56.1221047,73.2585147],[56.3477486,73.2693104],[56.730601,73.2336263],[56.7368879,73.2857521],[56.8081074,73.3080567],[56.7506635,73.3154047],[56.7667646,73.3412266],[56.822373,73.3471574],[56.9054957,73.2999484],[57.2417517,73.4536264],[57.2243085,73.4906895],[57.1239431,73.5275606],[56.8903345,73.5872205],[56.754882,73.5805926],[56.8884149,73.6042088],[56.7814454,73.6220082],[56.7449465,73.6403612],[56.7562721,73.6720528],[56.6860539,73.6872888],[56.7925059,73.6797555],[56.9526769,73.590693],[57.3350092,73.5454693],[57.4144317,73.5862042],[57.5837143,73.5950016],[57.6207088,73.6298973],[57.4733164,73.7526503],[57.3568117,73.7671835],[57.3794839,73.7801732],[57.3041128,73.8076289],[56.7465611,73.834008],[56.6117264,73.8742971],[57.3958445,73.8339194],[57.5384586,73.8058899],[57.649752,73.7133525],[57.7248015,73.7223075],[57.8848208,73.7679463],[57.8322542,73.8312632],[57.8451397,73.8682582],[57.7613183,73.8841565],[57.8628474,73.9082992],[57.5232708,74.0652298],[57.2480081,74.0669964],[57.5414134,74.0794914],[57.5020825,74.1324674],[57.3706877,74.1858665],[57.4086296,74.2043193],[57.5594707,74.1719247],[57.7093704,74.0457959],[58.1453602,73.9724342],[58.1641509,74.000394],[58.2499518,74.0017032],[58.1127506,74.0349016],[58.1922323,74.0745929],[58.1416268,74.1162561],[58.2686919,74.1183627],[58.2932498,74.1102973],[58.2592436,74.0806022],[58.3023431,74.0722988],[58.3337362,74.0806683],[58.3060011,74.1093227],[58.3311171,74.1228444],[58.5374822,74.1184177],[58.2555913,74.1603422],[58.2854027,74.1882745],[58.3454015,74.182803],[58.2693929,74.1633284],[58.3947322,74.1844093],[58.5062159,74.1436785],[58.5431907,74.1590073],[58.4729062,74.1991002],[58.6400822,74.2012314],[58.533732,74.2211451],[58.7333376,74.2135449],[58.634591,74.2357379],[58.7221282,74.2494109],[58.6424713,74.2896316],[58.6965127,74.31912],[58.6037764,74.3842106],[58.4344613,74.4323907],[58.3121717,74.4265058],[58.3992149,74.4428367],[58.5665511,74.4110532],[58.5911813,74.448441],[58.4974407,74.4950882],[58.2017957,74.5398064],[58.2504122,74.5628236],[58.7033437,74.4912638],[58.8233175,74.4456305],[59.1433408,74.4238515],[59.0635032,74.4649936],[59.1253986,74.4999376],[59.1149913,74.5186953],[58.7759083,74.5801808],[59.1226387,74.5257794],[59.17148,74.5922766],[59.1427056,74.6176029],[59.269253,74.6168668],[59.0903646,74.6986089],[59.1446901,74.7332854],[59.1611467,74.6958951],[59.3075762,74.6763209],[59.5374233,74.5847695],[59.7615916,74.5717609],[59.8623568,74.6065211],[59.8374015,74.6629445],[59.5745021,74.7188279],[59.5940501,74.7333903],[59.5720774,74.7481412],[59.4499446,74.7853463],[59.6570498,74.7184671],[60.2467281,74.7339315],[60.3050929,74.7801917],[60.196324,74.7967229],[60.2037913,74.8197996],[60.1568633,74.8453319],[60.5270296,74.8429544],[60.6294508,74.9118707],[60.5600434,74.9453335],[60.1382952,74.943341],[59.9106607,74.9833117],[59.9652357,75.0022281],[60.1474063,74.9686653],[60.1758763,74.9800369],[60.1625216,74.999021],[60.2298617,74.9810709],[60.1926981,74.9731524],[60.4392707,75.0041108],[60.4463404,75.026774],[60.3852632,75.0414986],[60.4849261,75.048449],[60.311588,75.0855494],[60.5236104,75.0657681],[60.4979239,75.1010011],[60.6374833,75.0980251],[60.5958028,75.0899805],[60.619856,75.0824386],[60.5884062,75.0353398],[60.7430143,75.0134185],[60.8147001,75.0728898],[60.7525701,75.090803],[60.8161299,75.0984588],[60.7361751,75.1192197],[61.0898319,75.1710677],[61.1345073,75.1893702],[61.1250724,75.2159436],[61.3447489,75.2806225],[61.2897505,75.2908612],[61.3377703,75.2948366],[61.3006354,75.3112726],[61.4137124,75.3113356],[61.3833074,75.2919349],[61.4153093,75.2809766],[61.3828842,75.2110206],[61.506091,75.2155712],[61.6892366,75.2867391],[61.6583327,75.3040727],[61.7258198,75.3360603],[61.7165739,75.3625298],[61.8244207,75.3418802],[61.9503261,75.3874207],[61.9051188,75.4198509],[61.9327312,75.4338862],[62.3181499,75.4190601],[63.0053155,75.5621698],[63.46475,75.5969201],[63.68699,75.68893],[63.5854599,75.71382],[63.73245,75.6922399],[63.7145101,75.6687699],[63.8147701,75.6517501],[63.7439,75.6201999],[63.79639,75.61187],[63.86587,75.65491],[64.00685,75.6599601],[64.1853499,75.7176999],[65.1664999,75.79787],[65.5715643,75.901794],[65.9479499,75.9376901],[65.9645873,75.9731558],[66.4437701,75.98867],[68.0087199,76.2414499],[68.31005,76.2488601],[68.1991851,76.2936617],[68.3618001,76.3154],[68.4550999,76.3582799],[68.43535,76.39144],[68.6172801,76.40481],[68.7121299,76.44018],[68.7210101,76.4859101],[68.9568399,76.5371401],[68.79402,76.57181],[68.8889901,76.65461],[69.09173,76.70263],[69.0029301,76.7082699],[68.9187879,76.7549335],[69.0012182,76.7843183],[68.755954,76.8365546],[68.8229188,76.8699642],[68.5016723,76.9294432],[68.579118,76.9555878],[67.73515,77.0001901],[67.3715301,76.9659799],[67.28142,76.92734],[67.04817,76.93923],[66.9403099,76.9131],[66.9919213,76.8824614],[66.7012699,76.8533301],[66.7581251,76.8319255],[66.48777,76.82374],[66.4128701,76.77622],[66.2311199,76.76359],[66.3902889,76.7126701],[66.364677,76.7041905],[66.03907,76.73843],[65.8221901,76.6514301],[66.0061926,76.6029346],[66.02461,76.5664099],[65.99571,76.5601999],[66.0942201,76.4976801],[65.4882399,76.5508499],[65.4367301,76.5079201],[65.3682601,76.5015701],[65.39221,76.48963],[64.97139,76.47583],[64.7046599,76.3907599],[64.81724,76.36911],[64.8525454,76.3506608],[64.83468,76.3381699],[64.5406967,76.3793305],[64.4982099,76.33308],[64.3087599,76.3357299],[64.2393601,76.3072599],[64.2798392,76.2878858],[64.0756185,76.2742399],[63.98072,76.3313799],[63.7200899,76.3295801],[63.56737,76.29577],[63.57717,76.2706],[63.2975801,76.2568801],[63.03841,76.19122],[62.8655899,76.19802],[62.9338301,76.21434],[62.79159,76.22184],[62.83717,76.2455699],[62.76992,76.26083],[62.65161,76.22392],[62.7043699,76.21449],[62.64528,76.19037],[62.5481501,76.2004299],[62.595437,76.1810028],[62.5470205,76.1550953],[62.34443,76.17599],[62.41057,76.22402],[62.4040899,76.25262],[61.8938179,76.2543189],[61.8689863,76.2851722],[61.7396143,76.2732025],[61.6725531,76.298555],[61.0997979,76.2655314],[60.9591294,76.2102283],[61.0167524,76.1921481],[60.90658,76.144777],[61.2015163,76.1138227],[61.0851196,76.0860706],[61.1173203,76.0540438],[61.0905915,76.0396381],[60.553905,75.9870204],[60.4666702,75.9996628],[60.783647,76.1006357],[60.5136671,76.1153964],[60.2673106,76.0868247],[60.0411,76.0334741],[60.4322197,75.9640798],[60.0383525,75.9610078],[59.9888633,75.9384788],[60.0434359,75.9303845],[59.7286454,75.8950099],[59.4100332,75.9147494],[59.140832,75.8342135],[58.8837404,75.8478569],[58.7337279,75.7991536],[58.8215868,75.7706019],[58.7804355,75.7216432],[57.9826162,75.6296817],[58.3066436,75.6230147],[58.3446008,75.579721],[58.0000195,75.5603803],[57.5554726,75.4749901],[57.591702,75.4388852],[57.7270993,75.4247118],[57.7173373,75.3483637],[57.8962315,75.3519615],[57.874732,75.3123199],[57.5594673,75.3107338],[57.3811424,75.3463429],[57.3917555,75.3662491],[57.0330169,75.3792176],[56.7063341,75.3004911],[56.8813542,75.2441956],[57.0106697,75.2465244],[56.6140997,75.1369453],[56.5580598,75.0939112],[56.6268756,75.0832458],[56.5897842,75.0621463],[56.3765868,75.0385222],[56.4071328,75.0541854],[56.3810939,75.0983091],[56.292945,75.1578309],[56.1292705,75.1264894],[56.0900547,75.1417939],[56.1397532,75.1698292],[56.0218062,75.1578649],[56.0122889,75.1815827],[55.7977329,75.1172088],[55.7474744,75.051281],[55.9328893,75.0471075],[55.8416707,74.957758],[56.2942726,75.0004769],[56.3897159,74.9695862],[56.2564648,74.9255087],[56.3540423,74.928105],[56.2946169,74.8962525],[56.4488954,74.8979555],[55.8625544,74.8081501],[55.8368052,74.7745506],[56.0278493,74.751566],[56.4622114,74.7686015],[56.5021425,74.7506843],[56.4290436,74.7188349],[56.5044103,74.7251441],[56.5915692,74.6719302],[56.8845311,74.6970499],[56.940731,74.6733154],[56.5609589,74.6440284],[56.4132071,74.7019342],[55.9785271,74.6297403],[55.8242445,74.6702461],[55.6024434,74.6117409],[55.6206781,74.5737833],[55.5667938,74.5432931],[55.7257691,74.5266289],[55.6902911,74.4925683],[56.0195382,74.5125318],[56.0697464,74.5043165],[56.028181,74.4650505],[56.2499,74.46807349388607]]]]}},{"type":"Feature","properties":{"name":"Astrakhan Oblast"},"geometry":{"type":"MultiPolygon","coordinates":[[[[47.52714510625149,45.517248648746154],[47.5523148,45.6023513],[47.4980409,45.6183861],[47.52714510625149,45.517248648746154]]],[[[46.4440474,45.4526555],[46.577223,45.4299225],[46.625217,45.43882],[46.6386649,45.480541],[46.8551614,45.45052],[46.884463,45.5237084],[46.6600547,45.5473848],[46.6463734,45.5045983],[46.4572763,45.4828672],[46.4440474,45.4526555]]],[[[44.9609783,48.2708558],[45.1676307,48.2220169],[45.1456723,48.1877128],[45.2385049,48.1648779],[45.2660532,48.1054724],[45.3794059,48.0997549],[45.550385,47.9937796],[45.6985438,48.0322744],[45.7566315,48.0013326],[45.7138656,47.9312193],[45.7401725,47.8302618],[45.7839597,47.814407],[45.8412563,47.7201671],[45.8998712,47.7169518],[45.9216779,47.6446798],[46.0079695,47.5647578],[46.2672072,47.4207447],[46.3988874,47.4133023],[46.7033681,47.6071715],[46.8731427,47.548898],[46.5362576,47.4034067],[46.8170647,46.992215],[46.9621776,46.9742199],[46.9572396,46.7153699],[46.8662085,46.6196303],[46.9503268,46.5244522],[46.9646729,46.4454705],[46.6629674,46.4409194],[46.560863,46.3542657],[46.504665,46.3757765],[46.4008324,46.3206181],[46.5012444,46.2809492],[46.449329,46.1776323],[46.4549294,45.9654482],[46.3106359,45.9630106],[46.2954323,45.9144253],[46.4119318,45.8159581],[46.5498151,45.798013],[46.4777182,45.7004604],[46.6938838,45.6484696],[46.6834006,45.6194747],[46.7496692,45.615088],[46.8140589,45.5653878],[46.969002,45.6188674],[47.2123804,45.6182056],[47.2959912,45.6767832],[47.4891268,45.6453245],[47.5258876,45.6704155],[47.6024432,45.5817124],[47.6470874,45.601813],[47.654477,45.6385546],[47.6283845,45.6474355],[47.6589877,45.6508325],[47.767685,45.4481979],[47.77361,45.5624086],[47.7506074,45.5499079],[47.7261077,45.6236679],[47.7700621,45.630923],[47.7624344,45.6025312],[47.7839097,45.626431],[47.7823647,45.5627691],[47.8103456,45.5812745],[47.8544625,45.4788175],[47.9016694,45.4691875],[47.9090508,45.6186273],[47.8345824,45.6474138],[47.8564917,45.6991217],[47.8651105,45.6593313],[47.9348001,45.6987735],[47.9858712,45.6722107],[47.9342099,45.6638631],[47.9214919,45.5859391],[47.977788,45.4559146],[47.9382764,45.3688638],[47.9748675,45.3883037],[47.9852007,45.3608172],[48.0205532,45.512611],[48.0084289,45.6120632],[47.9752248,45.6218927],[47.999668,45.6419254],[48.0115483,45.6182999],[48.0128224,45.6586143],[48.059105,45.6565617],[48.0721906,45.5825303],[48.0477436,45.6453218],[48.0387247,45.6034739],[48.0605839,45.5420091],[48.0915457,45.595203],[48.1207391,45.5788728],[48.109888,45.4326627],[48.1584444,45.4025705],[48.2048449,45.4490827],[48.1672729,45.453345],[48.1366065,45.5212885],[48.1520582,45.5819091],[48.1122745,45.6029364],[48.1458712,45.6604475],[48.1742184,45.6475518],[48.1660629,45.6818086],[48.2357312,45.6532868],[48.1896695,45.6873757],[48.2811284,45.6806005],[48.2610025,45.7234991],[48.282101,45.695705],[48.285607,45.7355717],[48.3959903,45.5926484],[48.4365109,45.6281389],[48.355976,45.69506],[48.4487332,45.6551485],[48.4696587,45.6932974],[48.5175952,45.617604],[48.5158099,45.674751],[48.5617839,45.6896483],[48.588624,45.6101979],[48.6375607,45.6148123],[48.6360084,45.6446093],[48.707085,45.6079958],[48.7470139,45.6439144],[48.740718,45.7539597],[48.7832977,45.7863188],[48.7455227,45.9192557],[48.7864457,45.8836293],[48.8132494,45.9144264],[48.8419111,45.8158836],[48.868753,45.9148765],[48.9329567,45.9217502],[48.93009,45.9785822],[48.972819,45.9786634],[49.0473019,45.8927758],[49.0198147,45.9641971],[49.0329776,46.120382],[49.216078,45.990972],[49.2527959,46.0214874],[49.249826,46.1024566],[49.3205792,46.0650427],[49.2476314,46.1549115],[49.3323585,46.1444161],[49.3364076,46.1997311],[49.2756709,46.2374256],[49.3141866,46.2728432],[49.1912873,46.3699556],[48.8266562,46.4801687],[48.7864816,46.5420876],[48.5498293,46.5561745],[48.557361,46.5858244],[48.6227262,46.6034038],[48.4778877,46.6705765],[48.6547274,46.7262122],[48.7521448,46.6839768],[48.9214947,46.6935072],[48.9971252,46.7430848],[48.9157882,46.880218],[48.711055,47.0953376],[48.5206406,47.4115724],[48.4530159,47.410845],[48.213354,47.6905146],[48.1137189,47.743257],[47.6526728,47.7581964],[47.4150752,47.8377105],[47.3846275,47.6815631],[47.19408,47.7605037],[47.1214852,47.8314685],[47.1809094,47.8536645],[47.0499115,47.997515],[47.211519,48.0822501],[47.0919048,48.1035222],[47.1255636,48.1582889],[47.1036315,48.2120039],[47.1237606,48.269529],[46.492161,48.4336187],[46.6216739,48.6680657],[46.3082005,48.8212387],[46.3242895,48.8373877],[46.0172292,48.861628],[45.9454252,48.8431042],[45.8788327,48.7283501],[45.7396193,48.6516287],[45.5070842,48.5749762],[45.4353604,48.5904309],[45.3616755,48.5490326],[45.3027318,48.5731471],[45.2157174,48.5560841],[45.2006881,48.5350354],[45.2307547,48.5134418],[45.3130819,48.520531],[45.3243562,48.4831821],[45.4175708,48.4925548],[45.3368923,48.4313755],[45.2001019,48.4858714],[45.213009,48.5140683],[45.1744359,48.5121572],[45.1902189,48.4693282],[45.0640547,48.4621521],[45.0529459,48.4267088],[45.0146846,48.4249014],[45.0258532,48.3576554],[44.9917608,48.3592003],[44.9609783,48.2708558]],[[46.937644,45.7690339],[46.9845897,45.7808553],[46.9622474,45.7203931],[46.937732,45.719035],[46.937644,45.7690339]],[[47.006272,46.0744969],[47.1289388,46.1125124],[47.116645,46.0537043],[47.006272,46.0744969]]]]}},{"type":"Feature","properties":{"name":"Belgorod Oblast"},"geometry":{"type":"Polygon","coordinates":[[[35.3520928,50.9733022],[35.3256864,50.9467518],[35.4006085,50.9145904],[35.3823145,50.8700433],[35.4191177,50.843828],[35.4114062,50.802563],[35.4887132,50.7768038],[35.4592983,50.6890885],[35.4888771,50.6585551],[35.3990575,50.655335],[35.42565,50.603176],[35.3903461,50.5799858],[35.4764188,50.4885325],[35.5858308,50.4487991],[35.5842467,50.3926615],[35.6263933,50.3519835],[35.73818,50.35446],[35.83174,50.43377],[36.08665,50.44836],[36.16064,50.43154],[36.28372,50.33558],[36.29574,50.29163],[36.36303,50.28751],[36.43341,50.33077],[36.58499,50.2858],[36.56044,50.25061],[36.64867,50.21765],[36.69296,50.26914],[36.8702783,50.3377282],[37.1529786,50.3564641],[37.327272,50.4354762],[37.49102,50.45746],[37.4629267,50.4227424],[37.47196,50.36922],[37.57702,50.30657],[37.63555,50.31137],[37.61444,50.22005],[37.6407,50.17593],[37.75486,50.07843],[37.92652,50.0338],[38.0437198,49.9329439],[38.032974,49.9001506],[38.2218479,49.9791376],[38.1782301,50.0799958],[38.3141788,50.0881888],[38.3505346,50.0069109],[38.46931,49.99534],[38.48871,49.96324],[38.6475,49.95586],[38.68698,50.0077],[38.71805,49.9835],[38.6939731,49.9349262],[38.7909714,49.8783727],[38.9012094,49.8693465],[38.9306914,49.7968326],[39.1105476,49.8379094],[39.2807694,50.0353952],[39.2184604,50.0467387],[39.2070973,50.0755466],[39.2385258,50.1021292],[39.1950162,50.0893708],[39.1164411,50.156293],[39.1395386,50.188403],[39.1381669,50.2250593],[39.1033285,50.2386923],[39.1177916,50.2680591],[39.0343823,50.2874013],[39.1015948,50.339723],[38.9814478,50.4386177],[39.0475484,50.4921955],[39.1270462,50.5072778],[39.1253305,50.534467],[39.0810082,50.5307497],[39.0836194,50.606249],[39.0457159,50.6186486],[39.1192702,50.6245934],[38.9648517,50.6532679],[38.9885407,50.6981168],[38.7789868,50.7189654],[38.7942756,50.7784743],[38.8466481,50.7892908],[38.706536,50.8002035],[38.7414787,50.8518224],[38.7209359,50.877304],[38.7486201,50.8656395],[38.7261054,50.900035],[38.7743587,50.9179291],[38.8896615,50.8918987],[38.8681907,50.9204702],[38.8912044,50.9370826],[38.8047842,50.9838526],[38.8645878,51.0059231],[38.8564554,51.0360036],[38.8072224,51.0483249],[38.8034955,51.0766927],[38.7423152,51.071655],[38.6332579,50.9982368],[38.5020007,51.0493613],[38.5121817,51.0734833],[38.3881127,51.0768474],[38.4072499,51.1300243],[38.3803527,51.1502075],[38.52222,51.1634951],[38.5193896,51.2110233],[38.4559602,51.2167439],[38.4342917,51.28578],[38.3352773,51.2561434],[38.2044323,51.338048],[38.0359539,51.36706],[38.0058292,51.4231321],[37.847478,51.4297308],[37.7014745,51.3518889],[37.5572485,51.3915299],[37.47205,51.3680262],[37.3837424,51.3845212],[37.3007549,51.3315424],[37.1468966,51.3571308],[37.1599943,51.3196292],[37.1217547,51.2839521],[37.1489271,51.2288851],[37.0792499,51.252087],[36.987165,51.1832167],[36.7523381,51.1494878],[36.5974949,51.0658797],[36.6015696,51.1001837],[36.5249313,51.1350515],[36.4923925,51.0625531],[36.4230167,51.120876],[36.3057655,51.0945139],[36.2283939,51.1430187],[36.2233164,51.118059],[36.1401558,51.1104679],[36.0542906,51.1667515],[36.0082004,51.1582511],[35.9843604,51.1480725],[36.0056613,51.1278352],[35.9208236,51.1253978],[35.9225824,51.0972827],[36.0084337,51.0516702],[35.948706,51.0538729],[35.8330063,50.9407379],[35.7340148,50.9766143],[35.7309124,50.9344381],[35.6786785,50.9076592],[35.6064415,50.935826],[35.5709072,50.9015572],[35.5282353,50.9207466],[35.5425396,50.9452043],[35.3520928,50.9733022]]]}},{"type":"Feature","properties":{"name":"Bryansk Oblast"},"geometry":{"type":"MultiPolygon","coordinates":[[[[32.7627809,53.4242773],[32.72295,53.37407],[32.7335,53.33253],[32.61652,53.34034],[32.5833072,53.2905245],[32.48846,53.30352],[32.50949,53.28163],[32.4483149,53.2082543],[32.3577383,53.1851246],[32.3022191,53.1276644],[32.245244,53.1291705],[32.236073,53.0991687],[31.9346743,53.0830637],[31.8260517,53.1130036],[31.7454626,53.1995527],[31.62835,53.23108],[31.5640135,53.192279],[31.40184,53.21185],[31.41489,53.17829],[31.36356,53.14396],[31.3912003,53.096492],[31.33478,53.0912324],[31.3306093,53.0418068],[31.2434,53.03435],[31.3553418,52.984078],[31.37507,52.92715],[31.4394205,52.8813165],[31.53342,52.86003],[31.51943,52.83153],[31.58698,52.79377],[31.5928536,52.7344773],[31.49995,52.69343],[31.5697419,52.6350991],[31.5641936,52.5942451],[31.6736233,52.5611449],[31.55763,52.51765],[31.62612,52.4925],[31.5796,52.45929],[31.63256,52.39818],[31.6241929,52.3334691],[31.58183,52.32822],[31.71221,52.266],[31.6882641,52.1944636],[31.78104,52.18557],[31.7817374,52.1120075],[31.9609904,52.0747176],[31.9165699,52.0422053],[32.0963239,52.0336273],[32.1995176,52.0661199],[32.3679031,52.1464958],[32.3238952,52.1515431],[32.3468667,52.1824707],[32.324542,52.2234133],[32.4015019,52.2460436],[32.3518851,52.316218],[32.3768323,52.3373083],[32.5500342,52.3268659],[32.7005895,52.2479013],[32.8330224,52.2782946],[32.8844039,52.2733708],[32.8875586,52.2450985],[32.9957408,52.2718603],[33.0599182,52.3295536],[33.0669872,52.3025944],[33.1695627,52.3408457],[33.1886599,52.3791473],[33.306382,52.3501427],[33.5096157,52.3582712],[33.482473,52.3136448],[33.5605062,52.3019273],[33.5439033,52.3236201],[33.8233298,52.3641744],[33.8393297,52.3200474],[33.9220901,52.3045515],[33.9368436,52.2497897],[34.1162796,52.1410839],[34.0626539,52.0730604],[34.101178,52.0408426],[34.0969174,52.0042616],[34.1895904,51.9689424],[34.2614916,51.9092818],[34.245607,51.8816443],[34.3028565,51.88717],[34.3855484,51.8430753],[34.3822683,51.8779131],[34.4527576,51.9214748],[34.3332082,51.9360868],[34.4107579,52.0004315],[34.5334296,52.0708533],[34.6093764,52.0364753],[34.6998464,52.0625614],[34.7443379,52.1154863],[34.6834394,52.1973874],[34.7293172,52.2153041],[34.8073274,52.186254],[34.9012945,52.2367704],[34.8595793,52.2611536],[34.9601666,52.3429592],[34.8634606,52.3709232],[34.8545962,52.4515378],[34.9226068,52.5124144],[34.9915552,52.5071596],[35.0253281,52.6086634],[35.0037675,52.6601008],[35.1117912,52.6976832],[35.0323066,52.6972597],[35.0141393,52.7122952],[35.0410375,52.7562808],[34.9257408,52.800581],[34.9043994,52.7786439],[34.7931997,52.8674697],[34.8618781,52.8682251],[34.8792863,52.8869756],[34.8527912,52.898069],[34.9023636,52.9290956],[34.9658624,52.9135469],[34.9871671,52.968295],[35.1496393,52.9550058],[35.1693044,53.0080648],[35.2400674,52.9945637],[35.3251271,53.0793885],[35.127382,53.1391476],[35.1080102,53.2568599],[35.1410996,53.2791226],[35.0232857,53.362393],[34.8991448,53.3732529],[34.9064634,53.3461953],[34.8563994,53.3428651],[34.8898407,53.3618267],[34.8598997,53.3621242],[34.8607383,53.3895721],[34.6442514,53.3813955],[34.5717123,53.4286536],[34.5685366,53.4704165],[34.5154733,53.5083762],[34.5292513,53.5410828],[34.5015467,53.5430761],[34.5120161,53.6166935],[34.4726501,53.635447],[34.5006634,53.6707406],[34.35784,53.7357993],[34.2917958,53.8259854],[34.2319823,53.8356887],[34.2045948,53.9102401],[34.0225448,53.859464],[33.9884431,53.8838597],[33.8382346,53.8810224],[33.8006135,53.9237484],[33.8377336,53.9418112],[33.7984947,53.9496895],[33.8163237,53.9916816],[33.7091505,54.0245652],[33.579107,54.0320948],[33.5211481,53.9982003],[33.4365843,54.0038865],[33.4509431,53.9749823],[33.3829845,53.9354814],[33.2820034,53.9405277],[33.3036023,53.9119711],[33.2455153,53.870104],[33.2987694,53.8166476],[33.1917253,53.8044794],[33.235166,53.7383534],[33.1409316,53.7257663],[33.0127911,53.6200591],[32.9182199,53.5858403],[32.8949384,53.5591792],[32.9464202,53.5415457],[32.866253,53.5190857],[32.8670185,53.4930316],[32.9078956,53.4953481],[32.8636347,53.4720666],[32.9030632,53.4620972],[32.8818409,53.435501],[32.7627809,53.4242773]]],[[[31.533133,52.485655],[31.581628,52.476432],[31.533133,52.485655]]]]}},{"type":"Feature","properties":{"name":"Buryatia"},"geometry":{"type":"Polygon","coordinates":[[[115.729696,56.962195],[116.2519059,57.138849],[116.1538591,57.2304171],[115.851217,57.248575],[115.657883,57.120978],[115.6076559,57.137619],[115.337116,57.095638],[115.068487,57.111577],[115.0488661,57.058564],[114.987615,57.0340239],[115.084113,56.982035],[114.915766,56.914029],[114.931102,56.8772179],[114.828973,56.816877],[114.83986,56.7616291],[114.7681111,56.68749],[114.644104,56.696952],[114.610638,56.6736329],[114.497895,56.703697],[114.504496,56.669848],[114.42252,56.643219],[114.3817871,56.676311],[114.152403,56.697129],[114.089179,56.603953],[113.9940551,56.590393],[113.967375,56.571518],[113.9995989,56.560865],[113.9571471,56.535783],[113.8580009,56.5186719],[113.810598,56.5369501],[113.7905902,56.611957],[113.6824871,56.618808],[113.485797,56.689719],[113.365097,56.62602],[113.2221481,56.657839],[113.1529419,56.6399933],[113.07098,56.6841409],[112.8677663,56.6857696],[112.8737511,56.7229881],[112.7212557,56.773061],[112.6780441,56.8694756],[112.7380885,56.948062],[112.6798162,56.9651947],[112.5723449,56.9570422],[112.4045989,56.8574082],[112.211852,56.8585335],[112.0821175,56.9561085],[111.8759332,56.9514649],[111.7912442,56.9095686],[111.7510838,56.962435],[111.6141561,57.0123869],[111.6091457,57.1022056],[111.530872,57.1312872],[111.3353123,56.9709968],[111.3681019,56.9314112],[111.3422114,56.8958106],[111.2429984,56.8924268],[111.1596972,56.8213343],[111.0824053,56.8173461],[110.9821359,56.8743779],[110.8401091,56.8405936],[110.7582583,56.8874726],[110.5794444,56.8343807],[110.496329,56.8581679],[110.4912409,56.9051583],[110.3889094,56.9094134],[110.3661124,56.9442025],[110.21357,56.9296433],[110.0836637,56.987392],[109.9691414,56.9675661],[109.9587101,56.9201416],[109.9151505,56.9259883],[109.8460462,56.8463764],[109.8919518,56.7934796],[109.745388,56.7009457],[109.4245019,56.7380206],[109.2349246,56.6508271],[109.1432804,56.6796089],[109.0837894,56.6632344],[109.0597562,56.6110029],[109.000527,56.6453428],[108.9048904,56.5806907],[108.6719885,56.5667925],[108.7402412,56.5049699],[108.5507492,56.3270219],[108.6517219,56.2410557],[108.8164574,56.228465],[108.9240014,56.1287833],[108.8876781,56.0904067],[108.9525402,56.0669492],[108.9451877,56.0344319],[108.9875929,56.0063941],[109.1716454,55.9853334],[109.2401706,56.0186427],[109.2664749,55.9611383],[109.2019606,55.9070097],[109.0454416,55.9330364],[108.9980477,55.9127241],[108.9706153,55.939102],[108.8238309,55.8483889],[108.7819906,55.7583753],[108.809454,55.7159828],[108.7913332,55.6389514],[108.7736327,55.610176],[108.681444,55.6048901],[108.7032057,55.4991174],[108.6403024,55.4899531],[108.6052024,55.4382924],[108.6729902,55.4030539],[108.6536455,55.2990589],[108.7846534,55.2317873],[108.7960942,55.1663809],[108.6847698,55.0604452],[108.6954473,54.9793791],[108.7611575,54.9328784],[108.7118138,54.8780096],[108.7119115,54.6670069],[108.637199,54.6406087],[108.6335754,54.5859347],[108.5457945,54.5439336],[108.6317359,54.5452408],[109.0677273,54.4259063],[109.0001107,54.3338993],[108.3734179,53.7640523],[108.0126551,53.2337174],[107.0015838,52.7175343],[106.173292,52.3624929],[105.8080234,51.9847841],[105.5832092,51.8451661],[105.2524816,51.7357303],[104.5931133,51.6280194],[104.6294254,51.4132919],[104.6647248,51.4063626],[104.6715205,51.3381804],[104.5908167,51.2868459],[104.486654,51.3220621],[104.3594791,51.2771465],[104.1957731,51.2832539],[104.1357684,51.263386],[104.1514937,51.2437353],[104.1175006,51.2220912],[104.0011687,51.2196108],[103.9180648,51.1510321],[103.8100842,51.1303389],[103.8014104,51.4347791],[103.5877475,51.4909818],[103.4295091,51.4546428],[103.3898196,51.4706986],[103.3617366,51.4347623],[103.3162589,51.4876422],[103.2422138,51.5038817],[103.2163143,51.5546153],[103.2364602,51.5819664],[103.1815787,51.6174079],[103.2329458,51.6657776],[103.1784425,51.7224046],[103.2253621,51.8061393],[103.0767822,51.855007],[103.1113353,51.8705335],[103.0650554,51.8986981],[102.9175093,51.9087871],[102.8548966,51.9713536],[102.7621382,51.9959414],[102.5816372,52.1455041],[102.5652707,52.2212645],[102.4502061,52.2322554],[102.3922343,52.2697088],[102.3018793,52.2302577],[102.155969,52.2838154],[102.0837778,52.2580548],[102.0583586,52.2154869],[101.9271946,52.2207768],[101.9003106,52.2868472],[101.9629675,52.3153093],[101.6859559,52.4052766],[101.6805289,52.4747466],[101.4685131,52.5589552],[101.4160947,52.6316972],[101.2889627,52.6451622],[101.0811491,52.7601086],[100.9098849,52.783209],[100.8133361,52.8651252],[100.5995453,52.9505878],[100.5393218,53.0355765],[100.3855797,53.0964452],[100.3706696,53.1553664],[100.3366946,53.1612823],[100.4058244,53.1941116],[100.3827189,53.2082469],[100.4262747,53.2390816],[100.2919471,53.317783],[100.2650613,53.3729184],[100.141975,53.3513102],[100.0949085,53.304467],[100.0114397,53.3281753],[99.8695735,53.3117752],[99.843879,53.2687419],[99.8719709,53.2295091],[99.8405664,53.1966399],[99.5328162,53.1058791],[99.3715868,53.1014865],[99.3697252,53.0340829],[99.2411049,52.986564],[99.231597,52.9597896],[99.2737021,52.9315241],[99.2234214,52.9150816],[99.2287497,52.8668103],[98.9240841,52.9315671],[98.8491206,52.7953355],[98.9435687,52.7920434],[98.9602048,52.7156112],[98.9311657,52.7034814],[98.9313793,52.657532],[98.8699959,52.6578872],[98.863874,52.6267756],[98.7860707,52.6047451],[98.7850862,52.560261],[98.8309412,52.5376874],[98.8024005,52.5080016],[98.6328462,52.4231033],[98.6856718,52.3553099],[98.6477214,52.279535],[98.832638,52.274371],[98.8273322,52.1896631],[98.8946444,52.2066988],[98.9838116,52.1678303],[98.9667641,52.1492844],[99.0046093,52.0747323],[99.0716905,52.0694975],[99.128117,52.0245544],[99.2760937,52.0186026],[99.2631228,51.976489],[99.3055483,51.957512],[99.3649033,51.9400144],[99.5219871,51.9679932],[99.600979,51.9241882],[99.6138471,51.8791078],[99.8011826,51.9153845],[99.8477593,51.8349421],[99.8301788,51.8060164],[99.8633674,51.8051832],[99.9109125,51.7381594],[100.1387018,51.7593486],[100.5864554,51.74045],[100.929841,51.6068022],[100.9901519,51.6127877],[101.0174269,51.57027],[101.0786775,51.5598484],[101.1043937,51.5912202],[101.1366423,51.521396],[101.2562778,51.5441134],[101.3700981,51.4558456],[101.5422172,51.4995416],[101.6222627,51.4692107],[101.6190378,51.440028],[101.7490569,51.4553417],[102.1242911,51.361612],[102.1839684,51.2950252],[102.1141597,51.2840343],[102.1044872,51.2464692],[102.1663187,51.1786882],[102.1233246,51.1391014],[102.1708377,51.0950287],[102.151096,51.0573035],[102.2036241,51.0394919],[102.2430083,50.9748866],[102.2137847,50.9538411],[102.2454385,50.9019733],[102.2119739,50.8758462],[102.209737,50.8170343],[102.3403132,50.7325372],[102.3023464,50.6818549],[102.5362347,50.5885042],[102.541005,50.5315628],[102.61063,50.5063847],[102.6476976,50.4021897],[102.7318192,50.4085293],[102.9418745,50.3054907],[103.2380575,50.3219456],[103.2764247,50.2848955],[103.2492528,50.2558068],[103.2760147,50.2262201],[103.2562904,50.1928927],[103.5141931,50.1990718],[103.7102326,50.1244635],[103.8466306,50.1975606],[104.1354261,50.1388069],[104.2783297,50.2011989],[104.391917,50.3116272],[104.5612071,50.3011443],[104.6991602,50.3672149],[104.8116849,50.3409568],[104.8983944,50.408974],[105.1201674,50.3899317],[105.3547168,50.4794989],[105.4435295,50.4421094],[105.8442265,50.4403964],[106.0573709,50.4045045],[106.0841013,50.3333998],[106.1830005,50.3396936],[106.2612304,50.2981341],[106.5245821,50.3440559],[106.7887128,50.3052223],[107.0124738,50.1990659],[106.9999992,50.1571821],[107.0718523,50.0683334],[107.1728444,50.0120091],[107.4282582,49.971669],[107.7543048,49.9705841],[107.7968835,49.9912098],[107.7664194,50.0157016],[107.795862,50.0323279],[107.7344578,50.1532046],[107.9404275,50.240486],[107.9178036,50.253344],[107.9674782,50.3214957],[108.0170462,50.3462299],[108.1154269,50.3049769],[108.2070925,50.4122238],[108.3401428,50.3943104],[108.4333924,50.4635331],[108.6179035,50.4533821],[108.688688,50.5110312],[108.6738273,50.5394965],[108.5381997,50.5365847],[108.4075317,50.6226784],[108.3383367,50.6192866],[108.2390457,50.6658753],[108.1819466,50.6498617],[108.0607297,50.7740424],[108.2671578,50.8241815],[108.2610361,50.9100385],[108.3416151,51.0630702],[108.4539462,51.0536128],[108.5628019,51.1205787],[108.5576198,51.1782269],[108.3750173,51.2505834],[108.4614027,51.2953529],[108.5009966,51.4051092],[108.6170245,51.4087879],[108.6252278,51.4914043],[108.6802912,51.5041399],[108.7853619,51.4367399],[108.8507106,51.4587006],[108.9164964,51.4309692],[109.0468037,51.4749959],[109.061105,51.5178881],[109.1248375,51.4629183],[109.1191416,51.431997],[109.2268827,51.3650618],[109.3166561,51.3974598],[109.3936176,51.3534756],[109.4194016,51.3687145],[109.3838691,51.3997483],[109.4205486,51.4316062],[109.6204229,51.4490959],[109.9741398,51.6162134],[110.3939081,51.5878572],[110.4246129,51.5241226],[110.5231514,51.5023192],[110.7063052,51.5148362],[110.776953,51.5828656],[110.8496498,51.5892032],[110.8728712,51.6198529],[110.8416474,51.6751216],[111.0135597,51.7343967],[111.0158069,51.7919386],[111.2870717,51.8388018],[111.3474375,51.8777184],[111.4631402,51.8713419],[111.6153432,51.9572207],[111.7145587,51.9754807],[111.7743074,52.0684772],[111.8946158,52.1189848],[111.934638,52.1974414],[112.0084135,52.2087079],[112.075331,52.2852978],[112.1768709,52.3037263],[112.1937587,52.2508963],[112.3056295,52.2451574],[112.3825792,52.2015416],[112.511326,52.2488838],[112.5151808,52.3211382],[112.5474429,52.3461359],[112.8038032,52.3261512],[112.8756541,52.3519778],[112.919223,52.3291307],[113.1519611,52.4535939],[113.5420259,52.4887446],[113.5907139,52.4488046],[113.6407808,52.5300991],[113.7416727,52.5866159],[114.0784754,52.6623451],[114.2244186,52.8123552],[114.2604181,52.8162831],[114.2236503,52.8633389],[114.2356416,52.8977418],[114.3128832,52.9645465],[114.3068662,53.0309457],[114.3756035,53.0543628],[114.2922565,53.0595299],[114.2689526,53.0906785],[114.1463827,53.0726307],[114.1460398,53.1176042],[114.1906892,53.1274517],[114.2056863,53.1786826],[114.0523205,53.2038195],[114.0516975,53.2483795],[113.9486298,53.249534],[113.9244017,53.2840098],[113.961349,53.3236459],[113.9466987,53.3466217],[113.8746439,53.3625741],[113.8272263,53.4164959],[113.8359141,53.4825389],[113.8832447,53.5219118],[113.8581514,53.569812],[113.7752179,53.5886839],[113.7997756,53.6158464],[113.9336563,53.663595],[113.9745624,53.6474562],[113.9788551,53.6859849],[113.9460843,53.7023315],[113.984682,53.7228077],[114.3063794,53.7567075],[114.3863187,53.8230129],[114.5121759,53.8128815],[114.5778707,53.9162893],[114.7404103,53.9266967],[114.9809199,53.9949787],[114.9904059,54.0301035],[115.0258443,54.0328049],[115.0133321,54.0735817],[115.145838,54.1189966],[115.1678988,54.194629],[115.4930586,54.3089398],[115.4888131,54.3678737],[115.5833781,54.3834518],[115.6030142,54.4143319],[115.9355684,54.4723535],[115.9764085,54.4551457],[116.1759184,54.5114649],[116.3997349,54.5027021],[116.5165972,54.4600174],[116.5198968,54.517872],[116.6470999,54.5048557],[116.7238916,54.531354],[116.6932977,54.5661959],[116.7805894,54.6065443],[116.7488164,54.6153436],[116.7469713,54.6643589],[116.8733427,54.704146],[116.849861,54.7717532],[116.9217303,54.7990123],[116.8920768,54.8122398],[116.9125788,54.8669234],[116.8604608,54.9194279],[116.8908705,54.9464874],[116.8417268,54.9643574],[116.8699307,54.9806076],[116.8069391,54.9858484],[116.8411684,55.0342638],[116.7546518,55.122438],[116.6228782,55.1455118],[116.4726113,55.2294106],[116.4420252,55.2960501],[116.4722531,55.3155302],[116.4238845,55.3190508],[116.3744433,55.3810715],[116.1016686,55.3440531],[116.0756223,55.3814538],[115.9752687,55.3560241],[115.9016448,55.4075712],[115.961642,55.4432521],[115.8769131,55.496234],[115.87515,55.537958],[115.9177251,55.576992],[115.875583,55.6031529],[115.907776,55.6536769],[115.82985,55.677994],[115.864979,55.7390431],[115.8303761,55.800087],[115.836059,55.856267],[115.905778,55.925914],[115.778615,55.987468],[115.74903,56.057195],[115.787704,56.083874],[115.755071,56.128904],[115.8295501,56.153975],[115.7637949,56.179059],[115.6698501,56.301913],[115.6955761,56.3406311],[115.679365,56.411658],[115.7214581,56.428679],[115.787842,56.402931],[115.804804,56.4316431],[115.6844692,56.497377],[115.6782021,56.571922],[115.411967,56.606072],[115.4297731,56.6652649],[115.588882,56.716707],[115.6141969,56.7718511],[115.583447,56.876875],[115.729696,56.962195]]]}},{"type":"Feature","properties":{"name":"Chechnya"},"geometry":{"type":"Polygon","coordinates":[[[45.086794,42.712221],[45.158651,42.707709],[45.341616,42.522576],[45.417998,42.551894],[45.5722196,42.550019],[45.6115401,42.5086081],[45.7237102,42.478326],[45.9133479,42.5534237],[45.8953233,42.5840393],[45.927817,42.6054558],[46.0012266,42.5942333],[46.015303,42.6750381],[46.1746161,42.733151],[46.1675622,42.7774683],[46.1147686,42.8015228],[46.1833108,42.887829],[46.3021173,42.8658767],[46.3086888,42.9120962],[46.3680797,42.8409702],[46.5282302,42.9166422],[46.4664588,43.0129067],[46.5198522,43.0237903],[46.4892285,43.0291608],[46.5228954,43.040563],[46.5044513,43.0859518],[46.4330158,43.0829614],[46.3861927,43.1483129],[46.4368393,43.1862372],[46.3921707,43.2028402],[46.4240663,43.2951477],[46.369918,43.3417467],[46.3275714,43.4497803],[46.4332256,43.5362457],[46.4125308,43.5941775],[46.4551281,43.6631409],[46.5553953,43.75889],[46.6305129,43.7704272],[46.6620412,43.8362951],[46.6194413,43.8299601],[46.5901582,43.8736768],[46.4451692,43.8781787],[46.4401773,44.0021263],[46.3210815,44.0085956],[46.3588932,43.9438604],[46.2520022,43.9449294],[46.2501308,43.8819524],[46.0948785,43.8610809],[46.0782907,43.8171674],[46.0440427,43.8198426],[46.0026361,43.8809795],[46.0580213,43.8853949],[46.0711977,43.9305458],[45.8588196,43.9713796],[45.7151247,43.9529351],[45.4397494,44.0077115],[45.4384542,43.8758653],[45.2011412,43.8764474],[45.2017545,43.9572933],[45.0539422,43.9582513],[45.0656947,43.7203238],[44.9933596,43.7216004],[44.8912767,43.6591239],[44.8533456,43.6671938],[44.8615039,43.6952112],[44.8332046,43.6817992],[44.8700998,43.5357807],[45.0588011,43.5112775],[45.0900773,43.4821169],[45.0573246,43.4805426],[45.0679418,43.4518714],[45.158521,43.4110355],[45.114433,43.265303],[45.1331017,43.1939942],[45.1919573,43.1638326],[45.1784822,43.0119128],[45.2471818,42.9093184],[45.1694227,42.8343183],[45.1965197,42.8072219],[45.086794,42.712221]]]}},{"type":"Feature","properties":{"name":"Chelyabinsk Oblast"},"geometry":{"type":"Polygon","coordinates":[[[62.0610577,56.1308206],[61.8369794,56.1778334],[61.8707436,56.2226794],[61.7730729,56.2263551],[61.7345803,56.2867022],[61.6683574,56.3174216],[61.5665981,56.2848811],[61.4440607,56.3532362],[61.3142359,56.313502],[61.3103794,56.3402609],[61.1194273,56.3522227],[61.091729,56.3192581],[61.185875,56.2082643],[61.1035319,56.1814382],[60.7050046,56.2426955],[60.65546,56.2149679],[60.679792,56.310093],[60.5763638,56.3180841],[60.553154,56.2223343],[60.3230252,56.231464],[60.2396615,56.1999796],[60.0040116,56.2206409],[59.91537,56.2574845],[59.7576391,56.2232356],[59.6347065,56.2480481],[59.7140079,56.3235166],[59.1594779,56.34547],[59.1390752,56.3212873],[59.1983362,56.2710607],[59.1685212,56.1987135],[59.0188619,56.1978464],[59.1627746,56.1337656],[59.3326353,56.1646826],[59.3081653,56.0462896],[59.1925833,56.0251621],[59.2162135,55.9518327],[59.2493793,55.942062],[59.2043396,55.8854653],[59.2251193,55.8497628],[59.133416,55.8200193],[59.1377677,55.7887132],[59.3183929,55.7671262],[59.2756103,55.7091219],[59.3365851,55.6327946],[59.2504966,55.6070029],[59.2496461,55.5814599],[59.3909825,55.6447337],[59.4644191,55.6434574],[59.4684945,55.5948279],[59.6476928,55.5993446],[59.6427985,55.5575712],[59.4640736,55.4736187],[59.3803449,55.4980743],[59.183238,55.4684315],[59.1442868,55.4125557],[59.1843053,55.38696],[59.1781342,55.3345436],[59.101292,55.3328399],[58.9854995,55.2480145],[58.9652755,55.3159693],[58.9114216,55.3263987],[58.8469252,55.3268236],[58.8377735,55.2933516],[58.9333355,55.2944879],[58.9318581,55.2720137],[58.7253838,55.2896785],[58.6930313,55.2319403],[58.7730671,55.2125711],[58.7554015,55.16372],[58.7141077,55.1394537],[58.6223039,55.1950171],[58.5752569,55.1609642],[58.7334786,55.1201902],[58.829204,55.0499254],[58.7270877,54.9678638],[58.6527172,54.9586636],[58.4926191,54.9833267],[58.5484648,55.026735],[58.4532786,54.99672],[58.422069,55.0179082],[58.4297302,55.0662803],[58.3792851,55.0657791],[58.4003551,55.0795304],[58.3469265,55.1038488],[58.3616458,55.1422956],[58.2487009,55.1707911],[58.1288043,55.1259132],[58.1589717,55.1054962],[58.1398002,55.0862313],[58.2014761,55.0919936],[58.1492531,55.0560854],[58.1808472,55.0311483],[58.0874543,55.0129553],[58.1335249,54.9979366],[58.1010782,54.9871997],[58.1410959,54.9816658],[58.1289641,54.9483534],[58.0050815,54.9061528],[57.9329207,54.9486171],[58.027003,54.9912963],[58.0404104,55.0681914],[57.9917897,55.091641],[57.9874952,55.1572198],[58.0412587,55.1539733],[58.1366176,55.2111268],[57.9407839,55.2957356],[57.6412906,55.3014792],[57.5301008,55.3370193],[57.3939475,55.3172277],[57.3260475,55.2596488],[57.246225,55.2660335],[57.2632555,55.2191517],[57.2204702,55.2366056],[57.2125957,55.2008453],[57.2641088,55.170088],[57.1564036,55.127249],[57.1312877,55.0850495],[57.2055785,55.0056544],[57.1913181,54.9730869],[57.2607109,54.9545159],[57.1410877,54.852449],[57.2449659,54.7724688],[57.5161514,54.6922777],[57.4848621,54.6652444],[57.6031516,54.6785901],[57.6270537,54.6176723],[57.7633857,54.5629285],[57.7533609,54.5016684],[57.9836007,54.3963573],[58.1634628,54.5102385],[58.3852605,54.5601031],[58.6085533,54.4593174],[58.7149824,54.4778905],[58.7392463,54.5369058],[58.9536968,54.5843707],[59.0653429,54.6496712],[59.2662835,54.6115187],[59.2888449,54.6582413],[59.5227732,54.779786],[59.5368198,54.8414086],[59.6179759,54.9061115],[59.842486,54.8418379],[60.0018089,54.8641348],[59.9382736,54.8178924],[59.9469169,54.7698728],[59.8537755,54.6090243],[59.6464888,54.484027],[59.7399009,54.4556587],[59.7360713,54.400688],[59.6717898,54.3396502],[59.7550187,54.3142678],[59.7892914,54.2443443],[59.7107481,54.1900113],[59.7079825,54.1416393],[59.5268377,54.1874017],[59.3256543,54.1877931],[59.1398668,53.9650137],[58.9482934,53.9669272],[58.9106186,53.9287719],[58.9648984,53.9078593],[58.907744,53.8626625],[58.9255235,53.7848268],[58.8831657,53.7464586],[58.9114498,53.6566981],[58.8221286,53.6082928],[58.8131415,53.5496704],[58.9063739,53.5477025],[58.9002097,53.2765211],[58.8753052,53.2766805],[58.8722749,53.2018174],[58.9065975,53.2114398],[58.9134139,53.0560534],[58.9923853,53.0364181],[58.8391271,53.0240174],[58.8610541,52.9444087],[58.8123095,52.9403106],[58.7608004,52.8496324],[58.8046568,52.6950863],[58.7510148,52.6579003],[58.7510163,52.6110183],[58.8389284,52.5659998],[58.8382913,52.5208206],[58.781245,52.5203942],[58.7961479,52.4317922],[58.9987501,52.4266302],[59.0019077,52.3618883],[59.1656737,52.2765025],[59.2162566,52.2974766],[59.2274208,52.4248797],[59.2640905,52.483909],[59.4184901,52.487087],[59.4145309,52.4608519],[59.5017357,52.3989777],[59.547646,52.4421671],[59.7256208,52.4204509],[59.8241659,52.4800584],[59.9182594,52.4220205],[60.1629979,52.4001195],[60.173892,52.2602818],[60.0615543,52.1731878],[59.9653598,52.1518157],[59.9035494,52.0834057],[59.9077372,52.0399459],[59.9755675,52.0335692],[60.001687,51.993295],[60.198105,51.990784],[60.510395,52.156918],[60.716655,52.156056],[60.7804883,52.2290635],[60.944255,52.2663666],[61.067349,52.347597],[60.991177,52.423632],[60.98097,52.507692],[60.84144,52.521735],[60.843412,52.6411053],[60.7614617,52.6266924],[60.714894,52.662614],[60.712215,52.764534],[60.834147,52.774146],[60.87222,52.832784],[61.0733206,52.923242],[61.007962,52.978279],[61.1122531,52.9692051],[61.250433,53.035909],[61.30592,52.996219],[61.389092,52.991961],[61.4696867,53.036211],[61.63213,52.953933],[61.701773,52.998212],[61.8497241,53.0039684],[61.960691,52.950035],[62.130271,52.989365],[62.147035,53.0683],[62.118862,53.111967],[61.783362,53.184299],[61.673097,53.265905],[61.630162,53.223282],[61.526708,53.215251],[61.400363,53.273691],[61.177053,53.310963],[61.154711,53.405554],[61.2157,53.4314],[61.2586516,53.5080373],[61.323913,53.5193674],[61.366321,53.467363],[61.427517,53.455752],[61.592324,53.525999],[61.552763,53.592662],[61.390904,53.601883],[61.3495092,53.5587142],[61.2155517,53.5636444],[61.12091,53.615491],[60.900425,53.627799],[60.8963394,53.6676112],[61.04228,53.652973],[61.05841,53.721431],[61.115178,53.721553],[61.227187,53.79567],[61.236729,53.841731],[61.179691,53.85239],[61.135364,53.904236],[60.9953754,53.9066161],[60.997263,53.936025],[61.079879,53.944631],[61.099964,53.974558],[61.1805948,53.9722296],[61.171849,53.94252],[61.206505,53.918143],[61.279929,53.928864],[61.245586,54.037656],[61.293575,54.073881],[61.400587,54.0868636],[61.4805654,54.0827653],[61.479997,54.029973],[61.569781,54.007875],[61.571867,53.968503],[61.611794,53.968468],[61.6601845,54.0298164],[61.72578,54.029901],[61.7822031,53.9845625],[61.8459145,54.0317174],[61.8929699,54.0090828],[61.8574503,53.9620567],[61.931958,53.950236],[62.044192,53.948493],[62.0132898,54.0398533],[62.419255,54.047207],[62.493913,54.032485],[62.394684,54.003391],[62.445827,53.927128],[62.5166073,53.9135313],[62.598043,53.9882082],[62.568692,54.0466654],[62.5947674,54.0738762],[62.8590206,54.1177098],[63.0812978,54.104357],[63.1556043,54.1266168],[63.159699,54.1907763],[63.3514795,54.1940745],[63.3440003,54.251514],[63.2748968,54.2373509],[63.2633808,54.293759],[63.0975329,54.3334851],[63.1656257,54.3359879],[63.1251662,54.3809134],[63.1825531,54.4023405],[63.132462,54.4564531],[63.1420694,54.4839508],[63.218199,54.4714313],[63.2947368,54.5437907],[63.2725891,54.5472385],[63.2851004,54.5813614],[63.2431442,54.5812449],[63.1998212,54.6990849],[62.9232715,54.6987],[62.6717239,54.6240117],[62.6386045,54.6697463],[62.6218212,54.6356134],[62.5502517,54.652031],[62.5199356,54.6883864],[62.5782534,54.7149236],[62.5624758,54.7283702],[62.4057924,54.7229769],[62.3955273,54.685839],[62.2760225,54.6693163],[62.2378227,54.6912704],[62.0778542,54.6756086],[62.0848095,54.7198937],[62.0169628,54.7238837],[62.1187883,54.8141483],[62.0823217,54.8774028],[62.0103342,54.9060646],[61.9661851,55.0303115],[62.1472378,55.0382697],[62.1938247,54.9901902],[62.223947,55.0659111],[62.2847697,55.0782121],[62.2639065,55.084684],[62.2833913,55.1073926],[62.237112,55.1085682],[62.2086428,55.1503427],[62.2259385,55.203206],[62.0431565,55.2605742],[62.0663506,55.3036274],[62.161149,55.3126836],[62.17239,55.3499635],[62.2444515,55.337179],[62.1689462,55.4016516],[62.1882502,55.4454407],[62.2995068,55.403819],[62.4762797,55.4339646],[62.454923,55.4672461],[62.6200899,55.4905694],[62.5515703,55.5674053],[62.4689671,55.5636263],[62.5540157,55.6460689],[62.5174295,55.6792042],[62.5446444,55.7058541],[62.5159339,55.7257802],[62.5258926,55.7699092],[62.4200784,55.8063168],[62.4219084,55.8346044],[62.3607367,55.8054291],[62.304293,55.8379752],[62.2918096,55.8665707],[62.3643293,55.9333869],[62.2385947,55.9337355],[62.2216176,56.0380145],[62.1138666,56.0906654],[62.1497648,56.1157223],[62.0610577,56.1308206]]]}},{"type":"Feature","properties":{"name":"Chuvashia"},"geometry":{"type":"MultiPolygon","coordinates":[[[[46.4430232,54.7616591],[46.6584356,54.6731002],[46.7764435,54.6841643],[46.826185,54.6320649],[47.0340941,54.7054963],[47.1697195,54.6524213],[47.2683837,54.664308],[47.2851514,54.7141522],[47.3876736,54.7527978],[47.3588407,54.7739651],[47.3619166,54.8280865],[47.426415,54.8364401],[47.4048885,54.8938811],[47.5861978,54.8263316],[47.6404042,54.8647512],[47.7437026,54.8099465],[47.7414017,54.89183],[47.7145983,54.9013398],[47.7358234,54.9089106],[47.7806151,54.8186504],[47.8235394,54.8034115],[47.8448773,54.8199513],[47.8016707,54.8264871],[47.7667367,54.9587734],[47.9761867,54.9527815],[48.0280344,55.0396953],[47.9524821,55.0645802],[47.930529,55.0266535],[47.9016142,55.0918344],[48.0268721,55.1196879],[48.063163,55.0836689],[48.0867935,55.0939435],[48.0613098,55.1286951],[48.107665,55.1459047],[48.0643162,55.2291419],[48.0129121,55.2382653],[48.0120362,55.2897866],[47.9229493,55.3221849],[47.8724308,55.3214965],[47.8642142,55.2840683],[47.9017261,55.2622312],[47.8668656,55.254228],[47.8040308,55.3029547],[47.7837034,55.2386701],[47.6699429,55.2142135],[47.6986626,55.2903876],[47.6451087,55.3355301],[47.6895127,55.3631707],[47.7942112,55.3353262],[47.9127391,55.4294038],[47.9084534,55.45908],[47.9809831,55.4921712],[47.9696034,55.5153812],[48.1080847,55.5239811],[48.1451379,55.5698684],[48.0718193,55.5854006],[48.0820423,55.6163069],[48.0134033,55.6000159],[48.0334664,55.6509728],[48.0920217,55.6511886],[48.0839664,55.6947683],[48.1294987,55.6463475],[48.134436,55.6915679],[48.2350696,55.6894458],[48.2376827,55.7486789],[48.2817901,55.761588],[48.2663295,55.7805496],[48.4190131,55.7968131],[48.3955848,55.8299327],[48.2197987,55.8750232],[48.2421417,55.9060288],[48.1989769,55.9312078],[47.9682175,55.9656844],[48.0026052,55.995126],[47.9284219,56.0156958],[47.9333456,56.0764837],[47.8889461,56.1199468],[47.4247726,56.1569945],[47.4314325,56.2248035],[47.3797968,56.2272042],[47.3925228,56.3229859],[47.1505981,56.3154663],[47.1462154,56.277258],[47.0529597,56.2740333],[46.9109419,56.2104265],[46.7609185,56.2107314],[46.7996088,56.1915265],[46.6557031,56.0980241],[46.5832699,56.1351562],[46.4152139,56.1296453],[46.2138818,56.0555844],[46.079286,55.9486325],[46.1446362,55.9166616],[46.1235811,55.8955399],[46.1686305,55.8924117],[46.0734925,55.8697643],[46.1113529,55.831387],[46.1004418,55.7986374],[45.9481567,55.755476],[45.9555596,55.7145994],[45.9112555,55.6882739],[45.9591408,55.6309702],[46.0649955,55.6149655],[46.1167497,55.5553016],[46.0868806,55.5427746],[46.1330218,55.5154705],[46.2063923,55.543998],[46.2506956,55.5029794],[46.3455683,55.5056253],[46.3253616,55.4767142],[46.392298,55.4606221],[46.3785766,55.4178113],[46.2141548,55.3717293],[46.2365566,55.3455293],[46.2007416,55.3407631],[46.2295313,55.2888011],[46.2087361,55.2615486],[46.0781814,55.2210209],[46.0514293,55.1706701],[46.012038,55.1627809],[46.0321794,55.0942498],[46.0779933,55.0821888],[46.0412167,55.0536334],[46.1388834,55.0228684],[46.1545976,54.9739841],[46.2082909,55.0327727],[46.1808472,55.0684004],[46.2156006,55.0836422],[46.2932591,55.0292836],[46.289567,54.9926692],[46.2447012,54.9782257],[46.4105911,54.8740716],[46.3820177,54.830457],[46.4495663,54.7863035],[46.4064285,54.7780907],[46.4430232,54.7616591]],[[47.291423,54.8694517],[47.3296014,54.8880336],[47.291423,54.8694517]],[[47.2370189,54.8467982],[47.2570292,54.8470925],[47.2370189,54.8467982]],[[47.6986208,55.3885327],[47.7427986,55.3675306],[47.6986208,55.3885327]],[[47.2940909,54.8478653],[47.3296955,54.8467841],[47.2940909,54.8478653]],[[47.342158,54.8758201],[47.342158,54.8758201]]],[[[48.0506318,54.9890877],[48.1208296,55.0172757],[48.0506318,54.9890877]]],[[[47.8196195,54.903472],[47.8415969,54.915425],[47.8196195,54.903472]]],[[[47.2908087,54.6742674],[47.3555895,54.6273954],[47.4052866,54.6383929],[47.370814,54.6979043],[47.2908087,54.6742674]]],[[[47.8373005,54.7682532],[47.8538603,54.7416352],[47.8373005,54.7682532]]]]}},{"type":"Feature","properties":{"name":"Tyumen Oblast"},"geometry":{"type":"MultiPolygon","coordinates":[[[[68.714266,55.3475192],[68.7521,55.3768],[68.9619,55.3257],[69.0092,55.2853],[68.9824,55.3644],[68.9193,55.3678],[68.935,55.4398],[68.9855,55.4416],[69.1733,55.3822],[69.2061,55.3301],[69.3197,55.346],[69.3627,55.389],[69.4945,55.3364],[69.6598291,55.3495684],[69.5818198,55.4166556],[69.6560851,55.4354212],[69.676348,55.4804002],[69.6838251,55.3507079],[69.8671,55.2957],[69.9517,55.2097],[70.0631,55.207],[70.2294,55.1471],[70.4012424,55.2145889],[70.4987393,55.3308145],[70.4395957,55.4075246],[70.56696,55.4938692],[70.6733726,55.4905289],[70.7569723,55.5847221],[70.7100919,55.625407],[70.5634571,55.6507321],[70.5317255,55.6943726],[70.5893636,55.7720245],[70.5504867,55.7917489],[70.8287129,55.8346168],[70.7571407,55.8552564],[70.5857874,55.8229014],[70.4717396,55.8512732],[70.4806123,55.9059668],[70.8085397,55.9026219],[70.8674118,55.962189],[70.9138285,56.085713],[70.8791288,56.1460695],[70.8061765,56.1863144],[70.8145541,56.2183106],[70.7737265,56.2124171],[70.7322287,56.2531271],[70.9484166,56.3048357],[70.9123933,56.3539035],[70.9274662,56.3792339],[70.8126557,56.4425703],[70.7911864,56.4164573],[70.7354584,56.4245891],[70.9841329,56.4622363],[71.0845983,56.5241657],[71.1136887,56.6240429],[71.0128491,56.6451526],[71.0203824,56.6829541],[71.3698867,56.631768],[71.381898,56.6788789],[71.5537291,56.6702905],[71.5655885,56.7529006],[71.6773289,56.7652232],[71.604991,56.9329288],[71.2972964,57.0852445],[71.2294102,57.1746569],[71.1156045,57.2023978],[71.070508,57.2589792],[71.0950104,57.2873797],[71.0529049,57.2935754],[71.0650087,57.3508922],[70.9746343,57.3515518],[71.0068122,57.3773029],[70.7867952,57.3649791],[70.7748974,57.3243016],[70.7124095,57.2984016],[70.7785614,57.2648232],[70.689253,57.1995567],[70.5819321,57.2056695],[70.629275,57.2342881],[70.6065416,57.2800581],[70.4588305,57.2823991],[70.3723492,57.3294369],[70.3692134,57.3720481],[70.4182356,57.4151139],[70.5783499,57.458047],[70.6856931,57.5155409],[70.6902006,57.5537866],[70.6464442,57.5882993],[70.5988642,57.5772224],[70.556548,57.7197809],[70.3923358,57.7824647],[70.4266585,57.893274],[70.3583816,57.901293],[70.3770963,57.9404404],[70.439796,57.9387888],[70.8532687,58.5295282],[71.073783,58.5049626],[71.1152973,58.4769587],[71.1018293,58.4278089],[71.1441618,58.4462353],[71.3115762,58.3834537],[71.2378378,58.3278587],[71.2135228,58.0531576],[71.9901959,58.1158434],[72.0899056,58.0863348],[72.1671564,58.0146979],[72.8115362,57.9967477],[72.8757622,58.0045402],[73.1282875,58.1553042],[74.2196308,58.1362977],[74.6271845,58.2873289],[74.6696693,58.3562954],[74.9117831,58.4280162],[74.9511062,58.4935862],[75.1992954,58.6186818],[75.1091481,58.6699547],[74.9976915,58.698958],[74.8945598,58.6851503],[74.7989904,58.7267088],[74.144895,58.7302136],[73.9910665,58.8108455],[73.8590821,58.8067808],[73.7187925,58.8562155],[73.4947124,58.8246192],[73.0248098,58.8749277],[72.9977818,58.8886589],[73.0999565,58.9516887],[72.9282976,59.053141],[72.9756191,59.126382],[72.9112119,59.154002],[72.5247125,59.1479032],[72.4182026,59.2103259],[72.4420472,59.3002208],[72.2714707,59.3852196],[72.0869492,59.5309229],[71.8636092,59.5598751],[71.7920313,59.6359354],[71.5447949,59.6851645],[71.4993512,59.7418087],[71.2584667,59.7884833],[71.1793279,59.9070663],[70.9994869,59.8281589],[70.7376179,59.8832507],[70.3963009,59.8395797],[70.1483941,59.9483208],[69.6511038,59.9098218],[69.6226734,59.9680044],[69.2697621,59.9895586],[69.069949,59.9035358],[69.3090014,59.769649],[68.7325727,59.5695796],[68.5734767,59.5885867],[68.3949421,59.2981749],[68.2614316,59.2381091],[68.0994851,59.2031836],[67.7238954,59.1905655],[67.6503164,59.1603827],[67.6119457,59.1041454],[67.0537092,58.9268384],[66.9686637,58.9721634],[66.7724719,58.923282],[66.7852384,58.6565453],[66.365488,58.5800776],[65.9504599,58.6145443],[66.0000584,58.2486931],[66.1848568,58.0109699],[66.0261598,57.9930154],[65.984069,57.9448616],[65.8249863,57.9326348],[65.7947688,57.8747983],[65.6677616,57.898477],[65.6341846,57.8592729],[65.6846334,57.8380845],[65.5197437,57.7412365],[65.4601754,57.7640171],[65.4178218,57.8370108],[64.8330882,57.6482501],[64.9968877,57.569804],[64.9368375,57.555302],[64.8996966,57.4545962],[64.8498631,57.4512827],[64.8829733,57.3796145],[64.8592848,57.3636987],[64.8979293,57.3323716],[64.8432771,57.339535],[64.8271919,57.2931197],[64.9402305,57.2986399],[64.9210293,57.2657793],[65.0050861,57.2338124],[64.9625194,57.156659],[65.0005236,57.0208166],[65.0509864,56.9871836],[65.0094813,56.9661647],[65.0740406,56.9465945],[65.0561954,56.9039161],[65.1110065,56.886083],[65.2531476,56.9205059],[65.2172106,56.8447965],[65.1893703,56.8484801],[65.1696827,56.7640353],[64.9270552,56.7724002],[64.9943993,56.7139517],[64.9722661,56.643221],[65.0287269,56.6415315],[65.034667,56.614714],[64.9857046,56.6099394],[65.0116032,56.5869542],[64.9967176,56.5045873],[65.0934327,56.4411389],[65.1367753,56.3721409],[65.2134319,56.3642346],[65.2070906,56.338509],[65.0941513,56.3349317],[65.1220021,56.3075734],[65.2342865,56.2767289],[65.6831232,56.2696644],[65.6643313,56.2207962],[65.7780018,56.157672],[65.8342022,56.0728718],[66.0209714,55.993602],[66.1612962,56.068576],[66.2924255,56.0574551],[66.4733293,55.9560878],[66.7234011,56.0424951],[66.7638704,55.9756321],[66.9898938,55.9923527],[66.9837152,55.9714652],[67.0998872,55.9581391],[67.3030462,55.9629002],[67.2837941,55.914767],[67.4039196,55.7278551],[67.5544815,55.7183904],[67.574727,55.6866899],[67.6143312,55.721569],[67.8221773,55.7290122],[67.8440433,55.6854005],[67.9209436,55.6549636],[68.1624808,55.7243424],[68.1923572,55.6769137],[68.1887547,55.5891237],[68.3170032,55.5694005],[68.3218532,55.5073372],[68.4328545,55.4766406],[68.4862735,55.4172868],[68.5992428,55.4304576],[68.714266,55.3475192]],[[70.7529152,56.3809922],[70.8234128,56.398514],[70.8081136,56.3618725],[70.7529152,56.3809922]],[[70.7237051,56.013555],[70.7549262,56.046981],[70.8221718,56.0460055],[70.8055787,55.9846193],[70.7396431,55.9797336],[70.7237051,56.013555]],[[70.7024311,55.9531257],[70.7949062,55.9550704],[70.7953694,55.9295652],[70.7024311,55.9531257]]],[[[71.0183714,56.355931],[71.0920141,56.3321471],[71.0183714,56.355931]]],[[[71.192951,56.3026345],[71.2681387,56.3187264],[71.192951,56.3026345]]]]}},{"type":"Feature","properties":{"name":"North Ossetia–Alania"},"geometry":{"type":"Polygon","coordinates":[[[44.8479393,43.5655338],[44.8248786,43.6859483],[44.8485231,43.7076304],[44.8029399,43.7194098],[44.7937279,43.816997],[44.2680325,43.8108975],[44.2971782,43.6894595],[44.4302108,43.6838109],[44.4350358,43.6068788],[44.4753684,43.5829428],[44.4138794,43.4527146],[44.4422421,43.427733],[44.3552536,43.3923997],[44.3203719,43.4496436],[44.1749304,43.3485999],[44.1463461,43.437676],[44.1056827,43.4310647],[44.037769,43.3522063],[44.0982319,43.2671901],[44.0030517,43.2123939],[43.9734032,43.2422613],[44.0020679,43.2726922],[43.9402362,43.2865376],[43.9195935,43.2420039],[43.8617982,43.2641816],[43.8298745,43.3232655],[43.7264861,43.1694764],[43.7449711,43.135717],[43.6498807,43.099158],[43.5715292,42.9429373],[43.4429628,42.9693803],[43.3984872,42.8969234],[43.5610472,42.8677058],[43.60891,42.813681],[43.804177,42.743138],[43.77875,42.678143],[43.715305,42.631954],[43.770458,42.58878],[43.838703,42.598672],[43.96451,42.546937],[44.021778,42.597196],[44.23185,42.626686],[44.248892,42.679922],[44.314021,42.721673],[44.517974,42.697038],[44.514598,42.754273],[44.670568,42.750506],[44.6318612,42.8919938],[44.8536514,42.8355762],[44.8817182,42.9151093],[44.9538594,42.946579],[44.9254933,42.9795028],[44.9600242,43.0410691],[44.7991099,43.1667351],[44.7734072,43.1577287],[44.6822702,43.2773115],[44.6812008,43.2108851],[44.5707208,43.2360974],[44.5777037,43.4136031],[44.5124704,43.4057541],[44.4807386,43.5158439],[44.5033457,43.5879191],[44.6310674,43.6140893],[44.621897,43.5467642],[44.7079005,43.5509169],[44.6955016,43.5949647],[44.7952148,43.5967423],[44.7893157,43.5571222],[44.8479393,43.5655338]]]}},{"type":"Feature","properties":{"name":"Penza Oblast"},"geometry":{"type":"MultiPolygon","coordinates":[[[[42.3509694,53.8537291],[42.1375569,53.8224842],[42.1540477,53.7708096],[42.0817395,53.7480049],[42.0895208,53.7085869],[42.143951,53.7120788],[42.1178354,53.6711926],[42.1398726,53.5693713],[42.1095328,53.5153395],[42.1717459,53.5329928],[42.14077,53.4986968],[42.2555332,53.4853388],[42.3204258,53.4297449],[42.259801,53.4145526],[42.2368422,53.3593723],[42.2919637,53.372906],[42.3565236,53.3280905],[42.4121657,53.3380196],[42.420968,53.2717014],[42.5713639,53.1798324],[42.5090282,53.1701897],[42.5475534,53.1223595],[42.6276083,53.1282832],[42.7782412,53.0033902],[42.9575548,52.9309463],[43.2029442,52.708771],[43.2480873,52.6363402],[43.0582416,52.559391],[43.0579545,52.5203483],[43.1217713,52.5108933],[43.0240484,52.4867633],[43.0822096,52.4099541],[43.0397059,52.3706346],[43.1171529,52.3787696],[43.1432677,52.4384481],[43.2047693,52.4591775],[43.3224334,52.4209926],[43.3680077,52.3533857],[43.5209221,52.4032874],[43.671243,52.3914141],[43.7487654,52.4327809],[43.8655861,52.3797606],[43.9001932,52.4018446],[44.0323929,52.327972],[44.0630221,52.3516766],[44.156611,52.3127542],[44.1966819,52.3449789],[44.3199183,52.2912662],[44.4018429,52.4070808],[44.4678296,52.3947049],[44.5350634,52.4233884],[44.4854755,52.5142518],[44.5325913,52.5325955],[44.6659325,52.4607639],[44.8531157,52.4477209],[44.8917004,52.4167334],[44.8933572,52.3565447],[44.9819218,52.3658017],[44.9838386,52.3379598],[45.0755708,52.3070941],[45.0912238,52.3351367],[45.0636459,52.3725502],[45.1232975,52.4134886],[45.1752371,52.418277],[45.2335343,52.3756768],[45.3840384,52.4105785],[45.4293184,52.3862901],[45.4487912,52.4249637],[45.5136535,52.4255434],[45.5241656,52.4765298],[45.6009433,52.4525511],[45.640552,52.5077263],[45.6678054,52.4740034],[45.7090041,52.4778826],[45.7070517,52.4323884],[45.7583825,52.4606148],[45.7963368,52.415357],[45.8356752,52.4312393],[45.9620979,52.3971506],[46.0150983,52.4537813],[45.9845614,52.4745218],[46.0043239,52.5079034],[46.0840553,52.5529904],[46.1375906,52.5263873],[46.1500213,52.5969382],[46.267631,52.6095772],[46.2895919,52.6683425],[46.5390425,52.6884955],[46.5825202,52.7280479],[46.6093763,52.6615856],[46.6583392,52.6658284],[46.7441761,52.6114097],[46.8010702,52.6208276],[46.8182971,52.6976165],[46.9401434,52.7219637],[46.9332907,52.7466671],[46.9713693,52.7590938],[46.9813651,52.8207501],[46.9373389,52.8255145],[46.8847019,52.8903179],[46.926556,52.9166103],[46.9387363,53.0840164],[46.904627,53.0867379],[46.9735927,53.119696],[46.9374328,53.1753905],[46.8641727,53.1777127],[46.8725217,53.2387806],[46.9581897,53.2750304],[46.8988756,53.2787572],[46.9081633,53.3626054],[46.7918338,53.3726778],[46.6750544,53.4288392],[46.6699328,53.4823946],[46.5213208,53.46439],[46.4490505,53.5138287],[46.4449549,53.6035052],[46.479751,53.6179906],[46.453417,53.6526576],[46.3764811,53.670359],[46.3206025,53.752363],[46.2468734,53.7549091],[46.2851789,53.7882533],[46.1436079,53.7995134],[46.2177475,53.8850961],[46.1482329,53.9355424],[46.1004316,53.9326468],[46.0830368,53.975646],[45.9756716,53.9855961],[45.9614649,54.03078],[45.9323991,53.9831006],[45.8927313,54.0070813],[45.904709,53.9816354],[45.8574509,53.9946513],[45.7160852,53.946687],[45.7197625,53.8974649],[45.5408727,53.9293697],[45.517101,53.9178969],[45.5418145,53.8950035],[45.3566549,53.8700157],[45.2984825,53.8715337],[45.2826059,53.9180996],[45.17803,53.9717126],[45.1159816,53.9461886],[44.8325702,53.9640607],[44.8031486,53.9266903],[44.7258401,53.9236587],[44.7230962,53.8864062],[44.6856783,53.9149146],[44.6031365,53.8768963],[44.6038241,53.798975],[44.6698961,53.7793106],[44.6188442,53.7694425],[44.6897177,53.7507084],[44.731851,53.7057293],[44.7156549,53.6763847],[44.587957,53.6859237],[44.4989759,53.6431667],[44.5404059,53.6771377],[44.4597679,53.6634654],[44.36427,53.7003978],[44.3947304,53.7220293],[44.1332065,53.6908972],[44.1143314,53.7326389],[43.9823645,53.7401506],[43.8986262,53.8056183],[43.8628455,53.8013077],[43.9340382,53.8565756],[43.8468667,53.924143],[43.7490582,53.9675085],[43.6163263,53.9643093],[43.5363672,54.0145552],[43.4589218,53.9789497],[43.3135265,54.024637],[43.1899716,53.9936254],[43.1827778,53.968601],[43.1267514,53.9772841],[43.1018705,53.9133527],[43.1693083,53.8862534],[43.1635615,53.8226886],[43.0974167,53.8741225],[43.0474099,53.8565048],[43.0793873,53.8346376],[43.056737,53.8094679],[43.0235303,53.8298299],[42.8962834,53.7944678],[42.759604,53.8254748],[42.727085,53.7394945],[42.7005785,53.7509988],[42.7387301,53.8242253],[42.6656509,53.8013077],[42.6438476,53.8280028],[42.5478441,53.7492947],[42.556252,53.8005011],[42.5889429,53.8094679],[42.5900569,53.8367641],[42.5642341,53.8341817],[42.4949947,53.7780957],[42.5621263,53.7334388],[42.4985958,53.7347762],[42.471826,53.7704377],[42.4084296,53.7646445],[42.4094725,53.7989376],[42.3039013,53.7945337],[42.3574506,53.8261807],[42.3509694,53.8537291]]],[[[44.463848,53.6909502],[44.463848,53.6909502]]]]}},{"type":"Feature","properties":{"name":"Amur Oblast"},"geometry":{"type":"Polygon","coordinates":[[[122.111783,53.4314965],[122.159168,53.4691296],[122.243643,53.4636867],[122.3270112,53.5015648],[122.4296585,53.4432483],[122.8495123,53.4564373],[123.0599264,53.5075456],[123.1373138,53.4981214],[123.2712436,53.5608154],[123.4527982,53.5323805],[123.4810666,53.4960774],[123.5058768,53.555033],[123.5503839,53.5401204],[123.5392098,53.4949658],[123.6120302,53.5477673],[123.695599,53.4933535],[123.8793642,53.4807228],[124.0081087,53.3975584],[124.0613615,53.3987514],[124.1099497,53.3465035],[124.2437673,53.3747181],[124.4373351,53.2139981],[124.7076088,53.1927315],[124.7117256,53.1514201],[124.823912,53.1430901],[124.8620688,53.0990217],[124.8987478,53.1096357],[124.8947171,53.1710359],[125.1578079,53.2037569],[125.4947244,53.0947676],[125.507586,53.0484658],[125.6143374,53.0780475],[125.672697,53.0073086],[125.741989,52.9838361],[125.7243043,52.9388205],[125.6564592,52.9159911],[125.6654624,52.8611685],[125.8295396,52.8953718],[125.9392957,52.7632283],[126.0385296,52.7979952],[126.1050202,52.7702062],[126.0377128,52.7402595],[126.0629552,52.6814012],[125.9705784,52.6632077],[125.9727565,52.6086272],[126.0269526,52.5739058],[126.0678239,52.603246],[126.1921035,52.537775],[126.1840317,52.4696134],[126.2625712,52.4735853],[126.3399577,52.3959426],[126.3108737,52.3370059],[126.3348328,52.3033095],[126.4316939,52.2916503],[126.3113923,52.2399738],[126.3003969,52.2061976],[126.5542316,52.1303242],[126.5148031,52.0371876],[126.4382903,52.0254656],[126.4566193,51.9440509],[126.6590689,51.7341546],[126.7237853,51.7170351],[126.73357,51.6376269],[126.6695403,51.5987236],[126.8386267,51.5285068],[126.7812918,51.4350724],[126.9146727,51.3902115],[126.907463,51.3433766],[126.8137358,51.329542],[126.8252372,51.2721215],[126.8999099,51.2449425],[126.9157027,51.2612733],[126.8691825,51.3150595],[126.9773291,51.3202094],[126.894245,51.2033372],[126.9176588,51.0570394],[127.1062468,50.9369075],[127.2331046,50.7739248],[127.3002242,50.7452574],[127.2874214,50.6637986],[127.3670005,50.573974],[127.2861803,50.4702297],[127.3626618,50.4343991],[127.325288,50.3351467],[127.380666,50.2851069],[127.6056331,50.2347146],[127.6033453,50.1808737],[127.5016447,50.0594152],[127.4894543,49.9904387],[127.5412405,49.9336611],[127.5254343,49.819066],[127.6651946,49.7703994],[127.6872401,49.667035],[127.8428066,49.5744854],[127.9590478,49.5963876],[128.1694894,49.5360636],[128.2499716,49.5648864],[128.3359386,49.5421359],[128.3892344,49.5902652],[128.5529286,49.6019577],[128.7173616,49.5623248],[128.7527745,49.593385],[128.8021721,49.5502838],[128.7431887,49.4830985],[128.9836595,49.4569225],[129.0734497,49.3535964],[129.2260499,49.3995096],[129.3520798,49.3516938],[129.3799698,49.4293689],[129.500653,49.4246771],[129.5366434,49.3980359],[129.5593003,49.2894625],[129.71048,49.2910916],[129.7645658,49.1865039],[129.8424364,49.1770552],[129.8489528,49.1151497],[129.9222619,49.0942973],[129.9137906,49.0424922],[130.0196816,49.0092587],[130.2242955,48.865247],[130.451468,48.9034699],[130.5372987,48.8534576],[130.7812914,48.97839],[131.0451358,48.975195],[131.0164452,49.0365639],[131.1107861,49.2332181],[131.4200281,49.2554531],[131.5278838,49.4278651],[131.503814,49.4604037],[131.5103497,49.6148581],[131.4457226,49.6702726],[131.3755062,49.6611436],[131.3524145,49.6988008],[131.4894026,49.7243785],[131.5204148,49.7578033],[131.4655186,49.8018279],[131.5238787,49.9021429],[131.3866753,49.9742502],[131.4240542,49.9910276],[131.4300659,50.0516596],[131.3755539,50.0986041],[131.3903076,50.1645245],[131.4583049,50.1773249],[131.4128288,50.2162398],[131.4232742,50.2558273],[131.3239347,50.2893319],[131.3048387,50.3764598],[131.1713554,50.3566592],[131.1250833,50.4345612],[131.0199759,50.433757],[130.9421234,50.3623366],[130.9366854,50.4183521],[130.8763324,50.4556921],[131.0276418,50.579042],[130.9679053,50.6477102],[130.7751116,50.6590176],[130.723473,50.6059538],[130.6447516,50.6620019],[130.7038263,50.6947751],[130.7117366,50.7216676],[130.6741667,50.7455928],[130.7873866,50.8649136],[130.8833069,50.8914837],[130.7573532,50.9535913],[130.7654321,50.9927909],[130.7984809,51.0255923],[130.9465097,51.0397571],[130.9601586,51.1216227],[131.0289842,51.1757723],[131.042859,51.2391232],[131.1101024,51.2671977],[131.170262,51.2539617],[131.2244038,51.2875673],[131.2531086,51.3632978],[131.3186642,51.3837314],[131.490443,51.3467111],[131.4704318,51.4831289],[131.3901401,51.5946682],[131.3914328,51.6501435],[131.4402541,51.6688884],[131.4009112,51.6919478],[131.6043229,51.6659604],[131.7798768,51.7004241],[131.8584914,51.7582656],[131.9562903,51.7453142],[132.0657055,51.8005089],[132.0975936,51.7701632],[132.2188754,51.8397837],[132.2865161,51.8045336],[132.4505997,51.8856843],[132.3947077,51.9782834],[132.5214611,51.9581351],[132.5210596,52.0191675],[132.5728469,52.0807946],[132.7593271,52.1220527],[132.8181342,52.1834119],[132.9364677,52.1477415],[133.0421323,52.1748077],[133.0926961,52.1531264],[133.4204497,52.233701],[133.4008653,52.3001367],[133.3069836,52.3611106],[133.3046695,52.4112904],[133.2338038,52.4474528],[133.3002908,52.5168092],[133.2453181,52.5578693],[133.2292838,52.616671],[133.2621423,52.6822321],[133.5011031,52.6417756],[133.7084842,52.5586459],[133.8191426,52.566742],[133.8697049,52.514491],[133.9985101,52.5403582],[134.10066,52.4809289],[134.1671888,52.5135733],[134.3057299,52.4576564],[134.4679768,52.4645342],[134.5221525,52.4247385],[134.6006436,52.4254413],[134.643588,52.4588203],[134.5984674,52.5400412],[134.6727907,52.627651],[134.7411087,52.6240515],[134.752147,52.6796783],[134.7322826,52.718633],[134.6461581,52.7221832],[134.664882,52.7832113],[134.6060561,52.8029833],[134.5900344,52.8510164],[134.6415365,52.8892991],[134.5945986,52.9008741],[134.7717703,53.0702486],[134.86055,53.0941796],[134.8097291,53.1477706],[134.8476034,53.173481],[134.8248994,53.1938309],[134.8875541,53.2096176],[134.9209128,53.2607202],[134.8638166,53.2781411],[134.8686898,53.317917],[134.7827041,53.3404705],[134.7971636,53.3999082],[134.9150952,53.401786],[134.8902709,53.4354717],[134.8015724,53.4555478],[134.8041523,53.4904353],[134.7297923,53.4913558],[134.7219805,53.5310898],[134.5327692,53.6217088],[134.4563066,53.6080365],[134.4455066,53.5584606],[134.4084309,53.5812825],[134.2059767,53.5213546],[134.1952848,53.4822346],[134.1132709,53.4989364],[134.0966164,53.4558982],[133.9464775,53.438939],[133.7877036,53.4930375],[133.7068054,53.4673334],[133.5670761,53.5498353],[133.1983652,53.4318699],[133.1224359,53.3402678],[133.1348728,53.303421],[132.8886453,53.2983424],[132.8980124,53.2529367],[132.8618931,53.2352533],[132.6614685,53.2455138],[132.5095019,53.2149908],[132.2796759,53.2554383],[132.2489833,53.22612],[132.1056028,53.2405343],[132.0131132,53.1392318],[131.9582854,53.1612405],[131.8967949,53.1358082],[131.8286407,53.1627868],[131.8546878,53.2315784],[131.8064259,53.2575283],[131.4415488,53.2213154],[131.5138857,53.2719704],[131.5334407,53.3336604],[131.4955487,53.3993456],[131.5049894,53.4482136],[131.4512727,53.5101096],[131.4804708,53.5675521],[131.4552219,53.5766373],[131.4917251,53.6009198],[131.4275733,53.6625429],[131.4441388,53.739173],[131.4197401,53.7544764],[131.1075582,53.8223384],[131.0174445,53.8251967],[130.9004492,53.7743158],[130.8485043,53.7983783],[130.8518485,53.8491673],[130.7454462,53.848979],[130.6869692,53.9001788],[130.4415988,53.8881555],[130.3910223,53.9199677],[130.4962743,53.9873168],[130.511178,54.1224156],[130.635677,54.1866071],[130.6686074,54.2566122],[130.7222291,54.2664412],[130.7359828,54.2988266],[130.8149519,54.2845829],[130.9391629,54.339254],[131.0346862,54.2913014],[131.1207982,54.335786],[131.1068222,54.3544179],[131.2330444,54.553191],[131.1905215,54.5679935],[131.1712602,54.6364205],[131.2866467,54.6588115],[131.3948903,54.73728],[131.5511957,54.7429551],[131.6184095,54.7937909],[131.6715376,54.7754465],[131.8211761,54.89004],[131.9388214,54.8919469],[132.0888644,55.0009782],[131.9711123,55.0188996],[132.0862813,55.0615852],[132.4257981,55.0852679],[132.4385778,55.1181554],[132.374153,55.1564768],[132.4035174,55.162202],[132.3502395,55.1772397],[132.3931512,55.1881255],[132.3371762,55.2223234],[132.3612241,55.2446795],[132.6114887,55.235266],[132.6926484,55.3011197],[132.6794143,55.3563023],[132.7736198,55.3478347],[132.9720593,55.4018583],[132.7632575,55.4562953],[132.6611804,55.521493],[132.6393721,55.5566418],[132.6881097,55.5851016],[132.663448,55.6246822],[132.56441,55.6734199],[132.5581523,55.709942],[132.4410574,55.7427815],[132.2636189,55.7426918],[132.2209822,55.7076015],[132.1597168,55.7106218],[132.1557174,55.6793258],[131.9711239,55.7136328],[131.9414868,55.7047137],[131.9400548,55.6590206],[131.8274372,55.6478143],[131.7701694,55.6959762],[131.6376745,55.7091821],[131.5781922,55.6550917],[131.4932736,55.6971939],[131.3352452,55.6510162],[131.2267976,55.694649],[131.1425416,55.6437137],[130.7390406,55.7538125],[130.0010897,55.7132802],[129.9144006,55.7791589],[129.8709312,55.7404841],[129.6591952,55.786023],[129.525931,55.7435157],[129.4963793,55.7691461],[129.4479155,55.7253074],[129.0493592,55.6944722],[129.1035938,55.61883],[129.0866848,55.5246903],[128.9568703,55.4943887],[128.8285068,55.5201315],[128.7859391,55.4876715],[128.6961905,55.5200534],[128.6864525,55.5721548],[128.5009955,55.5489416],[128.4756024,55.5978117],[128.2904262,55.6969129],[127.8305488,55.6631075],[127.7867898,55.6737981],[127.7894763,55.7230406],[127.7337088,55.7312756],[127.5427442,55.6657941],[127.5899118,55.5940636],[127.4232886,55.5785304],[127.3401299,55.6195196],[127.3214542,55.6878049],[127.2606364,55.6805978],[127.1869557,55.7176958],[126.9348721,55.6908853],[126.9069026,55.6765516],[126.9262249,55.629892],[126.8572288,55.6115023],[126.7873034,55.6274251],[126.723236,55.5992915],[126.6822762,55.6330061],[126.6900073,55.6682236],[126.5886521,55.6566011],[126.510596,55.613184],[126.5291737,55.5790459],[126.4163867,55.5597351],[126.3859147,55.5946005],[126.3176506,55.5846931],[126.2965998,55.6091095],[126.0772092,55.5953702],[126.0670302,55.6452204],[126.1411161,55.6511943],[126.0844468,55.6699394],[126.0817262,55.7169266],[125.9853805,55.7202597],[125.9909975,55.7688834],[125.702279,55.800488],[125.5537882,55.7396297],[125.4518434,55.8061658],[125.4201224,55.8699336],[125.2533487,55.9077606],[125.0107043,55.8695183],[124.9643151,55.8376425],[124.8407842,55.8814619],[124.7616851,55.8698987],[124.6397935,55.9376828],[124.5058873,55.8846481],[124.4184197,55.9202875],[124.3942783,56.0526357],[124.2033453,56.0879299],[124.2249985,56.1103026],[124.1998896,56.1750365],[124.0327608,56.2560086],[123.9692139,56.3365033],[123.9856725,56.3565208],[123.9208059,56.3878646],[123.8119245,56.4217281],[123.3717077,56.4183379],[123.1087033,56.4575351],[122.9019096,56.5566406],[122.884679,56.5963821],[122.7944681,56.5851533],[122.8002793,56.5245476],[122.7642544,56.4908488],[122.5715967,56.4854016],[122.4416983,56.6137364],[122.291147,56.6419709],[122.1796952,56.7032698],[122.2036642,56.724403],[122.1639431,56.7461905],[121.7002473,56.7612021],[121.6103104,56.7382428],[121.6337642,56.7922278],[121.5906298,56.8450578],[121.5208137,56.8581574],[121.5168011,56.9239002],[121.4055896,56.9855286],[121.0955327,56.9815038],[121.0093685,57.0433043],[120.9054996,57.0605084],[120.797514,57.0239844],[120.6692488,57.0456134],[120.2891233,57.0280443],[120.0930481,56.9296336],[119.8393784,56.8929813],[119.8256848,56.8598202],[119.7010731,56.8264335],[119.6553908,56.7570258],[119.8848207,56.6805197],[119.8074807,56.6349659],[119.7969819,56.5966169],[119.8331655,56.5660105],[119.9235122,56.550599],[119.9494733,56.4927275],[120.2501004,56.479057],[120.2832031,56.4617133],[120.2353792,56.4033273],[120.3906664,56.3634939],[120.3624907,56.3379774],[120.3898202,56.3166672],[120.5355434,56.2874917],[120.4847224,56.237848],[120.1757997,56.2069243],[120.1188585,56.1613389],[120.036595,56.1559565],[120.0325662,56.108902],[120.1304598,56.0236229],[120.1248222,55.9577984],[120.0831886,55.935283],[120.1216668,55.9125138],[120.120565,55.8657972],[120.238749,55.9354823],[120.347336,55.9199376],[120.3409129,55.8818636],[120.4060826,55.8736732],[120.4775455,55.8867412],[120.4759134,55.9299503],[120.633166,55.9305672],[120.6578889,55.9668892],[120.7786113,55.9770418],[120.88448,56.0298391],[120.9591895,56.0166342],[120.9901248,56.0426423],[121.0454079,56.0093286],[121.2035846,56.0411527],[121.2705908,55.9397307],[121.2467792,55.8801097],[121.3436467,55.8112179],[121.2985572,55.7348656],[121.36111,55.6072179],[121.3420169,55.5220413],[121.4739581,55.4906869],[121.481649,55.5223578],[121.5735462,55.5143724],[121.6825387,55.6071244],[121.7715564,55.6328458],[121.8994965,55.6195188],[121.9464267,55.5155007],[121.9911142,55.5072556],[121.9997279,55.4338744],[121.9609466,55.3743327],[121.9852569,55.3125506],[121.9402849,55.2790886],[121.9438176,55.2329387],[122.0352396,55.1990741],[121.9138763,55.1195226],[121.9502502,55.0912638],[121.9596487,55.0005321],[121.852999,54.9639026],[121.7914752,54.8964199],[121.6672067,54.8344976],[121.6403283,54.7647736],[121.6991142,54.7303696],[121.7282655,54.7677975],[121.9077453,54.8107655],[121.9026223,54.7524083],[121.9377924,54.7134221],[121.8889113,54.6554393],[121.9391697,54.6297667],[121.9287197,54.5706158],[122.0255186,54.54978],[122.144886,54.4480808],[122.1261002,54.4114404],[121.940807,54.3785898],[121.8810636,54.3880488],[121.890032,54.4170868],[121.814429,54.4476271],[121.6895484,54.4049399],[121.6558852,54.3578173],[121.7113607,54.3390417],[121.7473949,54.2821052],[121.7129109,54.2224644],[121.7792095,54.1755842],[121.654259,54.1343672],[121.6259915,54.092671],[121.6690467,54.0452396],[121.6563651,54.0204993],[121.7746733,53.936379],[121.8466794,53.9553903],[121.9303944,53.8482944],[121.9321767,53.729586],[121.9731808,53.7037214],[121.9477159,53.6166647],[121.9970011,53.5731184],[121.9743819,53.5549635],[122.111783,53.4314965]]]}},{"type":"Feature","properties":{"name":"Kabardino-Balkaria"},"geometry":{"type":"Polygon","coordinates":[[[44.292523,43.809673],[44.29324,43.89123],[44.3435766,43.9043784],[44.3437927,43.9457964],[44.4189116,43.9454969],[44.419364,44.0164506],[44.3692043,44.0045631],[44.3688476,43.9726069],[44.2690297,43.9640218],[44.2685698,43.9181546],[44.2253374,43.918464],[44.1439037,43.9284712],[44.1440452,43.970237],[43.9873376,43.9706842],[43.9221636,44.0203143],[43.7705002,43.9275269],[43.7448876,43.8194677],[43.4738702,43.8656198],[43.316639,43.7997601],[43.2250081,43.9590461],[43.1461088,43.9594901],[43.1477107,43.8950757],[42.8661055,43.8676908],[42.8547037,43.8018957],[42.6782891,43.809695],[42.6755276,43.6978596],[42.4560743,43.621092],[42.4762116,43.5219595],[42.4562965,43.4433805],[42.4028305,43.3928315],[42.4378759,43.3525468],[42.3972675,43.2903699],[42.4571956,43.212929],[42.6665346,43.136019],[42.6816277,43.1699464],[42.7514004,43.1879025],[42.931189,43.149132],[42.9274672,43.1240966],[43.0412311,43.0907638],[43.0156191,43.0711493],[43.0509247,43.0192119],[43.334799,42.890121],[43.3984872,42.8969234],[43.4429628,42.9693803],[43.567669,42.9418401],[43.6498807,43.099158],[43.7449711,43.135717],[43.7264861,43.1694764],[43.8298745,43.3232655],[43.8617982,43.2641816],[43.9195935,43.2420039],[43.9402362,43.2865376],[44.0020679,43.2726922],[43.9734032,43.2422613],[44.0030517,43.2123939],[44.0982319,43.2671901],[44.037769,43.3522063],[44.1056827,43.4310647],[44.1463461,43.437676],[44.1749304,43.3485999],[44.3203719,43.4496436],[44.3552536,43.3923997],[44.4422421,43.427733],[44.4138794,43.4527146],[44.4753684,43.5829428],[44.4350358,43.6068788],[44.4293408,43.6851545],[44.2971782,43.6894595],[44.2674355,43.7453232],[44.2680325,43.8108975],[44.292523,43.809673]]]}},{"type":"Feature","properties":{"name":"Krasnodar Krai"},"geometry":{"type":"MultiPolygon","coordinates":[[[[38.68579896128843,46.8706987559266],[38.5538267,46.8559229],[38.5004489,46.880273],[38.4206494,46.8222503],[38.4010658,46.7201341],[38.4095421,46.7540882],[38.5080405,46.7510352],[38.5997278,46.6958643],[38.5937408,46.662016],[38.5069355,46.6426555],[38.3320509,46.6640532],[38.2910788,46.7427651],[37.996021,46.634908],[37.8105846,46.6488679],[37.6994538,46.7004449],[37.752023,46.663926],[37.9113034,46.4113428],[37.9920131,46.3638074],[38.0151203,46.3784671],[37.959434,46.386941],[37.996829,46.409461],[38.1392188,46.3777226],[38.3372688,46.2144184],[38.568711,46.114613],[38.582008,46.038736],[38.460607,46.042845],[38.255046,46.15404],[38.276516,46.261779],[38.2431533,46.1572368],[38.187299,46.117668],[38.106836,45.949566],[38.065149,45.968471],[38.078678,46.039891],[38.105596,46.038053],[38.092615,46.021021],[38.1160145,46.0541418],[37.970874,46.033585],[37.833981,45.756258],[37.616005,45.664555],[37.606724,45.477945],[37.5535447,45.394949],[37.384874,45.348806],[37.3766398,45.3162443],[37.1002483,45.3583838],[36.857142,45.4509488],[36.7851329,45.4422436],[36.621977,45.3052324],[36.7631024,45.4149465],[36.858553,45.379142],[36.805454,45.354403],[36.766062,45.375317],[36.7983719,45.3035419],[36.994915,45.32659],[36.992439,45.2897403],[36.7301636,45.2182735],[36.611941,45.2100508],[36.5916593,45.2457544],[36.6329721,45.1405523],[36.8962065,45.1063393],[37.2411009,44.986254],[37.3115686,44.9283579],[37.2970408,44.8893249],[37.380628,44.7567702],[37.4829902,44.6943849],[37.736774,44.6497124],[37.8031461,44.6707705],[37.7734977,44.7271476],[37.8062604,44.731661],[37.9139809,44.6662785],[37.9315254,44.6460613],[37.9067776,44.6287226],[37.9843646,44.5681965],[38.0650582,44.5767096],[38.0484899,44.5506926],[38.2061847,44.4164777],[38.7909825,44.2816024],[38.8665957,44.1971982],[38.998313,44.1612968],[39.036837,44.096536],[39.2949723,43.9424511],[39.6073028,43.6670968],[39.6893794,43.6321734],[39.708994,43.5794289],[39.8636638,43.5113885],[39.9229534,43.4160155],[39.9923894,43.3850185],[40.109009,43.569605],[40.2596042,43.5861871],[40.5402066,43.5193242],[40.6617756,43.5630484],[40.713345,43.532475],[40.7423973,43.6054304],[40.6752432,43.7158067],[40.7577084,43.7497766],[40.7228059,43.7948998],[40.7657711,43.8722289],[40.8857488,43.9446234],[40.9354588,44.0173529],[40.8912762,44.1429954],[41.0847882,44.0947128],[41.1245095,44.1262572],[41.1703049,44.0886842],[41.2911159,44.0854616],[41.3014705,44.0617186],[41.2768736,44.0725801],[41.2465925,44.0099492],[41.3203576,44.0283803],[41.2927634,44.0008153],[41.3601188,43.9779945],[41.3579554,44.0113879],[41.4052629,43.9811448],[41.4797499,44.0009256],[41.4831433,44.0538578],[41.5453686,44.0419827],[41.5507843,44.0961583],[41.6376676,44.1174282],[41.6989117,44.1711852],[41.7439797,44.2683772],[41.6904961,44.3334061],[41.592001,44.3635563],[41.6336952,44.3778918],[41.6282018,44.4070964],[41.6939037,44.4098806],[41.7366406,44.4834389],[41.5897072,44.5159289],[41.5519664,44.6181523],[41.4949328,44.5956913],[41.4270929,44.7084762],[41.5942248,44.7682388],[41.6539743,44.986253],[41.4462518,44.9951514],[41.4076506,45.0629259],[41.3518725,45.0902765],[41.3534804,45.2230539],[41.2974904,45.2235689],[41.2789967,45.2638468],[41.232713,45.2239852],[41.0354076,45.2256431],[41.0246085,45.3057229],[40.9934772,45.322803],[41.0071564,45.3780887],[40.9224905,45.4471008],[40.9231754,45.516862],[40.8460433,45.5169199],[40.8479682,45.694229],[41.0077442,45.7130575],[41.0531344,45.6750018],[41.1672375,45.6744391],[41.1693736,45.7596507],[41.2721359,45.7588342],[41.233466,45.8313933],[41.2628036,45.8572675],[41.2490098,45.8800514],[41.1611772,45.8798408],[41.16065,45.9789676],[41.1350529,45.9791845],[41.1082242,46.0776194],[41.069777,46.0775708],[41.0649764,46.1201291],[40.9787882,46.1134055],[40.9904218,46.2983631],[40.9271282,46.298231],[40.925714,46.2299941],[40.7444897,46.2290633],[40.7435255,46.2855493],[40.3285416,46.280381],[40.3242771,46.3143399],[40.2472644,46.3457148],[40.28613,46.3763464],[40.2859941,46.4484447],[40.2383365,46.4482403],[40.2214541,46.5378245],[40.064291,46.5343087],[40.0644057,46.6280494],[40.1166579,46.646098],[40.1162904,46.7181868],[40.1457892,46.7340044],[40.0789479,46.7296288],[40.0632219,46.7719415],[39.5637785,46.7879535],[39.4867759,46.8177977],[39.2625622,46.7942943],[39.2618455,46.7081987],[39.2093229,46.6820721],[39.2024197,46.60978],[39.0717628,46.5990708],[39.0164142,46.6331035],[38.9020805,46.634822],[38.9023273,46.5601135],[38.8676076,46.5695425],[38.8694828,46.7319257],[38.8959541,46.731792],[38.8958729,46.8263895],[38.9332943,46.8412909],[38.6857387,46.8261368],[38.68579896128843,46.8706987559266]],[[38.6840182,44.9514152],[38.6990454,45.0666655],[38.7232848,45.0402795],[38.7679097,45.0566392],[38.7564685,45.0331227],[38.8060531,44.9956857],[38.8603849,45.0016211],[38.8546379,45.029783],[38.899565,45.054009],[38.8997742,45.0224542],[38.9530611,45.0355329],[38.9534881,44.998205],[39.0142255,45.0039787],[39.0224589,44.9679589],[39.1167719,44.998242],[39.2214422,44.9889885],[39.2304682,45.0180078],[39.2623462,45.0034397],[39.4629055,45.101961],[39.4550608,45.1216119],[39.6162616,45.2168098],[39.6860997,45.1945456],[39.6998281,45.1470497],[39.8940739,45.0846942],[40.227033,45.1177569],[40.3889458,45.0339968],[40.5879384,44.8635346],[40.652451,44.6878529],[40.7334655,44.6081982],[40.7243936,44.5575646],[40.7764295,44.4664001],[40.619524,44.465084],[40.6612499,44.4827091],[40.670221,44.545973],[40.6437306,44.6358057],[40.5684248,44.6544394],[40.5641394,44.7441983],[40.4299974,44.7624618],[40.4298276,44.7353723],[40.3677556,44.7167071],[40.4017664,44.6550444],[40.3428751,44.6452636],[40.3366455,44.5675627],[40.4150382,44.5349946],[40.3834432,44.4772787],[40.4829016,44.3153721],[40.3598294,44.2467453],[40.4326708,44.1140168],[40.4132942,44.0633136],[40.4804755,43.9645059],[40.4096867,43.9387685],[40.4199159,43.8804416],[40.3713286,43.7772619],[40.2512345,43.7616286],[40.2168648,43.7791163],[40.1890617,43.8729207],[40.0913538,43.8453821],[39.9229854,43.9725405],[39.9126762,43.9394982],[39.8514575,43.92423],[39.7777748,43.9617671],[39.8191219,43.9836543],[39.7967834,44.0174595],[39.8309651,44.0788199],[39.7618047,44.1488176],[39.7685962,44.180348],[39.8650268,44.1843066],[39.8953693,44.1249407],[39.9878187,44.0761516],[40.0546729,44.1365102],[40.0930244,44.129584],[40.0687521,44.1456636],[40.0935173,44.2468289],[39.989763,44.2613097],[39.9618624,44.3479281],[39.8443135,44.3533926],[39.8790917,44.3965421],[39.8741643,44.5913943],[39.9328774,44.6028921],[39.8962476,44.6618048],[39.9273565,44.6873103],[39.9100781,44.7130039],[40.0290165,44.7469979],[39.9454682,44.809625],[39.98539,44.8304558],[39.9339444,44.8838526],[39.9634786,44.8924253],[39.8851475,45.0230499],[39.6924252,44.9514029],[39.6775674,44.9936896],[39.6200133,44.960311],[39.5986161,44.9827505],[39.6568283,45.0143603],[39.6221292,45.0490368],[39.4712487,45.0356908],[39.4750283,44.9876669],[39.5190181,44.9872393],[39.5044561,44.9680277],[39.6529099,44.8741744],[39.5577871,44.8366375],[39.5595782,44.8069588],[39.1527718,44.8359185],[39.0907591,44.8171631],[38.8547547,44.8938467],[38.7818548,44.967654],[38.6840182,44.9514152]]],[[[37.3985352,45.3512297],[37.3985352,45.3512297]]],[[[38.3273515,46.760093],[38.362795,46.7656032],[38.3273515,46.760093]]]]}},{"type":"Feature","properties":{"name":"Kursk Oblast"},"geometry":{"type":"Polygon","coordinates":[[[38.2890021,51.2964678],[38.3585493,51.3031486],[38.330237,51.3476144],[38.37615,51.3879748],[38.2934668,51.3940891],[38.2804821,51.4348523],[38.3185115,51.4448403],[38.2805332,51.4930345],[38.2980023,51.5214561],[38.139101,51.6392831],[38.1611897,51.6704203],[38.2347338,51.6589855],[38.2241857,51.6999483],[38.4451595,51.691451],[38.5192703,51.7479711],[38.4632656,51.7402352],[38.3990563,51.7820032],[38.4453187,51.8319353],[38.410039,51.8648008],[38.4424734,51.8925296],[38.4167671,51.9063044],[38.4484924,51.9219444],[38.4291178,51.9447498],[38.3183869,51.919466],[38.3164163,51.9574888],[38.2801442,51.9664901],[38.2419501,51.9228971],[38.1273465,51.9358469],[38.0504067,51.8876682],[37.9227194,51.891558],[37.9187931,51.9133609],[37.8558364,51.9074148],[37.8217243,51.9757344],[37.7380345,52.0190843],[37.7082146,51.9700019],[37.5079344,52.0164849],[37.4832008,51.9630407],[37.425341,51.9349918],[37.3295484,52.0081846],[37.1777132,52.0416957],[37.2072581,52.0828037],[37.0675004,52.073916],[37.0149096,52.1107791],[36.9598216,52.0889083],[36.7921743,52.1277428],[36.7536437,52.1741364],[36.5240417,52.21992],[36.4163599,52.3455069],[36.322661,52.3819021],[36.1287345,52.3119602],[36.0457285,52.3200946],[35.9456127,52.2772378],[35.8149533,52.3022164],[35.6542247,52.247109],[35.6709607,52.3225182],[35.5954029,52.3836631],[35.5990512,52.4414985],[35.4402899,52.4311995],[35.4020304,52.3742983],[35.2047839,52.379567],[35.1929002,52.3450613],[35.0660948,52.3212113],[34.9236299,52.3700882],[34.9215355,52.3391639],[34.9601666,52.3429592],[34.8595793,52.2611536],[34.9045461,52.2453524],[34.8690133,52.2021188],[34.6834394,52.1973874],[34.7423394,52.0869314],[34.6093764,52.0364753],[34.5310657,52.0702311],[34.3332082,51.9360868],[34.4527576,51.9214748],[34.3822683,51.8779131],[34.433009,51.7298573],[34.0807655,51.6656998],[34.1672597,51.6456582],[34.1823342,51.5967649],[34.3084075,51.5192],[34.2207798,51.4171534],[34.3385533,51.3555337],[34.281227,51.334746],[34.2307912,51.2654069],[34.3056532,51.238255],[34.3836677,51.27401],[34.5802282,51.2334739],[34.6616541,51.2474779],[34.6882649,51.1812414],[34.817314,51.1689109],[34.9794435,51.2350538],[35.0397748,51.2044273],[35.0758303,51.2320706],[35.150481,51.2234332],[35.1234099,51.1652493],[35.1769284,51.0984454],[35.1481983,51.0824475],[35.2118926,51.0461954],[35.3145022,51.0869727],[35.3753062,51.0669573],[35.409477,51.0266229],[35.3230364,51.0138235],[35.3520928,50.9733022],[35.5425396,50.9452043],[35.5282353,50.9207466],[35.5709072,50.9015572],[35.6064415,50.935826],[35.6786785,50.9076592],[35.7264055,50.9289036],[35.7340148,50.9766143],[35.801014,50.9365952],[35.8653093,50.9586104],[35.948706,51.0538729],[36.0084337,51.0516702],[35.9225824,51.0972827],[35.9223404,51.1301859],[36.0041563,51.1273962],[35.9861283,51.1514833],[36.0497453,51.1665949],[36.1401558,51.1104679],[36.2233164,51.118059],[36.2283939,51.1430187],[36.3057655,51.0945139],[36.4230167,51.120876],[36.4923925,51.0625531],[36.5249313,51.1350515],[36.6015696,51.1001837],[36.5853284,51.0670711],[36.6423413,51.0778477],[36.7523381,51.1494878],[36.987165,51.1832167],[37.0792499,51.252087],[37.1489271,51.2288851],[37.1217547,51.2839521],[37.1599943,51.3196292],[37.1468966,51.3571308],[37.3007549,51.3315424],[37.3837424,51.3845212],[37.47205,51.3680262],[37.5572485,51.3915299],[37.7014745,51.3518889],[37.847478,51.4297308],[37.9500586,51.4272611],[38.0058292,51.4231321],[38.0359539,51.36706],[38.2890021,51.2964678]]]}},{"type":"Feature","properties":{"name":"Leningrad oblast"},"geometry":{"type":"MultiPolygon","coordinates":[[[[26.9076406,59.8138943],[26.9521069,59.7973212],[26.9076406,59.8138943]]],[[[27.1880421,59.8642901],[27.1855039,59.8357643],[27.2279919,59.8456349],[27.1880421,59.8642901]]],[[[27.8669788,60.0055497],[27.8234093,60.0381271],[27.7934594,59.9945642],[27.8910637,59.9808715],[27.8998394,60.0040763],[27.8669788,60.0055497]]],[[[26.964220076693003,60.05805215],[26.9831227,60.0147326],[27.0294772,60.0229922],[26.9566137,60.1056739],[26.964220076693003,60.05805215]]],[[[32.0719523,60.2433076],[32.0701999,60.2166124],[32.1288023,60.2098221],[32.0719523,60.2433076]]],[[[28.36708,60.02176],[28.40272,60.00603],[28.36708,60.02176]]],[[[28.0055,60.03678],[28.06015,60.01792],[28.0055,60.03678]]],[[[28.4766625,60.36789956730769],[28.4152267,60.3628336],[28.51694,60.3009],[28.52764,60.33098],[28.4766625,60.36789956730769]]],[[[27.7735375,60.45066453658537],[27.80139,60.44763],[27.7735375,60.45066453658537]]],[[[28.5415638,60.351035],[28.5507776,60.2953953],[28.6161822,60.2693167],[28.6949385,60.2608257],[28.7205742,60.2851233],[28.5415638,60.351035]]],[[[29.8957068,58.4499903],[30.0564708,58.4438967],[30.0622129,58.474007],[30.1328955,58.4920084],[30.0997474,58.5144899],[30.1679854,58.5314246],[30.0727501,58.6248761],[30.1251997,58.6468574],[30.0604787,58.6613801],[30.1489723,58.6939449],[30.1029094,58.724361],[30.1350061,58.7490977],[30.3426391,58.7593801],[30.4064406,58.7028758],[30.5618321,58.7265687],[30.5860334,58.7044702],[30.6641786,58.7365756],[30.6823997,58.7137464],[30.712765,58.7290032],[30.728272,58.8139193],[30.67888,58.8335285],[30.6827199,58.8587179],[30.7621843,58.8565241],[30.9224259,58.9215033],[31.0032754,59.0002923],[30.9642674,59.0168091],[30.9711504,59.0438473],[31.1313703,59.0893298],[31.2186776,59.0082553],[31.3711461,59.0264716],[31.3521325,59.0534339],[31.4811572,59.1015629],[31.4997113,59.2069562],[31.5856552,59.2356344],[31.52924,59.2847937],[31.5644786,59.2993461],[31.5341861,59.317248],[31.5524043,59.369069],[31.6802867,59.3702483],[31.7348025,59.3515356],[31.7109245,59.3369978],[31.7641436,59.3391927],[31.7414677,59.3153139],[31.7986752,59.312807],[31.8229896,59.3260419],[31.787215,59.3352822],[31.807288,59.3527608],[31.9017341,59.3733423],[31.9643218,59.4327634],[31.9872468,59.4201893],[31.9664963,59.4072371],[32.1183471,59.3840052],[32.1755571,59.324195],[32.2263707,59.3551514],[32.1954588,59.3032532],[32.2568514,59.3257979],[32.2452091,59.3440431],[32.262054,59.3264673],[32.199722,59.290302],[32.2978754,59.2787693],[32.3154862,59.2600891],[32.2799184,59.2588663],[32.317272,59.2385045],[32.282489,59.2007286],[32.318439,59.1807663],[32.4828032,59.1502524],[32.3927608,59.141917],[32.4515951,59.1081353],[32.5820708,59.1397741],[32.5787684,59.1152285],[32.6256007,59.1099991],[32.7259081,59.1484576],[32.7701725,59.2186483],[32.7324492,59.2714411],[32.8469212,59.348621],[32.92141,59.3486222],[32.992601,59.4257282],[33.056956,59.4185035],[33.066544,59.3795031],[33.1551911,59.3838583],[33.3260147,59.3161773],[33.3484008,59.3852518],[33.6302949,59.3824943],[33.62203,59.3277983],[33.7735714,59.2830197],[33.8195263,59.2344892],[33.8001013,59.2006653],[33.9078462,59.2073257],[33.9274177,59.238113],[33.946848,59.1872956],[34.0990117,59.1374498],[34.1057414,59.1701577],[34.2032791,59.1738362],[34.2152041,59.2052271],[34.2841701,59.1781547],[34.3500962,59.2040586],[34.4231253,59.1446809],[34.6584141,59.1214647],[34.7223626,59.0848519],[34.8345926,59.1272535],[34.8492601,59.2010956],[34.927675,59.2133141],[34.9160111,59.2403949],[35.1307657,59.2489553],[35.2468904,59.3018802],[35.3962226,59.3175609],[35.2972053,59.3509296],[35.4466209,59.4118535],[35.3182497,59.4864726],[35.3163168,59.5202749],[35.5126218,59.5034585],[35.4094804,59.5300438],[35.4936867,59.5357015],[35.4946596,59.6519007],[35.6055738,59.6143815],[35.6152363,59.712406],[35.4073514,59.7194252],[35.3750267,59.8579005],[35.4471031,59.9167733],[35.4463858,59.9775933],[35.1455546,60.0207795],[35.1401379,60.042845],[35.2139537,60.0740126],[35.1555019,60.1519273],[35.1850049,60.245507],[35.1626278,60.2560323],[35.2744245,60.3362655],[35.2987609,60.6014393],[35.2725488,60.610176],[35.2584136,60.6894931],[35.2087203,60.6980929],[35.2375234,60.7313356],[35.1755413,60.7700717],[35.2616108,60.8464211],[35.4616781,60.8569363],[35.5187403,60.8935926],[35.4776334,61.0006947],[35.5714835,60.997257],[35.6957881,61.1329763],[35.587886,61.184705],[35.3966247,61.1402641],[35.4032862,61.1755472],[35.3521438,61.1764619],[35.393571,61.2824427],[35.087467,61.2419329],[34.7689597,61.3122791],[34.5457242,61.2756348],[34.474435,61.2336631],[34.464717,61.2080638],[34.4912305,61.1995919],[34.4443457,61.1437416],[34.3366883,61.220177],[34.2379828,61.2439519],[33.551779,61.2136908],[33.4499037,61.1546037],[33.5762165,61.0682462],[33.6623605,61.0745181],[33.7380387,61.1310228],[33.9195625,61.0732165],[33.7854243,60.9370301],[33.4490509,61.003278],[33.4216931,60.9831348],[33.4665037,60.927591],[33.2510154,60.8743076],[33.1795577,60.8208877],[33.2591219,60.7985805],[33.1730971,60.7922616],[33.1576841,60.74547],[32.9230995,60.7170899],[32.9146966,60.6795685],[32.9632058,60.640407],[32.8948846,60.544824],[32.7837725,60.5064411],[32.6247572,60.5383491],[32.5827697,60.5117366],[32.6914976,60.3975903],[32.613845,60.3253258],[32.5855972,60.3523491],[32.633616,60.2453001],[32.5841775,60.1878294],[32.2318259,60.1198092],[32.1475091,60.1623602],[32.1666781,60.1768991],[32.1412734,60.2089194],[32.0814997,60.192975],[32.0955339,60.2124839],[31.7193318,60.2451443],[31.5497962,60.1478638],[31.6104346,60.1376189],[31.5693154,60.0914214],[31.4731629,60.0795082],[31.5650439,59.9710042],[31.5316953,59.9249096],[31.436589,59.9014493],[31.3413414,59.9067142],[31.3057727,59.945057],[31.1799741,59.9121655],[31.0335183,59.9498421],[31.0966859,59.9901017],[31.0811307,60.0193804],[31.1136774,60.0401303],[31.0669246,60.0650739],[31.0902528,60.1166187],[31.0506915,60.1763475],[30.959131,60.1991417],[30.8642189,60.3992998],[30.69465,60.56504],[30.5064416,60.6225624],[30.5298,60.66376],[30.4965793,60.7239129],[30.5447942,60.7257621],[30.5387444,60.7983666],[30.4269118,60.8569865],[30.4537672,60.8745327],[30.3559771,60.9628712],[30.2890529,60.9780092],[30.1551384,61.0788182],[29.8608907,61.1706669],[29.5641977,61.1836695],[29.5512384,61.240634],[29.424469,61.2564271],[29.3059283,61.3292931],[29.23999,61.2680101],[28.818984,61.1216471],[28.7137994,61.0445946],[28.6554728,60.9495312],[28.5246697,60.9571371],[27.7841929,60.5364042],[27.8377781,60.491593],[27.8203569,60.5264597],[27.85517,60.5526],[27.8961125,60.5023796],[27.9195627,60.5213623],[27.9975144,60.4971109],[28.0073875,60.5254028],[28.07219,60.49921],[28.0743499,60.5283574],[28.1413107,60.5058905],[28.1590963,60.5428023],[28.2316985,60.5107538],[28.2415409,60.5768196],[28.344865,60.5963049],[28.2975216,60.6231408],[28.3856998,60.6045058],[28.3741055,60.6468892],[28.4783384,60.6467341],[28.5086795,60.6819829],[28.5419127,60.6593201],[28.5444611,60.6817084],[28.636627,60.6818481],[28.6174025,60.6649261],[28.6576068,60.6862506],[28.6170384,60.704855],[28.6561451,60.7000797],[28.6799714,60.7401749],[28.7475155,60.6955344],[28.7217925,60.6908382],[28.7403794,60.6574698],[28.70155,60.66185],[28.7122809,60.6285035],[28.6829489,60.6645574],[28.6419817,60.6555463],[28.699634,60.6158405],[28.6756142,60.6161007],[28.6985608,60.5877126],[28.6451111,60.5897876],[28.71434,60.43892],[28.6699828,60.4303313],[28.5044155,60.5150131],[28.4988957,60.5453538],[28.4373283,60.5464856],[28.6165486,60.3518295],[28.76961,60.31902],[28.8053902,60.3570111],[28.8549475,60.2854689],[28.9984409,60.2346668],[29.0102561,60.182753],[29.4231884,60.1590287],[29.4699632,60.183608],[29.4298103,60.1895376],[29.5211525,60.2332865],[29.7580155,60.2427009],[30.0180219,60.1442872],[30.3632337,60.092016],[30.5660293,59.9709647],[30.5131012,59.9705585],[30.4954193,59.891479],[30.519999,59.8632286],[30.4934929,59.847085],[30.7595844,59.7537014],[30.576506,59.7299745],[30.4771205,59.6806997],[30.5055395,59.6461719],[30.4803243,59.6375837],[30.4363874,59.6629782],[30.242922,59.6386297],[30.2495753,59.6710209],[30.2182227,59.6730689],[30.3007209,59.7473867],[30.2585587,59.7626787],[30.283842,59.7952387],[30.1499325,59.8009257],[30.1048069,59.7292591],[30.1199263,59.6921542],[30.0349646,59.7178541],[30.0761388,59.7479223],[30.0433427,59.7641834],[30.1276856,59.8090654],[30.0442456,59.837299],[29.7245003,59.8711035],[29.7200032,59.9028178],[29.5547651,59.9573614],[29.2075161,59.9926714],[29.05707,59.9575276],[29.0440715,59.9201079],[28.9882958,59.9137538],[29.0601438,59.8938189],[29.0573162,59.8601637],[28.8449975,59.78179],[28.7835235,59.8033496],[28.7197012,59.7745158],[28.54408,59.8493629],[28.47352,59.82801],[28.4407435,59.7937245],[28.4292297,59.676287],[28.23372,59.68113],[28.1932,59.77262],[28.1272245,59.7906619],[28.029022,59.752075],[27.99666,59.69185],[28.0943828,59.5915123],[28.0458828,59.4654958],[28.2100175,59.3703677],[28.1295321,59.2909405],[27.904331,59.2412651],[27.8876608,59.1838602],[27.8087055,59.1297296],[27.7377645,58.97789],[27.9179995,59.021159],[28.0338097,58.9870633],[28.0999579,59.0000639],[28.1716108,58.9764907],[28.1464382,58.9635596],[28.2579689,58.8986159],[28.2397434,58.8798386],[28.3003076,58.8239214],[28.3492615,58.8271549],[28.3211294,58.8444182],[28.3735375,58.8784481],[28.4137408,58.8552011],[28.4364709,58.8810456],[28.669412,58.8661415],[28.9096984,58.8030055],[29.0337754,58.8327722],[29.0736566,58.7363775],[29.035966,58.7253033],[29.2783993,58.701028],[29.2572859,58.6697671],[29.2916771,58.6486866],[29.2309283,58.6326082],[29.2552784,58.5999036],[29.3546128,58.6161374],[29.4030525,58.5919448],[29.3274998,58.5602015],[29.3938383,58.5544939],[29.4231535,58.5903289],[29.5795625,58.5335535],[29.5510222,58.4797842],[29.6394751,58.4469431],[29.7080161,58.4592621],[29.7776901,58.4173356],[29.8957068,58.4499903]],[[30.0650571,59.6683027],[30.0839517,59.6802946],[30.0650571,59.6683027]]],[[[28.68026,60.45819],[28.68026,60.45819]]],[[[28.4766625,60.44655713793103],[28.43323,60.45027],[28.5314095,60.3492889],[28.4766625,60.44655713793103]]],[[[27.847392689007453,60.46885],[27.8740894,60.4637963],[27.847392689007453,60.46885]]],[[[27.8394272,60.4910526],[27.7754359,60.5046385],[27.8113569,60.4701151],[27.8394272,60.4910526]]],[[[28.4425045,60.6115129],[28.4218048,60.6251971],[28.4425045,60.6115129]]],[[[28.60838,60.60095],[28.6446464,60.5921665],[28.60838,60.60095]]],[[[28.4680733,60.5863399],[28.4298957,60.6078756],[28.4680733,60.5863399]]],[[[28.5842362,60.6592806],[28.6059036,60.6730501],[28.5842362,60.6592806]]],[[[28.6275986,60.680263],[28.5995657,60.6845948],[28.6275986,60.680263]]],[[[30.5715865,60.8487869],[30.6185747,60.8364395],[30.6390269,60.8824685],[30.5715865,60.8487869]]],[[[28.5645194,60.6291924],[28.56258,60.5759],[28.6429561,60.5599732],[28.5999475,60.5944337],[28.62679,60.61365],[28.5645194,60.6291924]]],[[[28.508299839385476,60.64443125],[28.5498301,60.6121407],[28.508299839385476,60.64443125]]],[[[28.5492908,60.6314481],[28.5299269,60.6443964],[28.5492908,60.6314481]]],[[[28.5645365,60.5075066],[28.69583,60.46357],[28.568343,60.5297658],[28.5645365,60.5075066]]],[[[28.63979,60.52452],[28.62091,60.53394],[28.63979,60.52452]]],[[[28.597116874999976,60.556740625],[28.6028,60.52239],[28.597116874999976,60.556740625]]]]}},{"type":"Feature","properties":{"name":"Mari El"},"geometry":{"type":"Polygon","coordinates":[[[46.7215443,56.9633925],[46.6695257,56.9711169],[46.6731702,56.942033],[46.5388102,56.9133968],[46.3147661,56.9452468],[46.3035454,56.8874191],[45.9414013,56.8593825],[45.9221112,56.7277564],[45.8660499,56.7358425],[45.8586029,56.6944157],[45.9189622,56.70399],[45.891575,56.6842943],[45.9547464,56.6504307],[45.6700657,56.6144857],[45.6257685,56.5612873],[45.6521725,56.5173557],[45.6237398,56.5140418],[45.6619022,56.4609178],[45.7684726,56.4462754],[45.7532447,56.4128206],[45.9636657,56.4286888],[45.933834,56.3733132],[45.9700406,56.3184562],[45.923174,56.3125391],[45.9203331,56.2564688],[45.8662864,56.2548365],[45.9635288,56.1624991],[46.0969957,56.1770457],[46.1105987,56.1444517],[46.043779,56.1024385],[46.060213,56.0689005],[46.1126848,56.0709052],[46.0874969,56.0377918],[46.1559048,56.0490515],[46.1421719,56.0168257],[46.4152139,56.1296453],[46.5832699,56.1351562],[46.6557031,56.0980241],[46.7996088,56.1915265],[46.7573944,56.2096371],[46.9109419,56.2104265],[47.0529597,56.2740333],[47.1462154,56.277258],[47.1505981,56.3154663],[47.3925228,56.3229859],[47.3797968,56.2272042],[47.4314325,56.2248035],[47.4247726,56.1569945],[47.8889461,56.1199468],[47.9333456,56.0764837],[47.9284219,56.0156958],[48.0026052,55.995126],[47.9682175,55.9656844],[48.1989769,55.9312078],[48.2421417,55.9060288],[48.2130076,55.8793501],[48.2827624,55.8451451],[48.4194063,55.8294544],[48.4512677,55.832142],[48.3838311,55.8681811],[48.4154202,55.9148545],[48.6661951,55.9383913],[48.7250318,56.008075],[48.6870217,56.0261881],[48.7142582,56.0483229],[48.6936776,56.0604276],[48.8299281,56.0503193],[48.8486322,56.115987],[48.9476996,56.1390458],[48.984553,56.2005428],[49.0515861,56.1902619],[49.0696524,56.2065552],[49.0241699,56.2353412],[48.9375374,56.2253789],[48.9224213,56.2561808],[49.0318057,56.2846569],[49.0515639,56.3447899],[49.1779861,56.3548031],[49.1670291,56.3904015],[49.2234847,56.3942844],[49.2529367,56.3499282],[49.3347554,56.3300729],[49.3351747,56.3648296],[49.4003505,56.3647584],[49.4238042,56.4780957],[49.4756819,56.4764538],[49.4411312,56.4490135],[49.4555742,56.4255317],[49.5152315,56.422563],[49.582131,56.4591699],[49.5694337,56.5028553],[49.7561028,56.5372145],[49.8138845,56.5011655],[49.7537607,56.4542542],[49.8610596,56.4253132],[49.9333923,56.4968576],[49.987235,56.4946234],[49.9285377,56.4584413],[49.9704837,56.4313809],[50.0778855,56.5127549],[50.2013452,56.5571242],[50.1733147,56.5953106],[50.0535815,56.5996789],[50.0842635,56.6265019],[50.0260352,56.6575545],[50.0609616,56.6592133],[50.1044368,56.7922586],[50.0429146,56.7959763],[50.0704066,56.8314784],[50.0206494,56.8693303],[49.7384183,56.8862121],[49.7488818,56.9112954],[49.7052272,56.9322252],[49.7610097,56.9523291],[49.6914182,57.0126877],[49.673873,57.0473305],[49.695383,57.0577191],[49.6021143,57.0779707],[49.4680258,57.057757],[49.4029346,57.0448206],[49.4298278,57.0240761],[49.3904151,57.0054189],[49.2416858,57.045668],[49.2179261,57.1252335],[49.1716319,57.1333272],[49.208231,57.1578898],[49.160409,57.1423517],[49.1385238,57.1801873],[49.2000646,57.2224929],[49.1832993,57.2786202],[49.2169125,57.3082987],[49.1737275,57.3428361],[49.0074199,57.2889469],[49.0074249,57.2198172],[49.0543707,57.2071456],[48.9733688,57.1806848],[49.0029403,57.1245321],[48.9493743,57.0826018],[48.8338634,57.0973913],[48.8651735,57.1146685],[48.8111074,57.1692362],[48.654409,57.1499113],[48.5554416,57.1717182],[48.4168423,57.110189],[48.3616584,57.1334961],[48.3729276,57.1627176],[48.3289361,57.16609],[48.2767591,57.1235756],[48.2296976,57.1297363],[48.2476865,57.0962425],[48.2099211,57.0740361],[48.1375297,57.0696622],[48.2077188,57.0425228],[48.2060619,57.0135005],[47.9884778,57.0019716],[47.9973515,56.9780905],[47.9540677,56.9577743],[47.9492569,56.9867135],[47.9083052,56.9646287],[47.7643788,57.0393202],[47.7440676,57.0259495],[47.7826728,56.9986039],[47.6850695,57.0016358],[47.7056331,56.9929713],[47.6176434,56.9590275],[47.6023514,56.9247713],[47.5468127,56.9250768],[47.4886827,56.8713304],[47.5109343,56.8507564],[47.434905,56.8829222],[47.2653062,56.8071667],[47.1987677,56.8244096],[47.1560191,56.7965924],[47.1067698,56.8262385],[47.1261583,56.883522],[47.1607004,56.8803004],[47.101874,56.9232065],[46.9671343,56.9424641],[46.9100412,56.917941],[46.8943801,56.9518304],[46.8255962,56.9186165],[46.7036626,56.9407163],[46.7215443,56.9633925]]]}},{"type":"Feature","properties":{"name":"Moscow"},"geometry":{"type":"MultiPolygon","coordinates":[[[[37.0456319,55.1421745],[37.169879,55.1643393],[37.1633611,55.2315787],[37.2142064,55.2526908],[37.2715607,55.2588241],[37.3169676,55.2207156],[37.4053152,55.2505764],[37.4179872,55.2912782],[37.3827304,55.3167873],[37.4278176,55.3147269],[37.4051145,55.3365341],[37.4705403,55.3900254],[37.3735957,55.4453994],[37.3910316,55.4666742],[37.4452185,55.4818992],[37.5383916,55.4374857],[37.5447501,55.4726458],[37.6113541,55.4896351],[37.5785039,55.5216793],[37.5984891,55.5744262],[37.7321735,55.5887973],[37.8411397,55.6551916],[37.858176,55.7012543],[37.9633779,55.673656],[37.9447161,55.6971238],[37.9674277,55.716249],[37.8724504,55.723377],[37.8909533,55.7421946],[37.8426549,55.7467345],[37.8360495,55.8242232],[37.7315551,55.8856186],[37.5559505,55.9090943],[37.5745199,55.9574097],[37.5194795,55.9417633],[37.5370259,55.9075556],[37.4266635,55.8774643],[37.3899171,55.9043205],[37.4224581,55.9513146],[37.3350259,55.9535891],[37.377823,55.9211143],[37.372761,55.8816241],[37.411428,55.8709576],[37.3320767,55.8462996],[37.3939187,55.829862],[37.3744812,55.7923635],[37.3079191,55.7972282],[37.3207023,55.7668207],[37.370601,55.7881919],[37.3924774,55.7059193],[37.3262279,55.68276],[37.4021617,55.6988389],[37.4154573,55.6647647],[37.0957269,55.6001139],[37.1398129,55.4734087],[37.0922795,55.4649172],[37.1488482,55.4381762],[36.9734462,55.4554605],[36.9777907,55.4937419],[36.9374106,55.5145682],[36.8162398,55.5083513],[36.8031012,55.4408329],[36.8560564,55.3803316],[37.0259868,55.2843746],[36.9372397,55.2413907],[37.0456319,55.1421745]]],[[[37.1316021,56.0164459],[37.149624,55.9622873],[37.2682913,55.9678065],[37.2073752,56.0171497],[37.1316021,56.0164459]]],[[[36.8880788,55.7344361],[37.0056864,55.7396562],[36.9620864,55.7299294],[37.0242523,55.7095857],[37.0041736,55.7054131],[37.1277753,55.7280823],[37.0413966,55.7191913],[36.9787545,55.7604866],[36.8880788,55.7344361]]],[[[37.8453271,55.8135622],[37.8999346,55.8151406],[37.8453271,55.8135622]]],[[[36.9007522,55.3148568],[36.9225665,55.3245102],[36.9007522,55.3148568]]],[[[37.290502,55.8019897],[37.290502,55.8019897]]],[[[37.791304,56.0071472],[37.791304,56.0071472]]],[[[37.7887247,56.0013886],[37.7887247,56.0013886]]],[[[37.8685109,55.8239188],[37.8685109,55.8239188]]],[[[37.2885672,55.6548667],[37.2885672,55.6548667]]]]}},{"type":"Feature","properties":{"name":"Moscow Oblast"},"geometry":{"type":"Polygon","coordinates":[[[38.6659818,54.256714],[38.7156457,54.271418],[38.7129832,54.3485324],[38.9406483,54.4079886],[38.9306667,54.4392803],[38.7787912,54.4784471],[38.8520819,54.5336839],[38.7970105,54.551414],[38.8342854,54.5692185],[38.8490231,54.6256199],[38.9465053,54.6342408],[38.9717641,54.6009771],[39.0349771,54.6436492],[39.1259566,54.6325056],[39.1628133,54.6608409],[39.2315979,54.63764],[39.2571941,54.6616013],[39.2320554,54.7186113],[39.3369071,54.7190354],[39.370879,54.7473725],[39.3182586,54.7568972],[39.4151771,54.8399126],[39.3986015,54.866246],[39.4864987,54.9014258],[39.4655498,54.9314455],[39.5175185,54.9838773],[39.6028846,54.9880133],[39.6253677,55.0250803],[39.7699727,55.0039715],[39.7737339,55.0350445],[39.804256,55.0052163],[39.8625646,55.1111421],[39.7990592,55.1376079],[39.7056389,55.1174141],[39.7845029,55.1861897],[39.9222339,55.2152939],[39.993914,55.1998972],[40.0353597,55.2419158],[40.1546443,55.2643893],[40.2056882,55.315762],[40.140777,55.4396051],[40.1940293,55.4619133],[40.2001031,55.4983198],[40.167802,55.5266203],[40.0488709,55.5264979],[40.0468293,55.5818841],[40.0931635,55.6076894],[39.9030523,55.7418959],[39.8891021,55.8331955],[39.7321047,55.8423529],[39.7034096,55.7874352],[39.5234244,55.7873539],[39.5211385,55.7452268],[39.4828414,55.7449934],[39.4372779,55.7807799],[39.3258435,55.7730178],[39.295963,55.8320328],[39.3271743,55.8648631],[39.2596305,55.8406302],[39.0591702,55.8573439],[39.0775187,55.880623],[39.0288814,55.9082862],[39.0612951,55.9379994],[39.0080758,55.9362133],[39.0442017,55.9501167],[38.885039,55.9451996],[38.8382112,55.913746],[38.7314302,55.9798749],[38.5979813,55.9812553],[38.5732421,55.9943187],[38.6125211,56.0153611],[38.530566,56.078399],[38.5103523,56.1327097],[38.5010911,56.1894725],[38.5280326,56.2134657],[38.4594541,56.2026174],[38.3961834,56.2661774],[38.4358048,56.2922281],[38.4129629,56.3277814],[38.4462512,56.3870797],[38.3817863,56.4006346],[38.4152146,56.4330691],[38.3943478,56.4597645],[38.3542849,56.4527986],[38.2984363,56.4949604],[38.339228,56.5151778],[38.2681027,56.5247685],[38.3629157,56.5814518],[38.3148131,56.6450552],[38.3043538,56.7599757],[38.2442987,56.7934634],[38.241535,56.760653],[37.9927099,56.7673216],[37.9840009,56.865396],[37.7984616,56.9088192],[37.7346175,56.9558346],[37.5319578,56.9094929],[37.572519,56.8667903],[37.4774222,56.7765864],[37.4429267,56.7965343],[37.2809509,56.7754305],[37.2491964,56.7453807],[37.2252607,56.7670633],[37.2430327,56.7869936],[37.0668314,56.7556214],[37.1742501,56.6964249],[37.1300137,56.6691206],[37.1591022,56.6519861],[37.1149927,56.6407185],[37.1475785,56.5868672],[37.0555477,56.526247],[36.803018,56.5974755],[36.8003708,56.5686151],[36.6528698,56.5232231],[36.6817212,56.498062],[36.6148586,56.517958],[36.537906,56.4726833],[36.4256187,56.4736752],[36.1265917,56.3995134],[36.0886671,56.3356617],[36.0499488,56.3732563],[35.8716253,56.3721202],[35.801089,56.406391],[35.7352719,56.3897207],[35.6202404,56.4770525],[35.5184568,56.4303333],[35.4284129,56.4544263],[35.4570089,56.4306903],[35.4176673,56.3829073],[35.5203231,56.39541],[35.4656976,56.3306214],[35.5023101,56.2594863],[35.3157909,56.2279909],[35.3631294,56.1788714],[35.2834149,56.1115943],[35.3380258,56.0926377],[35.1491349,55.9713509],[35.2044862,55.9194568],[35.1992791,55.8891257],[35.2269271,55.9088826],[35.2086372,55.8941466],[35.2831689,55.7998299],[35.3301221,55.7939413],[35.3447524,55.7437299],[35.304097,55.734377],[35.3370212,55.7027704],[35.3232503,55.6659814],[35.3901589,55.6111495],[35.3721381,55.575828],[35.296951,55.5756835],[35.3446851,55.5275857],[35.2890047,55.4723554],[35.3296583,55.4286921],[35.2586455,55.3298816],[35.3597759,55.2440604],[35.4462712,55.2290131],[35.5606456,55.2504208],[35.5730798,55.2902669],[35.7411561,55.2955777],[35.8428331,55.2323148],[35.9588793,55.2417997],[36.1135756,55.2100824],[36.1392558,55.1741348],[36.1904508,55.1933753],[36.264784,55.1714839],[36.3134709,55.1857342],[36.3849938,55.2944235],[36.5164304,55.2963007],[36.6008253,55.3512798],[36.627067,55.3160181],[36.6141387,55.2694668],[36.7632458,55.2698276],[36.8293553,55.195731],[37.0259868,55.2843746],[36.8560564,55.3803316],[36.8031012,55.4408329],[36.8162398,55.5083513],[36.9374106,55.5145682],[36.9777907,55.4937419],[36.9734462,55.4554605],[37.1495437,55.4384775],[37.0922795,55.4649172],[37.1398129,55.4734087],[37.0957269,55.6001139],[37.4154573,55.6647647],[37.4021617,55.6988389],[37.3262279,55.68276],[37.3924774,55.7059193],[37.370601,55.7881919],[37.3207023,55.7668207],[37.3079191,55.7972282],[37.3744812,55.7923635],[37.3939187,55.829862],[37.3320767,55.8462996],[37.411428,55.8709576],[37.372761,55.8816241],[37.377823,55.9211143],[37.3350259,55.9535891],[37.4224581,55.9513146],[37.3899171,55.9043205],[37.4266635,55.8774643],[37.5370259,55.9075556],[37.5194795,55.9417633],[37.5745199,55.9574097],[37.5559505,55.9090943],[37.7315551,55.8856186],[37.8297437,55.8305581],[37.8426549,55.7467345],[37.9674277,55.716249],[37.9447161,55.6971238],[37.9637963,55.6739042],[37.858176,55.7012543],[37.8411397,55.6551916],[37.7321735,55.5887973],[37.5984891,55.5744262],[37.5785039,55.5216793],[37.6113541,55.4896351],[37.5654849,55.487418],[37.5352652,55.4362787],[37.4452185,55.4818992],[37.3945731,55.4690068],[37.3735957,55.4453994],[37.4705403,55.3900254],[37.4051145,55.3365341],[37.4278176,55.3147269],[37.3827304,55.3167873],[37.4179872,55.2912782],[37.4053152,55.2505764],[37.3169676,55.2207156],[37.2715607,55.2588241],[37.2142064,55.2526908],[37.1633611,55.2315787],[37.169879,55.1643393],[37.0448159,55.143376],[37.0553798,55.1104579],[37.1163222,55.098063],[37.1181588,55.0634876],[37.0838062,55.05655],[37.1566435,55.0004043],[37.1342978,54.9913977],[37.1929945,54.9232556],[37.1655448,54.8665854],[37.2946292,54.826633],[37.3036049,54.8508018],[37.4563961,54.8388657],[37.5447874,54.7804279],[37.5479964,54.7376042],[37.6868694,54.7138473],[37.7630179,54.7438073],[37.779168,54.8156138],[37.7481599,54.8323696],[37.9366237,54.8500031],[37.9898544,54.8253125],[37.9539961,54.7806998],[38.0396567,54.7646729],[38.0277781,54.7184914],[38.3915154,54.6377457],[38.4566444,54.6535882],[38.5191725,54.5951145],[38.4461348,54.5725404],[38.4509561,54.5366771],[38.3761724,54.5264833],[38.3865166,54.4666383],[38.5273654,54.3950475],[38.5129104,54.2941034],[38.6659818,54.256714]],[[37.1316021,56.0164459],[37.2073752,56.0171497],[37.2682913,55.9678065],[37.149624,55.9622873],[37.1316021,56.0164459]],[[36.8880788,55.7344361],[36.9787545,55.7604866],[37.0413966,55.7191913],[37.1277753,55.7280823],[37.0041736,55.7054131],[37.0242523,55.7095857],[36.9620864,55.7299294],[37.0056864,55.7396562],[36.8880788,55.7344361]],[[37.8453271,55.8135622],[37.8999346,55.8151406],[37.8453271,55.8135622]],[[36.9007522,55.3148568],[36.9225665,55.3245102],[36.9007522,55.3148568]],[[37.290502,55.8019897],[37.290502,55.8019897]],[[37.791304,56.0071472],[37.791304,56.0071472]],[[37.7887247,56.0013886],[37.7887247,56.0013886]],[[37.8685109,55.8239188],[37.8685109,55.8239188]],[[37.2885672,55.6548667],[37.2885672,55.6548667]]]}},{"type":"Feature","properties":{"name":"Murmansk Oblast"},"geometry":{"type":"MultiPolygon","coordinates":[[[[40.51129,67.82386],[40.46514,67.82233],[40.5483301,67.80387],[40.5422101,67.8323899],[40.51129,67.82386]]],[[[32.3437001,67.0953597],[32.445006,67.0848463],[32.323666,67.1030414],[32.3437001,67.0953597]]],[[[32.3247605,67.1165532],[32.2869757,67.1140187],[32.3247605,67.1165532]]],[[[32.5735399,67.0033499],[32.52991,67.0280199],[32.5735399,67.0033499]]],[[[32.6275799,67.01716],[32.61137,67.0290101],[32.6275799,67.01716]]],[[[32.5697656,67.0490744],[32.6053851,67.0430762],[32.5697656,67.0490744]]],[[[32.5576599,67.072264],[32.5859907,67.0684618],[32.5576599,67.072264]]],[[[33.092258564988256,66.55890028141094],[33.5337211,66.5152592],[33.2461282,66.6237802],[33.2068051,66.5882941],[33.242489,66.5727886],[33.0649599,66.56902],[33.092258564988256,66.55890028141094]]],[[[34.3335816,66.6099762],[34.3670225,66.6226601],[34.3335816,66.6099762]]],[[[32.9259501,66.76971],[32.90325,66.7794201],[32.9259501,66.76971]]],[[[32.51963125,66.91278336484791],[32.559851,66.910451],[32.4848454,66.9201575],[32.51963125,66.91278336484791]]],[[[32.85344097698855,66.58325670184607],[32.82394,66.5922001],[33.0987301,66.5816599],[33.06212,66.5892199],[33.16793,66.6461499],[33.3246699,66.6108801],[33.2862801,66.62962],[33.3205101,66.63774],[33.1913301,66.6727199],[32.8547812,66.6914666],[32.6847001,66.74871],[32.8050001,66.7527401],[32.77729,66.7401701],[32.85441,66.71278],[32.8867101,66.7139599],[32.8191231,66.7416486],[32.9563093,66.7287485],[32.8514601,66.7747799],[32.6712853,66.7951165],[32.7091083,66.7941843],[32.5391511,66.8738557],[32.3876057,66.8689751],[32.5039824,66.8965841],[32.4486701,66.9168],[32.4900562,66.9287552],[32.4166899,66.9468599],[32.5284901,66.93266],[32.52087,66.95539],[32.5713312,66.9565031],[32.5659823,66.9768806],[32.4811044,67.0257391],[32.3109518,67.0392109],[32.2824134,67.0708089],[32.3540478,67.0697073],[32.2405098,67.1124626],[32.2812235,67.1289894],[32.2619089,67.1425583],[32.3165157,67.1372338],[32.3403634,67.1504521],[32.3227275,67.1673826],[32.7624839,67.0750768],[32.9982918,67.0839541],[32.7966699,67.0567099],[32.78903,67.0301101],[32.9500201,66.9087627],[33.5040395,66.7168368],[33.558186,66.7188346],[33.5431448,66.7336751],[33.6319224,66.7048357],[33.5191126,66.7664953],[33.6431146,66.7336557],[33.542053,66.7984619],[33.5462975,66.8276357],[33.6252442,66.7866175],[33.6068846,66.8519797],[33.6577229,66.7996419],[33.69083,66.8211399],[33.7352343,66.7709197],[33.8298347,66.7647063],[33.8204858,66.7223352],[33.8770999,66.6950599],[33.8518763,66.7167422],[33.8956392,66.7209886],[33.9249139,66.6855241],[34.0276167,66.686088],[34.0501902,66.7212701],[34.0148017,66.7485567],[34.053617,66.7601084],[34.0326357,66.7449515],[34.06869,66.72112],[34.0637637,66.6803897],[34.0974642,66.692448],[34.08101,66.70722],[34.1302795,66.7025115],[34.1637662,66.7424742],[34.1500063,66.786306],[34.1837917,66.7458143],[34.0928726,66.6740287],[34.1555876,66.6735374],[34.1796837,66.7033543],[34.2063883,66.6630087],[34.2526409,66.7137853],[34.2272524,66.6665569],[34.3180297,66.6595029],[34.3405329,66.68523],[34.3388619,66.6551076],[34.3518869,66.699368],[34.3811699,66.6455501],[34.5053499,66.6315244],[34.3671387,66.61881],[34.4615725,66.5411598],[34.6612819,66.5568419],[34.8107295,66.6078147],[35.204044,66.4682556],[35.32575,66.4712],[35.351526,66.425039],[35.5538923,66.3837326],[36.5170632,66.2756114],[37.14453,66.2424301],[37.655764,66.1164451],[37.9161135,66.0841727],[38.6839325,66.0657033],[38.8824888,66.1035534],[38.86206,66.1080101],[39.111,66.10188],[39.5118201,66.1957401],[39.99729,66.25427],[40.30447,66.3912199],[40.47779,66.4153201],[40.5578099,66.4509199],[40.546457,66.484128],[40.5804049,66.5165216],[40.6900685,66.5289292],[40.6931453,66.5840742],[40.78622,66.60403],[41.2109387,66.8222544],[41.28606,66.9351801],[41.2507621,66.9793433],[41.3438339,66.9900861],[41.3212499,67.07835],[41.3925901,67.113],[41.2765099,67.1383628],[41.3525701,67.1929901],[41.31397,67.2166899],[41.18952,67.20596],[41.0478401,67.27256],[41.1067701,67.295],[41.1190299,67.4074501],[41.0262899,67.45846],[40.9481916,67.4403175],[41.0141799,67.50681],[40.9538199,67.5567899],[41.01842,67.57708],[41.0374001,67.63388],[40.98285,67.6955399],[40.8970999,67.73106],[40.78576,67.7156599],[40.65299,67.80208],[40.5558999,67.7961301],[40.57585,67.7623499],[40.4821701,67.72212],[40.50014,67.74106],[40.2732801,67.8404701],[40.39351,67.8433899],[40.37697,67.88571],[40.2524543,67.8869855],[40.28722,67.91416],[40.192763,67.9116685],[40.22464,67.9320801],[40.01118,67.9834],[39.89634,68.0997699],[39.77218,68.1501399],[39.7394774,68.1568758],[39.87042,68.03276],[39.6365601,68.0367201],[39.7061361,68.0001883],[39.1706,68.19453],[39.08386,68.1669299],[39.10766,68.18376],[39.0890399,68.2044701],[38.9169201,68.2731999],[38.97411,68.27205],[38.7759,68.3042101],[38.6476104,68.3745904],[38.61034,68.3665701],[38.62617,68.3393599],[38.6008501,68.32816],[38.49427,68.34941],[38.7092,68.2967699],[38.78405,68.24492],[38.4573,68.35165],[38.43861,68.28814],[38.4061999,68.3033201],[38.42347,68.3612201],[38.3913801,68.3840599],[38.28718,68.35176],[38.3646199,68.3621],[38.3565199,68.40134],[38.3135,68.4137399],[38.3340679,68.416553],[38.2071305,68.4306651],[38.1957201,68.46181],[38.0852499,68.4813694],[38.06081,68.52285],[37.89782,68.59664],[37.80824,68.5879499],[37.82499,68.62668],[37.7372197,68.6258576],[37.8049699,68.64468],[37.5895321,68.7131895],[37.56076,68.6847699],[37.5578099,68.7255899],[37.4414099,68.7361201],[36.88167,68.91683],[36.78576,68.9048999],[36.8282364,68.9189726],[36.6219318,69.0009984],[36.5031079,68.9883754],[36.5367451,69.0102812],[36.2478001,69.0780355],[36.3137599,69.07648],[36.2878,69.0966899],[36.0983859,69.1088248],[36.0453448,69.1385177],[36.0667098,69.1001883],[36.0422223,69.083975],[35.9932288,69.13983],[35.83337,69.18947],[35.1559233,69.2534287],[35.2892413,69.203408],[35.1292866,69.1688103],[35.1665223,69.1135935],[35.1183401,69.1650216],[35.1274206,69.2026997],[35.0002202,69.2123816],[34.93863,69.16555],[34.9203401,69.1739301],[34.97845,69.21649],[34.9062,69.1971],[34.8791101,69.22502],[34.36451,69.26475],[34.40091,69.29219],[34.31628,69.30232],[33.8237299,69.3097099],[33.8876223,69.2663746],[33.8201445,69.2677474],[33.8398914,69.2752711],[33.8001699,69.29806],[33.6941193,69.2619593],[33.7427,69.30752],[33.65324,69.28896],[33.67311,69.3009001],[33.5948525,69.3012615],[33.4752814,69.3614708],[33.4062703,69.3491178],[33.5008883,69.3996139],[33.3280034,69.4281098],[33.0879046,69.3872683],[33.0620166,69.3508912],[33.0756864,69.3786247],[32.964992,69.3614279],[32.8817652,69.2756352],[32.8626239,69.300346],[32.888122,69.308001],[32.815042,69.325776],[32.8853135,69.3293683],[32.9355669,69.3687845],[32.9043467,69.3820644],[33.0725099,69.45248],[32.8998234,69.4424864],[32.8297556,69.4166552],[32.8050001,69.3728993],[32.8038801,69.4158296],[32.89965,69.4632],[32.6668001,69.48029],[32.60218,69.42929],[32.5778899,69.48163],[32.53771,69.4868901],[32.5134553,69.4621634],[32.4429304,69.4711439],[32.4078835,69.4426697],[32.4305894,69.4289282],[32.259892,69.4223435],[32.5025151,69.5016412],[32.3874399,69.5173601],[32.4381228,69.5547019],[32.1797,69.58667],[31.9932859,69.5417673],[32.05405,69.58846],[31.9531435,69.6284919],[32.0919201,69.6535799],[32.1456136,69.699921],[32.0908391,69.7249586],[32.1190239,69.7428783],[32.1878972,69.7000287],[32.1496467,69.6555608],[32.186111,69.6313132],[32.4233399,69.63428],[32.83954,69.5672999],[33.08635,69.64058],[33.0787549,69.6823402],[33.1064022,69.6782767],[33.079763,69.7076778],[33.1313319,69.714594],[33.1063703,69.7349052],[32.9192731,69.7729681],[32.5013901,69.7901347],[32.4813799,69.81184],[32.52202,69.83086],[32.0558515,69.9453425],[31.978787,69.9240377],[31.98689,69.9459301],[31.9189399,69.94936],[31.8881632,69.9059786],[31.9604838,69.8938049],[31.9812052,69.8658783],[31.9367971,69.8528176],[32.0949946,69.7649276],[32.0215354,69.7718324],[32.0533,69.74565],[31.7865201,69.8306699],[31.71884,69.7985],[31.68619,69.7052],[31.81536,69.64708],[31.5100499,69.68617],[31.53564,69.6564699],[31.4771525,69.6791668],[31.45284,69.6432399],[31.3869473,69.6385764],[31.382404,69.6097829],[31.2725447,69.5915556],[31.3717512,69.6225686],[31.358739,69.6450442],[31.44582,69.6892],[31.2015299,69.7408101],[31.2229899,69.70498],[31.1702799,69.7525001],[30.88584,69.7915101],[30.8219098,69.7883516],[30.8903199,69.7372932],[30.8740979,69.7149023],[30.9447649,69.6835386],[30.9229422,69.6687224],[30.9544753,69.6324329],[30.9465046,69.5762618],[30.8175646,69.5287678],[30.5160703,69.540501],[30.224023,69.653127],[30.085325,69.658111],[30.137807,69.643539],[30.188101,69.565826],[30.1194726,69.5136559],[30.115103,69.4683413],[30.035163,69.424947],[29.8521892,69.4230253],[29.57299,69.318517],[29.2907674,69.2969128],[29.279615,69.253687],[29.314093,69.233684],[29.24223,69.11306],[29.0567,69.01522],[28.929451,69.0519407],[28.4157777,68.9154505],[28.468076,68.8855137],[28.8014499,68.8693665],[28.7072131,68.732555],[28.4341202,68.5397946],[28.6478382,68.1959134],[29.3271337,68.0745162],[29.6593888,67.8029722],[30.0173409,67.6735689],[29.9305102,67.5228214],[29.616894,67.346394],[29.6445432,67.3359172],[29.5227095,67.3099172],[29.0405592,66.9618189],[29.0460644,66.8902661],[29.1055615,66.7900693],[29.3225257,66.6628613],[31.5758572,66.6540029],[31.6211615,66.5023781],[31.7919379,66.4952331],[31.8300299,66.3713752],[31.9369838,66.3510469],[32.3426614,66.3453928],[32.3603888,66.4751709],[32.5481494,66.4794872],[32.557279,66.5761015],[32.85344097698855,66.58325670184607]]],[[[39.63621,68.0521501],[39.59716,68.06322],[39.63621,68.0521501]]],[[[39.4712823,68.0810768],[39.5443268,68.069467],[39.4712823,68.0810768]]],[[[38.4775699,68.3579099],[38.5063599,68.3649101],[38.4634,68.3942799],[38.4334399,68.37962],[38.4775699,68.3579099]]],[[[37.7218801,68.69072],[37.7533799,68.69637],[37.7218801,68.69072]]],[[[37.51786,68.76163],[37.4634299,68.77909],[37.51786,68.76163]]],[[[37.35165,68.80044],[37.3788099,68.80358],[37.3015401,68.81581],[37.35165,68.80044]]],[[[36.3910099,69.05974],[36.3338764,69.0708232],[36.3910099,69.05974]]],[[[34.66358,69.2508799],[34.82836,69.2467799],[34.66358,69.2508799]]],[[[34.0534425,69.3346784],[34.1643299,69.3089668],[34.40592,69.3304999],[34.0958999,69.38846],[33.9649936,69.3424573],[34.0534425,69.3346784]]],[[[33.1009599,69.39291],[33.2165999,69.42015],[33.1458799,69.43863],[32.9781979,69.3773341],[33.1009599,69.39291]]],[[[32.6218801,69.46626],[32.65,69.48307],[32.6218801,69.46626]]],[[[31.54997,69.83481],[31.59335,69.83138],[31.54997,69.83481]]]]}},{"type":"Feature","properties":{"name":"Nenets Autonomous Okrug"},"geometry":{"type":"MultiPolygon","coordinates":[[[[59.4947229,66.8396333],[59.5894347,66.8342994],[59.4947229,66.8396333]]],[[[46.33622,68.2155099],[46.2805792,68.2558567],[46.33622,68.2155099]]],[[[53.8729552,68.2395251],[53.8945386,68.2541039],[53.8490921,68.2434009],[53.8729552,68.2395251]]],[[[46.2686734,68.3258661],[46.3752421,68.3102208],[46.313264,68.3572279],[46.1595807,68.3405691],[46.2686734,68.3258661]]],[[[53.92444835,68.36890710746043],[53.8538925,68.3460135],[53.8586269,68.3118277],[53.9496135,68.2837337],[53.9946499,68.3384494],[53.982874,68.3683208],[53.92444835,68.36890710746043]]],[[[53.8257851,68.3488945],[53.8612974,68.366277],[53.8257851,68.3488945]]],[[[50.8136541,68.3526105],[50.8907993,68.3730124],[50.8136541,68.3526105]]],[[[46.172331,68.3702552],[46.0650612,68.3941736],[46.172331,68.3702552]]],[[[46.0906917,68.4103572],[46.0145512,68.414794],[46.0906917,68.4103572]]],[[[51.2682985,68.489092],[51.0336006,68.4658102],[50.8103667,68.3787737],[50.851871,68.3628894],[50.8283999,68.3790499],[50.97097,68.4042899],[50.9660001,68.42554],[51.4829208,68.479446],[51.2682985,68.489092]]],[[[52.26651,68.4671999],[52.3823901,68.46672],[52.26651,68.4671999]]],[[[58.67725,70.44094],[58.72107,70.4538199],[58.6673201,70.45944],[58.67725,70.44094]]],[[[49.60125,68.68649],[49.6301299,68.69672],[49.3944299,68.66613],[49.60125,68.68649]]],[[[49.08083,68.66672],[49.1154884,68.668216],[48.7265947,68.6995185],[49.08083,68.66672]]],[[[65.4740169,68.4179545],[65.5426796,68.4811878],[65.6089957,68.489149],[65.5932407,68.5155113],[65.6705325,68.5636283],[65.436069,68.6467777],[65.4375688,68.675074],[65.4027148,68.6819669],[65.4637552,68.6955725],[65.4489276,68.7336896],[65.3509999,68.7285444],[65.3988332,68.7926358],[65.2094402,68.824516],[65.1280172,68.802908],[64.7885409,68.8935768],[64.7468792,68.8531115],[64.5572607,68.8676156],[64.5762807,68.8953148],[64.551408,68.9106638],[64.6287332,68.948163],[64.5192408,68.9770904],[64.5389476,69.0287952],[64.6967289,69.0722009],[64.720055,69.1124313],[64.8546904,69.1712666],[65.0250406,69.193918],[65.08344554719883,69.2592535283962],[64.9387615,69.2557692],[64.8879631,69.3115245],[64.91951,69.30628],[64.6772656,69.3872239],[64.14337,69.52864],[63.1117639,69.6836434],[61.4945599,69.76878],[61.1795612,69.8135407],[61.1031825,69.8607218],[61.05809,69.82726],[60.8526099,69.8556701],[60.72426,69.8104201],[60.7782399,69.7250499],[60.6954285,69.711506],[60.7140899,69.67497],[60.6134087,69.6509575],[60.32777,69.65994],[60.2141181,69.6231908],[60.1911315,69.5565079],[60.2453232,69.5372402],[60.2209505,69.5017767],[60.6348001,69.25683],[60.662418,69.120065],[60.7650963,69.090497],[60.7507075,69.1234032],[60.7824415,69.1590352],[60.890892,69.132206],[60.9686586,69.062764],[60.9427868,69.0493887],[60.9691553,68.9794906],[60.936258,68.9142762],[61.0974874,68.8768114],[61.0113005,68.8613484],[61.1524065,68.8411002],[60.9612775,68.8441124],[60.9777059,68.8776691],[60.8902379,68.8859107],[60.8040587,68.8667537],[60.5230415,68.707434],[60.064046,68.6682419],[59.9486102,68.7071377],[59.8060099,68.62147],[59.9630269,68.5050569],[59.9896317,68.4520302],[59.864033,68.3603071],[59.7629233,68.3555955],[59.6886653,68.3140828],[59.1215548,68.4050808],[59.1115331,68.4492987],[59.1700601,68.5192809],[59.0955251,68.547439],[59.099507,68.5729434],[59.0284622,68.5632869],[59.1243609,68.5824602],[59.19449,68.64103],[59.09285,68.6530601],[59.4787172,68.6826069],[59.2957739,68.7492693],[59.2901449,68.7759889],[59.3562859,68.7840537],[59.1621217,68.8844422],[58.87673,68.9133499],[59.31675,68.9716199],[59.0527132,68.9826157],[58.7908379,68.9637209],[58.0012777,68.811991],[57.9765882,68.8014387],[58.0374445,68.7978134],[58.0348884,68.7587668],[57.9720861,68.7343443],[57.9751916,68.758673],[57.6462831,68.7281355],[57.4997122,68.6380351],[57.4964378,68.5920002],[57.3008233,68.5262308],[57.0541705,68.5221496],[56.616926,68.6198538],[56.2670672,68.5865586],[56.0060749,68.6424136],[55.7283563,68.5498773],[55.3882276,68.5476016],[55.0073767,68.4233149],[54.86102,68.3146401],[54.9580732,68.2480236],[54.8796007,68.2109027],[54.90606,68.17431],[54.8657,68.1464301],[54.6350356,68.1823065],[54.5455007,68.2851268],[54.3208022,68.3159491],[54.34708,68.3392301],[54.1438014,68.287335],[54.0234918,68.2056987],[53.4932553,68.256552],[53.3407431,68.2265684],[53.1929332,68.2595885],[53.3107897,68.3423497],[53.3736447,68.3343032],[53.454178,68.3777692],[53.6565285,68.3171679],[53.6326839,68.3500447],[53.6558536,68.3680109],[53.5563724,68.3901471],[53.6799,68.3835801],[53.8262212,68.3263677],[53.8023898,68.3603608],[53.9381506,68.3965779],[53.917716,68.5041935],[53.729225,68.5979333],[53.7188112,68.631166],[53.8600252,68.7028208],[53.8264569,68.7392441],[53.8702601,68.7943801],[53.96705,68.7946001],[54.0001301,68.8322801],[53.6701519,68.8696298],[53.7352116,68.8441196],[53.72336,68.82393],[53.5752832,68.8716672],[53.62928,68.89648],[53.56781,68.8898801],[53.9474594,68.9517456],[54.5800678,68.9690356],[54.3301288,68.9881863],[53.8661601,68.9587001],[53.3456301,68.8765599],[52.28827,68.5968299],[52.40579,68.5813799],[52.53991,68.6259799],[52.4805501,68.6139],[52.50854,68.6002999],[52.48585,68.5753501],[52.7640501,68.4822001],[52.6949201,68.41486],[52.4164001,68.3288801],[52.2103099,68.33093],[52.15687,68.3734701],[52.3055444,68.4164569],[52.30552,68.4574101],[52.2285315,68.4467499],[52.1988315,68.4517388],[52.25507,68.4685399],[52.2236599,68.4884],[52.1183601,68.50715],[52.07259,68.4735201],[51.9921799,68.50881],[52.1522899,68.51185],[52.21572,68.57518],[51.77711,68.4866],[51.5487227,68.4837742],[51.5102981,68.4479118],[51.59577,68.4344199],[51.4073808,68.4245703],[51.089662,68.3415083],[50.8287621,68.3353254],[50.7862166,68.3526387],[50.8075667,68.3731612],[50.0493744,68.0824756],[50.0535901,68.01568],[50.19052,67.9964701],[50.10024,68.02022],[50.07022,67.99706],[50.0386486,68.0517099],[49.9057101,67.99],[49.8134,68.0060599],[50.0167242,68.0501125],[50.0598223,68.0961019],[49.5831804,67.950071],[49.04618,67.83157],[49.0759464,67.812246],[49.03159,67.8275801],[49.0610299,67.8350499],[48.7797778,67.8463526],[48.5917399,67.9136],[48.7776399,67.8290301],[48.79093,67.76062],[48.7420254,67.6962361],[48.4590999,67.6344999],[48.3465801,67.6655199],[48.2539701,67.65269],[48.1313328,67.6130711],[48.09506,67.58184],[48.1184501,67.57371],[48.06727,67.5769901],[48.07694,67.61519],[47.9919747,67.6418229],[47.83432,67.57919],[47.8899701,67.54929],[47.85111,67.52669],[47.93909,67.44887],[47.7721,67.33413],[47.76265,67.27519],[47.7941699,67.23907],[47.6680431,67.1883176],[47.7663104,67.1317757],[47.7503831,67.0053398],[47.5923114,66.922765],[47.5942466,66.8959222],[47.4006999,66.9168599],[46.65957,66.8090901],[46.5620413,66.823914],[46.6026369,66.8357151],[46.53789,66.86543],[46.0112712,66.8155413],[46.00262,66.8447901],[45.8384499,66.88768],[45.72711,66.8851599],[45.8158999,66.89419],[45.6176793,67.0633695],[45.6225301,67.12171],[45.58525,67.15573],[44.92298,67.3060799],[44.92097,67.4134501],[44.9980899,67.50013],[44.9740599,67.50524],[45.19192,67.5763301],[45.3077099,67.5739801],[45.3391275,67.6664095],[45.2373066,67.6784404],[45.4693098,67.7425651],[45.8481314,67.7538742],[46.3332801,67.82141],[46.69268,67.8083601],[46.7119501,67.85445],[46.67754,67.8722801],[46.70446,67.8910999],[46.6462588,67.9029619],[46.5413349,68.0127454],[46.5277053,68.0978372],[46.4086471,68.1000801],[46.5493523,68.1005286],[46.52459,68.12938],[46.3518782,68.206894],[46.3790025,68.1714055],[46.3084298,68.1866379],[46.1108011,68.2949707],[45.9952101,68.3123576],[46.0350368,68.3299316],[45.8045369,68.4679155],[46.0322307,68.4285982],[45.5375578,68.5170029],[44.7836786,68.5522183],[44.0631327,68.5317305],[43.4714561,68.6644049],[43.2704424,68.6561896],[44.2158207,68.2849338],[44.2258424,68.1868336],[44.14961,68.00921],[44.1781854,67.960516],[44.09526,67.838107],[44.1468162,67.7593183],[44.0685906,67.6803521],[44.23313,67.6693269],[44.1366471,67.6767312],[44.13397,67.6243699],[44.099865,67.6183943],[44.158482,67.6031743],[44.1364829,67.6018097],[44.09725,67.6195701],[44.1315525,67.6236614],[44.1128431,67.6372143],[44.1484283,67.6677302],[44.0681601,67.6598],[43.8016208,67.3444706],[43.7704501,67.2410499],[43.7798725,67.1952697],[43.9089275,67.1514999],[44.055861,67.1624438],[44.1786011,67.1306756],[44.3230194,67.0630059],[44.3086615,67.0369477],[44.5255328,66.8972787],[44.5476164,66.9093774],[44.47859,66.88852],[44.50984,66.83851],[44.49105,66.8213201],[44.36344,66.7748501],[44.47802,66.67095],[44.5795801,66.6527099],[44.4305436,66.6272949],[44.3902919,66.5771945],[44.383723,66.4989303],[44.25026291025682,66.43597027500539],[44.5207532,66.3616207],[44.5895235,66.2975766],[44.8549379,66.2305711],[45.2675407,66.178248],[45.7258301,66.069019],[45.8484939,66.085428],[46.3471046,66.0382873],[47.1447581,65.8213054],[47.7974182,65.8378952],[47.8435295,65.8553392],[47.7492265,65.9064585],[47.9110418,66.032277],[48.0291324,66.0132812],[48.0846471,66.1292538],[49.0004687,66.1135711],[51.5449474,66.7749746],[51.4839203,66.83455],[51.5358461,66.8575029],[51.5438059,66.8839156],[51.4997437,66.9159064],[51.5200954,66.9392295],[51.777953,66.9217842],[51.8019207,66.9436865],[51.749077,66.9488571],[51.866136,66.9721148],[51.8380665,66.9871026],[51.869666,66.9966938],[51.8253465,66.9988072],[52.0595137,67.0295294],[52.0296436,67.0571902],[52.1522299,67.101172],[53.8754797,67.0014801],[59.9781106,67.0004961],[59.9161883,66.9731776],[59.9281187,66.9506583],[60.1098549,67.0006373],[61.3451101,67.0013577],[61.3852931,66.9728081],[61.4589895,66.9838943],[61.4673775,67.0110595],[61.6010107,66.9922192],[61.7160501,67.0305662],[61.7386174,67.1021184],[62.8656016,67.3700197],[62.8497784,67.3827798],[62.9148452,67.4123989],[62.9173023,67.4480675],[62.8377729,67.5169038],[62.9267574,67.5404307],[62.9146074,67.6002497],[63.0941439,67.6309738],[63.153326,67.6944146],[63.3079463,67.7143352],[63.3342099,67.7524806],[63.428918,67.7695458],[63.7580262,67.7244008],[63.7739113,67.7466857],[63.6914421,67.774719],[63.706185,67.8062553],[63.8683334,67.8266602],[63.9967946,67.8926899],[63.9308158,67.920959],[63.9404336,67.9631814],[63.8677109,68.0329095],[64.367725,68.1275662],[64.3974212,68.1603667],[64.351486,68.161868],[64.4512099,68.2005792],[64.5787204,68.194832],[64.5801335,68.2644221],[64.5292922,68.2802239],[64.5279437,68.3241877],[64.5847399,68.3568179],[64.8041731,68.409016],[65.0295582,68.3805412],[65.1151104,68.4150534],[65.3003721,68.3944491],[65.4740169,68.4179545]]],[[[57.9555324,68.7809843],[57.9397146,68.8009095],[57.2291705,68.7084027],[57.9099719,68.7483157],[57.8916951,68.7594189],[57.9555324,68.7809843]]],[[[59.3875099,68.762899],[59.4171135,68.7781227],[59.3803785,68.7838251],[59.3875099,68.762899]]],[[[49.44049,68.7775099],[49.59102,68.82333],[49.44049,68.7775099]]],[[[54.37799,68.78546],[54.41031,68.78991],[54.19609,68.8220799],[54.37799,68.78546]]],[[[60.9700817,68.8472557],[61.0004377,68.8564483],[60.9700817,68.8472557]]],[[[48.25713,68.8519899],[48.2209599,68.86637],[48.25713,68.8519899]]],[[[59.47085,69.05028],[59.3979501,69.0633399],[59.5033701,69.0283299],[59.47085,69.05028]]],[[[50.1789931,69.0455091],[50.2135378,69.0775913],[50.1789931,69.0455091]]],[[[49.74446,68.87305],[49.8566801,68.9117801],[49.74446,68.87305]]],[[[55.3597835,68.9193643],[55.5447959,68.9097145],[55.3597835,68.9193643]]],[[[54.9151199,68.93139],[55.0345374,68.9260593],[54.9151199,68.93139]]],[[[50.0000001,68.92585],[49.9757501,68.92218],[50.1237301,68.96787],[50.0000001,68.92585]]],[[[54.6056428,68.9662547],[54.6705043,68.980285],[54.6056428,68.9662547]]],[[[48.735500075,68.72630367940616],[48.75433,68.7073201],[49.1870601,68.75695],[49.3428322,68.7863837],[49.31009,68.8032999],[49.57758,68.83548],[49.5281,68.83271],[49.57816,68.8382801],[49.55301,68.85271],[49.65172,68.8508899],[49.78914,68.93828],[49.7669899,68.94788],[49.90235,68.99556],[49.75736,68.99402],[49.92324,69.0377599],[49.9687501,69.0664201],[49.95559,69.0827],[50.04453,69.0935401],[50.0481401,69.12619],[50.2251599,69.14434],[50.2255701,69.1939501],[50.30914,69.1268299],[50.11479,69.2650901],[49.33455,69.49053],[48.9812625,69.4968137],[48.74279,69.45983],[48.45707,69.34674],[48.3314178,69.2593889],[48.22081,69.03347],[48.2983499,69.0335299],[48.21991,69.02248],[48.21511,68.95796],[48.25283,68.97878],[48.2233199,68.9604899],[48.2629999,68.93031],[48.21502,68.95732],[48.2099501,68.92006],[48.2271999,68.80944],[48.2966501,68.75078],[48.4304299,68.7192],[48.23713,68.8071999],[48.21721,68.90406],[48.2282099,68.87237],[48.34409,68.8435201],[48.26969,68.85059],[48.3092101,68.82577],[48.3663601,68.8431999],[48.3193301,68.82481],[48.4557899,68.79879],[48.4071999,68.7908201],[48.57778,68.74985],[48.5423899,68.74095],[48.6478601,68.6980099],[48.58057,68.7020099],[48.72296,68.6924],[48.68553,68.6959099],[48.7153501,68.7270001],[48.64882,68.72973],[48.70695,68.7294799],[48.6923699,68.7514799],[48.7711501,68.7234599],[48.735500075,68.72630367940616]]],[[[61.2604523,69.8351843],[61.1727333,69.8636284],[61.2604523,69.8351843]]],[[[59.27275,69.1317901],[59.3371,69.1096999],[59.29539,69.1389101],[59.30165,69.1812801],[59.27275,69.1317901]]],[[[59.0624,69.2962638800068],[58.7952232,69.340498],[58.7341118,69.3881702],[58.7666517,69.374726],[58.7344551,69.3579336],[58.7651825,69.3294119],[59.1879845,69.2313283],[59.25673,69.1294501],[59.27364,69.18165],[59.2505501,69.21571],[59.2834282,69.2260928],[59.0624,69.2962638800068]]],[[[58.5348129,69.4750752],[58.4680367,69.4602038],[58.5727501,69.465142],[58.5348129,69.4750752]]],[[[60.1689459,69.6863579],[60.2154722,69.6654561],[60.1689459,69.6863579]]],[[[59.48161,69.8321199],[59.5168201,69.8384],[59.45697,69.8433399],[59.48161,69.8321199]]],[[[59.40803,69.85407],[59.4870101,69.8621],[59.40803,69.85407]]],[[[58.54772119852454,70.3124],[58.8160899,70.23507],[58.83935,70.2120901],[58.81445,70.1993001],[58.88549,70.18451],[58.4226299,70.25831],[58.4347401,70.23674],[58.40523,70.23596],[58.46616,70.23239],[58.4528699,70.21538],[58.4907601,70.1966599],[58.4907601,70.22797],[58.5751401,70.2008],[58.4692099,70.17971],[58.5578399,70.18638],[58.53472,70.1794201],[58.5602799,70.14878],[58.60344,70.1816301],[58.62547,70.16481],[58.59513,70.1520501],[58.6474201,70.14736],[58.59135,70.1469699],[58.65562,70.12142],[58.5641501,70.1203701],[58.65962,70.09778],[58.61047,70.06397],[58.7978699,69.9655399],[58.97803,69.9228499],[59.06608,69.85728],[59.18366,69.8535699],[59.1101201,69.90432],[58.9841701,69.92223],[58.9501599,69.96726],[59.2647888,69.8845971],[59.4038913,69.8798525],[59.40616,69.9015801],[59.6770101,69.8299099],[59.64816,69.82447],[59.74399,69.78079],[59.59535,69.7927599],[59.57259,69.7578],[59.63359,69.74053],[59.5848401,69.70698],[59.9228201,69.6942699],[59.9838601,69.6569099],[59.9629,69.69641],[60.05208,69.68132],[60.0172528,69.7171524],[60.2689297,69.6746536],[60.23742,69.6969399],[60.4065889,69.7042117],[60.37838,69.74214],[60.4991341,69.7048033],[60.4698658,69.7142981],[60.5191326,69.7196538],[60.475359,69.7498583],[60.5663395,69.7964479],[60.4760456,69.8532841],[60.4157925,69.8523381],[60.474844,69.8538163],[60.44676,69.8874601],[60.4829509,69.9043063],[60.4540201,69.9292899],[60.3340701,69.92468],[60.3393299,69.9529799],[60.05899,70.06062],[60.04418,70.0925999],[59.77227,70.11391],[59.8137,70.1368],[59.586295,70.2044515],[59.3873199,70.3396499],[59.0905397,70.4315121],[59.0747946,70.4635343],[58.79788,70.4244501],[58.7643701,70.4027899],[58.79791,70.38584],[58.7673899,70.3541901],[58.66382,70.3418799],[58.64836,70.3101899],[58.5113599,70.3235299],[58.54772119852454,70.3124]]]]}},{"type":"Feature","properties":{"name":"Novgorod Oblast"},"geometry":{"type":"Polygon","coordinates":[[[30.9787568,56.9698974],[31.0309011,56.9875802],[31.1009482,56.930977],[31.3214235,56.9533689],[31.308221,56.9376807],[31.3961943,56.9093961],[31.4417348,56.9544359],[31.5310031,56.9465776],[31.6467492,57.0033132],[31.7028371,56.9932504],[31.6473913,57.026185],[31.7557278,57.1140473],[31.8800867,57.1308351],[31.901212,57.1146125],[31.8821547,57.0945411],[31.9266818,57.0802331],[32.1034015,57.1867135],[32.2503493,57.2025555],[32.2363728,57.2551139],[32.3771294,57.2246486],[32.3919484,57.260135],[32.485477,57.2824374],[32.5413303,57.3396433],[32.6316785,57.3348588],[32.7069194,57.4340253],[32.7885797,57.4671921],[33.0504864,57.4298995],[33.0783503,57.4661131],[33.1273412,57.4652207],[33.1849095,57.4539609],[33.177577,57.4223115],[33.2640333,57.4219199],[33.231411,57.5353698],[33.3185865,57.583298],[33.306631,57.6485291],[33.4208621,57.7022684],[33.4765416,57.6793531],[33.5096639,57.7288088],[33.5931187,57.7276175],[33.5465969,57.7626547],[33.5449912,57.8362576],[33.5753122,57.8439423],[33.5473517,57.8511639],[33.6818908,57.8999909],[33.6683477,57.9610453],[33.6927277,57.9904292],[33.5285636,58.0584089],[33.5941032,58.0905127],[33.5859552,58.1204755],[33.6353165,58.1073346],[33.7058737,58.170305],[33.780013,58.1697946],[33.8029655,58.1378069],[33.928132,58.1632922],[33.998275,58.2133948],[34.0260129,58.1842898],[34.1806943,58.2127545],[34.3361185,58.1609016],[34.4724918,58.1547744],[34.5047162,58.1148223],[34.5969311,58.1184184],[34.6716455,58.0734704],[34.7214947,58.0903025],[34.7118005,58.1540158],[34.7366031,58.1721417],[34.6894961,58.200132],[34.7934836,58.2459718],[35.0574689,58.1943383],[35.2571675,58.2741991],[35.283327,58.36566],[35.2473099,58.3835712],[35.3039366,58.4097689],[35.4706565,58.4099947],[35.4601227,58.4286589],[35.5165293,58.4476706],[35.6448817,58.4601697],[35.7327413,58.4340814],[35.7777898,58.4528985],[35.7681094,58.4322379],[35.8353183,58.4158398],[35.939633,58.4230269],[35.9180089,58.4398655],[35.9415354,58.4648412],[36.0197003,58.4591651],[36.1816824,58.5116496],[36.2289187,58.6001787],[36.1276886,58.6239724],[36.1535565,58.6328272],[36.1111389,58.7224373],[36.019766,58.7283734],[35.9952289,58.7040589],[35.9709113,58.7225837],[35.9958892,58.7350225],[35.9164765,58.7393765],[35.9734427,58.7492567],[35.7832029,58.7536981],[35.7449925,58.8221298],[35.8287758,58.8126633],[35.7563303,58.8423178],[35.5792604,58.8103159],[35.5525671,58.8473331],[35.3602649,58.8468786],[35.2890175,58.7674876],[35.2244815,58.7913755],[35.2267712,58.8299274],[35.128426,58.8152497],[35.1383088,58.885517],[35.199426,58.918847],[35.1788602,58.9488188],[35.0074723,58.9265683],[35.0501428,58.9496928],[34.9622712,58.9482699],[34.9640186,58.9723896],[34.8543638,59.005326],[34.8971151,59.0491055],[34.7190928,59.077804],[34.725364,59.0980023],[34.6584141,59.1214647],[34.4231253,59.1446809],[34.3500962,59.2040586],[34.2841701,59.1781547],[34.2152041,59.2052271],[34.2032791,59.1738362],[34.1057414,59.1701577],[34.0990117,59.1374498],[33.946848,59.1872956],[33.9274177,59.238113],[33.9078462,59.2073257],[33.8001013,59.2006653],[33.8195263,59.2344892],[33.7735714,59.2830197],[33.62203,59.3277983],[33.6302949,59.3824943],[33.3484008,59.3852518],[33.3427711,59.3151532],[33.2620624,59.3209324],[33.2347301,59.3624386],[33.1551911,59.3838583],[33.066544,59.3795031],[33.0480653,59.4230949],[32.9661061,59.4202024],[32.92141,59.3486222],[32.8469212,59.348621],[32.7324492,59.2714411],[32.7701725,59.2186483],[32.7259081,59.1484576],[32.6256007,59.1099991],[32.5787684,59.1152285],[32.5820708,59.1397741],[32.4515951,59.1081353],[32.3927608,59.141917],[32.4828032,59.1502524],[32.318439,59.1807663],[32.282489,59.2007286],[32.317272,59.2385045],[32.2799184,59.2588663],[32.3154862,59.2600891],[32.2978754,59.2787693],[32.199722,59.290302],[32.262054,59.3264673],[32.2452091,59.3440431],[32.2568514,59.3257979],[32.1954588,59.3032532],[32.2263707,59.3551514],[32.1755571,59.324195],[32.1183471,59.3840052],[31.9664963,59.4072371],[31.9872468,59.4201893],[31.9643218,59.4327634],[31.9017341,59.3733423],[31.807288,59.3527608],[31.787215,59.3352822],[31.8229896,59.3260419],[31.7986752,59.312807],[31.7414677,59.3153139],[31.7641436,59.3391927],[31.7109245,59.3369978],[31.7348025,59.3515356],[31.6802867,59.3702483],[31.5524043,59.369069],[31.5341861,59.317248],[31.5644786,59.2993461],[31.52924,59.2847937],[31.5856552,59.2356344],[31.4997113,59.2069562],[31.4811572,59.1015629],[31.3521325,59.0534339],[31.3711461,59.0264716],[31.2186776,59.0082553],[31.1313703,59.0893298],[30.9711504,59.0438473],[30.9642674,59.0168091],[31.0032754,59.0002923],[30.9224259,58.9215033],[30.7621843,58.8565241],[30.6827199,58.8587179],[30.67888,58.8335285],[30.728272,58.8139193],[30.712765,58.7290032],[30.6823997,58.7137464],[30.6641786,58.7365756],[30.5860334,58.7044702],[30.5618321,58.7265687],[30.4064406,58.7028758],[30.3426391,58.7593801],[30.1350061,58.7490977],[30.1029094,58.724361],[30.1489723,58.6939449],[30.0604787,58.6613801],[30.1251997,58.6468574],[30.0725289,58.6283197],[30.1679854,58.5314246],[30.0933822,58.5027091],[30.1328955,58.4920084],[30.0622129,58.474007],[30.0564708,58.4438967],[29.8852791,58.4426466],[29.9226711,58.4407111],[29.8793805,58.4232712],[29.913505,58.3905099],[29.8925603,58.3748554],[29.9330633,58.3626001],[29.9166474,58.3105054],[29.8570801,58.30419],[29.8224784,58.2582782],[29.6187256,58.2516728],[29.7047613,58.1703365],[29.6287755,58.1002137],[29.6545909,58.0811804],[29.7907185,58.0913895],[29.8948785,58.0417878],[29.9866962,58.0485476],[29.9604275,58.0113268],[29.8766065,57.9965373],[29.8665261,57.9501325],[30.0714986,57.9588478],[30.2002868,57.8947855],[30.330765,57.9168134],[30.5335753,57.8731627],[30.5118658,57.8060424],[30.4172103,57.7816907],[30.4950116,57.771958],[30.4734189,57.7244329],[30.4943884,57.7209863],[30.4522603,57.6879995],[30.5188092,57.6424714],[30.6806267,57.6440539],[30.4633769,57.5218728],[30.5304031,57.5016706],[30.4273802,57.4294731],[30.4147436,57.3871034],[30.4578325,57.3642197],[30.4768862,57.3725503],[30.4517025,57.3984025],[30.5226534,57.3954355],[30.4650148,57.3448304],[30.7456628,57.2632079],[30.6301841,57.1739019],[30.687549,57.1490246],[30.688803,56.9828498],[30.7655008,56.9457],[30.8435365,56.9569998],[30.8376014,56.9324876],[30.9787568,56.9698974]]]}},{"type":"Feature","properties":{"name":"Novosibirsk Oblast"},"geometry":{"type":"Polygon","coordinates":[[[85.1159569,54.43783],[84.9311654,54.6087717],[85.0111578,54.6375015],[85.0040514,54.6798591],[84.8951244,54.7285333],[84.9642727,54.7812361],[85.0132169,54.7796196],[85.0026573,54.8000059],[85.088096,54.81637],[84.971513,54.9448037],[84.8875369,54.9521494],[84.8370133,54.99691],[84.9055964,55.0586782],[84.9271886,55.1636081],[84.8182678,55.2270907],[84.915761,55.277748],[84.9168723,55.3242911],[84.859235,55.3752637],[84.6938533,55.3728054],[84.620791,55.4042164],[84.7556479,55.467454],[84.7277488,55.5230451],[84.7855242,55.529037],[84.741812,55.6422076],[84.6792849,55.6529884],[84.7113569,55.6690357],[84.5400453,55.7180522],[84.5272851,55.7610334],[84.607746,55.765559],[84.6077714,55.7996464],[84.5520873,55.8016047],[84.5748506,55.8328536],[84.4560665,55.8943035],[84.5362378,55.9221702],[84.4807604,55.9553241],[84.5284828,55.9527857],[84.5711958,56.004842],[84.54696,56.0256191],[84.4723407,56.0158053],[84.4381031,56.0423287],[84.3425631,55.980996],[84.2100021,56.0598686],[83.9502448,56.0150555],[83.7398716,55.8363597],[83.7353593,55.786027],[83.6436337,55.7486956],[83.6649606,55.7420303],[83.6078309,55.7041824],[83.6276761,55.618778],[83.6049411,55.6058384],[83.5854043,55.6707651],[83.5017495,55.7066908],[83.4435393,55.6702255],[83.4224918,55.6766531],[83.4454891,55.7230987],[83.3151024,55.6890079],[83.210779,55.7303187],[83.3164556,55.8558748],[83.382134,55.8526805],[83.3756851,55.8960179],[83.400827,55.8951823],[83.31371,55.9611713],[83.3403788,55.979045],[83.2295709,56.0120055],[83.2337477,56.0562692],[83.3021455,56.0955921],[83.2736644,56.1141543],[83.2213241,56.0861635],[83.1293895,56.1203564],[83.2119112,56.2077382],[83.0648401,56.2304766],[83.1929881,56.3279879],[83.1442188,56.3759431],[83.2883744,56.4427966],[83.108747,56.5503077],[83.0282129,56.5164567],[82.9461588,56.5377594],[82.8079714,56.5161726],[82.7914919,56.4647124],[82.8246225,56.4348278],[82.7482332,56.3996003],[82.6895961,56.4255173],[82.5006975,56.4052997],[81.5734033,56.2418883],[81.2202737,56.5375928],[80.2635167,56.4224455],[79.5885764,56.9231601],[78.4320825,57.1173424],[78.4475134,57.1653867],[76.9214195,57.1583701],[76.6955829,57.2127836],[76.0947282,57.2353136],[76.1992123,56.9482216],[76.2636563,56.8874402],[76.2412685,56.8263125],[76.2891444,56.6971197],[76.1360945,56.6619216],[76.1502646,56.6166544],[76.035876,56.6082744],[75.9607657,56.5074558],[75.8351776,56.4810411],[75.8313999,56.4191061],[75.8999004,56.4141803],[75.9826101,56.4655727],[76.0877692,56.4590778],[76.1238009,56.4240975],[76.0647359,56.4191612],[76.09903,56.3009982],[76.0781251,56.2977716],[76.1183488,56.2593976],[76.1724646,56.2818753],[76.3027434,56.1556197],[76.1386144,56.121431],[76.1209211,56.1548854],[76.0140151,56.1636772],[75.9595448,56.1151033],[75.7315793,56.1126353],[75.6534124,56.036933],[75.5284925,56.0316779],[75.5143394,55.996722],[75.2624275,55.8441218],[75.3673354,55.8053221],[75.3693743,55.7406646],[75.1044151,55.7564248],[75.08801,55.7268302],[75.1295074,55.7098888],[75.1154612,55.6859772],[75.2563594,55.6255028],[75.1407693,55.583898],[75.2208018,55.5406161],[75.3123523,55.5379658],[75.3217371,55.4980497],[75.1622604,55.4471264],[75.1986295,55.4257019],[75.0915368,55.3766335],[75.1776108,55.3524169],[75.2030403,55.2852471],[75.2763198,55.2429478],[75.2937628,55.1711409],[75.2603511,55.1297396],[75.3145111,55.1268596],[75.3143952,55.0669993],[75.3705887,55.068434],[75.407364,54.9914551],[75.3308154,54.913586],[75.5181557,54.9132953],[75.4928234,54.8842814],[75.5299345,54.8034723],[75.6406611,54.8096882],[75.6858183,54.6742071],[75.8007974,54.696677],[75.8513909,54.610047],[75.8044885,54.5408842],[75.6908306,54.5481475],[75.6887772,54.1226252],[76.2013926,54.2597987],[76.2278221,54.2760958],[76.1864842,54.3015526],[76.2572897,54.3592714],[76.475925,54.3182396],[76.645675,54.3367779],[76.7297592,54.4180291],[76.9289614,54.4577679],[76.9524626,54.4157668],[76.7807245,54.3776524],[76.8602013,54.3611444],[76.8785671,54.3017602],[76.7564658,54.161826],[76.6450202,54.1244476],[76.6162802,54.1620049],[76.44044,54.1673306],[76.434915,54.1225724],[76.5040997,54.0317861],[77.9065061,53.29141],[77.8891426,53.3673743],[77.9409826,53.3571089],[77.9658091,53.3900219],[77.9174387,53.420739],[77.9224283,53.4484096],[78.0707913,53.4389261],[78.0735141,53.4734622],[77.9287897,53.5060875],[77.9103656,53.5724644],[78.1087448,53.5761242],[78.1563986,53.585845],[78.156556,53.6218808],[78.2275519,53.6183205],[78.2449238,53.5005155],[78.3632249,53.4755521],[78.5003079,53.5303815],[78.6446885,53.5131975],[78.6520925,53.5823173],[78.6160624,53.6368895],[78.6902647,53.651486],[78.7076614,53.630875],[78.9420881,53.6766374],[79.0406401,53.6526804],[79.0880536,53.6982447],[79.25787,53.6773163],[79.3854911,53.7101888],[79.4218173,53.6781622],[79.6395902,53.7436991],[79.6236994,53.7945381],[79.6662945,53.8102689],[79.8876754,53.8420603],[79.8496577,53.8910806],[79.8647509,53.914954],[80.0931794,53.9905106],[80.050758,54.0447297],[80.1916334,54.0794639],[80.218595,54.0315194],[80.4597615,54.1155699],[80.5172966,54.1052895],[80.5712397,54.1248909],[80.5348934,54.1695466],[80.7971163,54.2575696],[80.8158933,54.2335097],[80.8637378,54.2459537],[80.8121569,54.3433616],[80.9517245,54.375455],[81.1319965,54.1117577],[81.3225152,54.0909938],[81.3840778,54.0513772],[81.4676176,54.0756577],[81.4941206,54.0288071],[81.6138041,54.0203438],[81.5657007,54.004292],[81.5403908,53.9058417],[81.6647847,53.9812225],[81.7308424,53.9863908],[81.7056559,53.973573],[81.7506332,53.9476534],[81.8325389,53.9642994],[81.8363903,53.8711],[81.7210567,53.8433349],[81.7524134,53.8042658],[81.7150044,53.7766058],[81.7961373,53.743773],[81.8174782,53.6852307],[81.9563927,53.7195174],[82.1385799,53.6472311],[82.1914309,53.6780904],[82.155514,53.6041081],[82.2037671,53.61685],[82.2088171,53.5889006],[82.3306254,53.5648879],[82.3699016,53.5134752],[82.4869823,53.4939691],[82.5806937,53.506373],[82.5021258,53.5473106],[82.6655532,53.6423025],[82.6210752,53.6692613],[82.760436,53.7497528],[82.714469,53.7775176],[83.0886125,53.9906407],[83.1107997,53.9790204],[83.0844601,54.0063373],[83.1978437,54.0658048],[83.2749967,54.051269],[83.3012323,54.0849268],[83.3491966,53.9342806],[83.4504543,53.9473909],[83.4422578,53.9737416],[83.488263,53.9783164],[83.4759464,54.0632094],[83.5541405,54.1092291],[83.7290107,54.1009735],[83.8290921,54.1278201],[83.8836109,54.1214129],[83.8556951,54.088543],[83.8781904,54.079841],[84.2293351,54.1934538],[84.2792108,54.1566239],[84.3977994,54.1779414],[84.4371813,54.1387763],[84.5510349,54.1619377],[84.5760162,54.2358862],[84.6409018,54.2790766],[85.1159569,54.43783]]]}},{"type":"Feature","properties":{"name":"Omsk Oblast"},"geometry":{"type":"MultiPolygon","coordinates":[[[[75.1094284,58.5757191],[74.9511062,58.4935862],[74.9117831,58.4280162],[74.6696693,58.3562954],[74.6271845,58.2873289],[74.2196308,58.1362977],[73.1282875,58.1553042],[72.8757622,58.0045402],[72.8115362,57.9967477],[72.1671564,58.0146979],[72.0899056,58.0863348],[71.9901959,58.1158434],[71.2135228,58.0531576],[71.2378378,58.3278587],[71.3115762,58.3834537],[71.1441618,58.4462353],[71.1018293,58.4278089],[71.1152973,58.4769587],[71.073783,58.5049626],[70.8504386,58.5275288],[70.439796,57.9387888],[70.3770963,57.9404404],[70.3583816,57.901293],[70.4266585,57.893274],[70.3923358,57.7824647],[70.556548,57.7197809],[70.5988642,57.5772224],[70.6464442,57.5882993],[70.6902006,57.5537866],[70.6856931,57.5155409],[70.5783499,57.458047],[70.4182356,57.4151139],[70.3692134,57.3720481],[70.3723492,57.3294369],[70.4588305,57.2823991],[70.6065416,57.2800581],[70.629275,57.2342881],[70.5819321,57.2056695],[70.689253,57.1995567],[70.7785614,57.2648232],[70.7124095,57.2984016],[70.7748974,57.3243016],[70.7867952,57.3649791],[71.0068122,57.3773029],[70.9746343,57.3515518],[71.0650087,57.3508922],[71.0529049,57.2935754],[71.0950104,57.2873797],[71.070508,57.2589792],[71.1156045,57.2023978],[71.2294102,57.1746569],[71.2972964,57.0852445],[71.604991,56.9329288],[71.6773289,56.7652232],[71.5655885,56.7529006],[71.5537291,56.6702905],[71.381898,56.6788789],[71.3698867,56.631768],[71.0203824,56.6829541],[71.0128491,56.6451526],[71.1136887,56.6240429],[71.0845983,56.5241657],[70.9841329,56.4622363],[70.7354584,56.4245891],[70.7911864,56.4164573],[70.8126557,56.4425703],[70.9274662,56.3792339],[70.9123933,56.3539035],[70.9484166,56.3048357],[70.7322287,56.2531271],[70.7737265,56.2124171],[70.8145541,56.2183106],[70.8061765,56.1863144],[70.9023656,56.1122831],[70.8674118,55.962189],[70.8085397,55.9026219],[70.4806123,55.9059668],[70.4717396,55.8512732],[70.5857874,55.8229014],[70.7571407,55.8552564],[70.8287129,55.8346168],[70.5504867,55.7917489],[70.5893636,55.7720245],[70.5317255,55.6943726],[70.5634571,55.6507321],[70.7100919,55.625407],[70.7569723,55.5847221],[70.6733726,55.4905289],[70.56696,55.4938692],[70.4395957,55.4075246],[70.4987393,55.3308145],[70.4611977,55.2858259],[70.6241,55.2503],[70.6996,55.287],[70.8161,55.288],[70.8819,55.1801],[70.9298,55.164],[70.9248,55.1256],[71.0245,55.0825],[70.9924,55.0669],[71.0072,55.0181],[70.9804,54.9817],[71.0092,54.9651],[70.9601,54.8859],[71.0222,54.8499],[71.0355,54.7742],[71.0984,54.6994],[71.2103,54.7019],[71.2409,54.6656],[71.2936,54.6662],[71.2884,54.6016],[71.2113,54.6067],[71.1688,54.5645],[71.1739,54.4571],[71.2049,54.4585],[71.2003,54.4029],[71.2342,54.4021],[71.1999,54.3077],[70.9983,54.3338],[70.9999,54.2725],[71.0736,54.2723],[71.0556,54.188],[71.1105,54.1834],[71.1233037,54.1294169],[71.1794006,54.0945994],[71.296101,54.1849449],[71.4909726,54.1584962],[71.4899,54.0971],[71.6749,54.0976],[71.7669,54.1468],[71.7265,54.1846],[71.7555,54.2522],[71.9512,54.2413],[72.1832,54.127],[72.2255,54.1801],[72.0975,54.2148],[72.1328,54.302],[72.042,54.3249],[72.0126,54.3693],[72.1934331,54.3581201],[72.2797727,54.3172058],[72.2914,54.2498],[72.3379479,54.2458094],[72.2990291,54.1868145],[72.507372,54.1403989],[72.5131988,54.1047537],[72.3789,54.1054],[72.3977,54.05],[72.4331,54.0447],[72.3752,53.9462],[72.4305,53.9141],[72.4932699,53.9034694],[72.556,53.9797],[72.7052,53.9565],[72.7146,54.007],[72.6744,54.0449],[72.5309,54.043],[72.5602,54.1164],[72.6087934,54.1368406],[72.9945809,54.098412],[72.9786593,54.049487],[73.0596813,54.0401499],[73.0669683,53.985537],[73.3,53.9431],[73.4035,53.9452],[73.4045061,53.9785088],[73.5225,53.9399],[73.5187982,54.0032498],[73.6096243,54.0084051],[73.6579727,54.046379],[73.6300348,54.0709236],[73.7678789,54.0538215],[73.6910819,53.8560661],[73.4530853,53.8760982],[73.4292414,53.848179],[73.4491302,53.8073197],[73.3427,53.7881],[73.3227207,53.6760738],[73.2530578,53.6740617],[73.2777121,53.6395515],[73.2384251,53.5675771],[73.3978845,53.5221518],[73.3625009,53.4674741],[73.438715,53.4354965],[73.5801762,53.5196169],[73.594035,53.5593138],[73.6455058,53.552916],[73.6667641,53.6132817],[73.8213453,53.578387],[73.901147,53.6512214],[74.0717464,53.6295859],[74.052604,53.5665178],[74.1471,53.5558],[74.162936,53.6013833],[74.2426248,53.5879559],[74.2868504,53.5607783],[74.2684976,53.5236333],[74.304736,53.5177632],[74.2914512,53.4914903],[74.3905984,53.4559828],[74.4865,53.5694],[74.4210381,53.593317],[74.4584161,53.6909322],[74.6426,53.6724],[74.6737,53.7553],[74.7632,53.7437],[74.7946,53.8245],[74.9740595,53.8226286],[75.0465813,53.7926967],[75.4410673,53.9723325],[75.375585,54.0701043],[75.6887772,54.1226252],[75.6908306,54.5481475],[75.8044885,54.5408842],[75.8513909,54.610047],[75.8007974,54.696677],[75.6858183,54.6742071],[75.6406611,54.8096882],[75.5299345,54.8034723],[75.4928234,54.8842814],[75.5181557,54.9132953],[75.3308154,54.913586],[75.407364,54.9914551],[75.3705887,55.068434],[75.3143952,55.0669993],[75.3145111,55.1268596],[75.2603511,55.1297396],[75.2937628,55.1711409],[75.2763198,55.2429478],[75.2030403,55.2852471],[75.1776108,55.3524169],[75.0915368,55.3766335],[75.1986295,55.4257019],[75.1622604,55.4471264],[75.3217371,55.4980497],[75.3123523,55.5379658],[75.2208018,55.5406161],[75.1407693,55.583898],[75.2563594,55.6255028],[75.1154612,55.6859772],[75.1295074,55.7098888],[75.08801,55.7268302],[75.1044151,55.7564248],[75.3693743,55.7406646],[75.3673354,55.8053221],[75.2624275,55.8441218],[75.5143394,55.996722],[75.5284925,56.0316779],[75.6534124,56.036933],[75.7315793,56.1126353],[75.9595448,56.1151033],[76.0140151,56.1636772],[76.1209211,56.1548854],[76.1386144,56.121431],[76.3027434,56.1556197],[76.1724646,56.2818753],[76.1183488,56.2593976],[76.0781251,56.2977716],[76.09903,56.3009982],[76.0647359,56.4191612],[76.1238009,56.4240975],[76.0877692,56.4590778],[75.9826101,56.4655727],[75.8999004,56.4141803],[75.8306532,56.4235098],[75.8351776,56.4810411],[75.9607657,56.5074558],[76.035876,56.6082744],[76.1502646,56.6166544],[76.1360945,56.6619216],[76.2891444,56.6971197],[76.2412685,56.8263125],[76.2636563,56.8874402],[76.1992123,56.9482216],[76.0781551,57.2566104],[75.9654111,57.3936944],[75.8482675,57.3858005],[75.7041245,57.6249966],[75.5500391,57.6252185],[75.5657616,57.9345851],[75.071473,58.1167928],[75.2424887,58.2026148],[75.0566645,58.3391532],[75.3768351,58.4541007],[75.1094284,58.5757191]],[[71.0183714,56.355931],[71.0920141,56.3321471],[71.0183714,56.355931]],[[71.192951,56.3026345],[71.2681387,56.3187264],[71.192951,56.3026345]]],[[[70.7529152,56.3809922],[70.8081136,56.3618725],[70.8234128,56.398514],[70.7529152,56.3809922]]],[[[70.7237051,56.013555],[70.7396431,55.9797336],[70.8055787,55.9846193],[70.8221718,56.0460055],[70.7549262,56.046981],[70.7237051,56.013555]]],[[[70.7024311,55.9531257],[70.7953694,55.9295652],[70.7949062,55.9550704],[70.7024311,55.9531257]]]]}},{"type":"Feature","properties":{"name":"Oryol Oblast"},"geometry":{"type":"Polygon","coordinates":[[[35.9911887,53.6262728],[35.9253042,53.6523937],[35.8753312,53.5962657],[35.8225181,53.5876468],[35.7720571,53.5059516],[35.6840636,53.5193354],[35.6851231,53.5454137],[35.612016,53.5385849],[35.5311373,53.4288324],[35.5002135,53.4254993],[35.5440128,53.4568403],[35.4402809,53.4442322],[35.4637842,53.4181182],[35.3841617,53.397573],[35.3788117,53.3342776],[35.2398339,53.3274709],[35.2493387,53.285652],[35.1080102,53.2568599],[35.127382,53.1391476],[35.3251271,53.0793885],[35.2400674,52.9945637],[35.1693044,53.0080648],[35.1555826,52.9573833],[34.9871671,52.968295],[34.9658624,52.9135469],[34.9023636,52.9290956],[34.8527912,52.898069],[34.8792863,52.8869756],[34.8618781,52.8682251],[34.7919712,52.865706],[34.8257265,52.8657412],[34.9043994,52.7786439],[34.9257408,52.800581],[35.0410375,52.7562808],[35.0141393,52.7122952],[35.0323066,52.6972597],[35.1117912,52.6976832],[35.0037675,52.6601008],[35.0253281,52.6086634],[34.9915552,52.5071596],[34.9226068,52.5124144],[34.8562171,52.4538071],[34.8634606,52.3709232],[34.9669452,52.3669929],[35.0660948,52.3212113],[35.1929002,52.3450613],[35.2047839,52.379567],[35.4020304,52.3742983],[35.4402899,52.4311995],[35.5990512,52.4414985],[35.5954029,52.3836631],[35.6709607,52.3225182],[35.6542247,52.247109],[35.8149533,52.3022164],[35.9456127,52.2772378],[36.0457285,52.3200946],[36.1287345,52.3119602],[36.322661,52.3819021],[36.4163599,52.3455069],[36.5240417,52.21992],[36.7536437,52.1741364],[36.7921743,52.1277428],[36.9598216,52.0889083],[37.0149096,52.1107791],[37.0675004,52.073916],[37.2072581,52.0828037],[37.1777132,52.0416957],[37.3295484,52.0081846],[37.425341,51.9349918],[37.4832008,51.9630407],[37.5079344,52.0164849],[37.7102468,51.9702559],[37.798939,52.122741],[37.7605968,52.1628641],[37.9566771,52.2494777],[38.0391224,52.2451097],[38.0518032,52.2707203],[38.0126129,52.2820328],[38.0672135,52.3302132],[37.9962489,52.3607984],[37.9935877,52.4030975],[37.9590003,52.3899565],[37.8862586,52.4309565],[37.9329236,52.4461556],[37.9308329,52.4723076],[37.789985,52.4973055],[37.8602763,52.5360412],[37.8455705,52.5537146],[37.7221688,52.5948457],[37.8242767,52.6320336],[37.8265301,52.6569353],[37.7940502,52.6566361],[37.8212107,52.6730455],[37.8091351,52.70707],[37.8912589,52.7404892],[37.8845921,52.8143328],[37.8016134,52.853207],[37.8760294,52.8863282],[37.8319047,52.9496278],[37.8751952,52.9934809],[37.8243407,53.0863768],[37.734686,53.1274985],[37.6098045,53.0985419],[37.5721773,53.1805513],[37.590463,53.2789394],[37.4945003,53.2611353],[37.3642217,53.3011759],[37.2063764,53.2559299],[37.095798,53.2861524],[37.0077671,53.2670314],[36.9967196,53.2992515],[36.8987605,53.2729926],[36.9107774,53.2943017],[36.784136,53.2958146],[36.67668,53.362315],[36.6996033,53.3950361],[36.6356262,53.420219],[36.5732737,53.3770575],[36.4945912,53.3882885],[36.468613,53.4289898],[36.3179259,53.4744647],[36.2892267,53.5534455],[36.035083,53.5590844],[36.0369996,53.6102359],[35.9911887,53.6262728]]]}},{"type":"Feature","properties":{"name":"Saint Petersburg"},"geometry":{"type":"MultiPolygon","coordinates":[[[[29.698599,59.992],[29.8049214,59.983261],[29.7486213,60.0104682],[29.7779957,60.0207571],[29.7594133,60.0302169],[29.6341041,60.0317439],[29.698599,59.992]]],[[[30.0650571,59.6683027],[30.0839517,59.6802946],[30.0650571,59.6683027]]],[[[29.4566151,60.17096],[29.5915997,60.1972055],[29.8719782,60.1611998],[29.9373069,60.1296602],[29.9192251,60.0888793],[29.956572,60.0742512],[29.9321919,60.0700592],[29.9649549,60.0557487],[29.9627841,60.0095298],[30.2080276,59.9793598],[30.1778187,59.9440582],[30.234548,59.913376],[30.1171932,59.8586944],[29.7792795,59.9305415],[29.6475389,59.9298568],[29.7220797,59.9015002],[29.7245003,59.8711035],[30.1276856,59.8090654],[30.0433427,59.7641834],[30.0761388,59.7479223],[30.0349646,59.7178541],[30.1199263,59.6921542],[30.1048069,59.7292591],[30.1499325,59.8009257],[30.283842,59.7952387],[30.2585587,59.7626787],[30.3007209,59.7473867],[30.2182227,59.6730689],[30.2495753,59.6710209],[30.254172,59.6337832],[30.3065058,59.6620957],[30.481653,59.6377996],[30.5055395,59.6461719],[30.4771205,59.6806997],[30.576506,59.7299745],[30.7570118,59.7437508],[30.736193,59.7791208],[30.4934929,59.847085],[30.519999,59.8632286],[30.4954193,59.891479],[30.5131012,59.9705585],[30.5660293,59.9709647],[30.3632337,60.092016],[30.0180219,60.1442872],[29.7580155,60.2427009],[29.5211525,60.2332865],[29.4298103,60.1895376],[29.4566151,60.17096]]]]}},{"type":"Feature","properties":{"name":"Sakhalin Oblast"},"geometry":{"type":"MultiPolygon","coordinates":[[[[146.018041,43.3779394],[145.986573,43.3689767],[146.018041,43.3779394]]],[[[145.8985375,43.448617030799326],[145.8624486,43.4549204],[145.8994513,43.4165781],[145.9553975,43.4251658],[145.9451434,43.4566654],[145.8985375,43.448617030799326]]],[[[146.118087,43.4589544],[146.1930844,43.4879289],[146.2044098,43.5335095],[146.1349356,43.5489036],[146.0590713,43.523067],[146.118087,43.4589544]]],[[[146.0271614,43.4180067],[146.109381,43.4375403],[146.0271614,43.4180067]]],[[[146.3324188,43.6188039],[146.3517823,43.6385848],[146.3123519,43.6514326],[146.2697212,43.6282413],[146.3324188,43.6188039]]],[[[146.8022855,43.7505129],[146.8022855,43.7505129]]],[[[146.60602326788495,43.7644223],[146.5930919,43.73673],[146.6437347,43.7618571],[146.620413,43.7338716],[146.6762974,43.7059165],[146.6919314,43.7435713],[146.7846734,43.7565007],[146.9197546,43.8369246],[146.8234267,43.8899894],[146.8256716,43.8673111],[146.7212158,43.8457795],[146.7484763,43.8171984],[146.5880125,43.8084172],[146.60602326788495,43.7644223]]],[[[141.2513926,46.2402181],[141.2149228,46.2858993],[141.2105935,46.2303544],[141.2513926,46.2402181]]],[[[145.5467852,43.9346902],[145.3986173,43.8286365],[145.436008,43.717968],[145.557168,43.7270938],[145.5413099,43.6527639],[145.5849785,43.8625946],[145.6489321,43.9081883],[145.7801254,43.9331656],[145.818021,44.0218582],[145.8775913,44.0209544],[145.8678611,44.0647866],[145.9210885,44.1353185],[146.0458052,44.1835986],[146.1122407,44.2633855],[146.2959834,44.275692],[146.4295619,44.3755199],[146.4933073,44.3537089],[146.5797588,44.456563],[146.3360229,44.4176789],[146.1713887,44.5172636],[146.1295476,44.5077933],[146.0060768,44.3835962],[145.9875398,44.3183509],[145.7444076,44.1047504],[145.7416871,44.0515855],[145.5467852,43.9346902]]],[[[147.65635,44.99468608041107],[147.7285308,45.0020729],[147.785014,44.947568],[147.9050838,44.9614283],[148.0954616,45.1099732],[148.3046365,45.2162049],[148.4974726,45.2567716],[148.638479,45.3350045],[148.8422953,45.3364584],[148.8775498,45.3940712],[148.8282746,45.4492407],[148.8933557,45.5117938],[148.7842536,45.5567819],[148.655917,45.5387775],[148.4864845,45.4200749],[148.4185725,45.3269413],[148.1673283,45.2584425],[148.0296093,45.2710534],[147.9637541,45.4205518],[147.9047382,45.4300822],[147.8491694,45.3644616],[147.8857897,45.25834],[147.8700571,45.2236571],[147.7316808,45.1924131],[147.6979634,45.1036567],[147.6528513,45.0791229],[147.5053384,45.1169312],[147.5344437,45.0713892],[147.5175534,44.9969186],[147.265762,44.8675986],[147.235203,44.8051922],[147.108741,44.8229576],[147.1131623,44.7798507],[147.1977339,44.7558749],[147.183803,44.6934083],[147.0938292,44.6377123],[147.0087429,44.6602989],[147.0315815,44.6073812],[146.9901794,44.5758048],[146.9484905,44.6310856],[146.9514342,44.5479571],[146.8772625,44.5009479],[146.8621546,44.4460228],[146.9472746,44.4243315],[147.0759474,44.5566657],[147.2094795,44.5679159],[147.3366703,44.7153968],[147.5964381,44.8526238],[147.6510955,44.9183983],[147.6110695,44.9419522],[147.65635,44.99468608041107]]],[[[154.6463505,49.2737354],[154.718971,49.2580539],[154.8277713,49.2979172],[154.8491307,49.3501353],[154.8105127,49.463296],[154.8923305,49.5347964],[154.9175618,49.6096776],[154.8142307,49.6329552],[154.7702986,49.5789411],[154.6112498,49.3604294],[154.6152317,49.2884935],[154.6463505,49.2737354]]],[[[154.4540614,49.7387888],[154.4928882,49.7845871],[154.4793272,49.808612],[154.3995102,49.8046063],[154.3858912,49.7530821],[154.4540614,49.7387888]]],[[[154.0381709,48.7298219],[154.2256687,48.8869501],[154.1027575,48.8882597],[154.0771601,48.7947118],[153.9759812,48.7490824],[153.9991794,48.7196623],[154.0381709,48.7298219]]],[[[153.4854375,48.9664091],[153.5031816,48.9892776],[153.473668,48.9909287],[153.4854375,48.9664091]]],[[[154.5435816,49.1555305],[154.4522202,49.1574679],[154.5179064,49.0699531],[154.6036174,49.107875],[154.5435816,49.1555305]]],[[[153.9370632,48.9215761],[154.0098919,48.9308888],[154.0089563,48.9594926],[153.9067096,48.9644467],[153.9370632,48.9215761]]],[[[156.2310941,50.6652735],[156.2753178,50.6349515],[156.413715,50.6366782],[156.5135687,50.7646228],[156.5076297,50.8394972],[156.4838752,50.8703928],[156.2003005,50.7686755],[156.1734753,50.7067155],[156.2310941,50.6652735]]],[[[155.6639264,50.8607663],[155.6586975,50.8992494],[155.5660128,50.9199959],[155.479188,50.9162811],[155.4551955,50.8849112],[155.5366575,50.8067326],[155.6590227,50.8073553],[155.6639264,50.8607663]]],[[[155.85452483081724,50.6250114278221],[155.7581542,50.4556789],[155.6502645,50.3777574],[155.411147,50.3504057],[155.3428721,50.2819444],[155.2088714,50.2911067],[155.2136921,50.2441022],[155.2615437,50.2078033],[155.2211481,50.0516912],[155.3473124,50.0547186],[155.3908136,50.0326802],[155.3918071,49.9991155],[155.5224689,50.1448735],[155.6173556,50.1851087],[155.7948228,50.1905514],[155.818474,50.2313246],[155.8877888,50.2463016],[156.0199867,50.3923315],[156.0377717,50.4629504],[156.169891,50.5071292],[156.1471882,50.5503591],[156.1707887,50.6011036],[156.1247834,50.6514052],[156.1469036,50.7492278],[156.0335101,50.7678866],[155.9092506,50.6956669],[155.85452483081724,50.6250114278221]]],[[[154.9840196,50.1856413],[155.0138044,50.2010838],[154.9588749,50.2056122],[154.9840196,50.1856413]]],[[[143.2695358,51.6598751],[143.2695358,51.6598751]]],[[[143.2894474,51.688002],[143.2955636,51.6666475],[143.2894474,51.688002]]],[[[143.14675,52.03575],[143.1665,51.97875],[143.148,52.081],[143.14675,52.03575]]],[[[143.1259542,52.1104723],[143.1305087,52.0687819],[143.1259542,52.1104723]]],[[[143.1212651,52.1350563],[143.1212651,52.1350563]]],[[[143.1955,52.42125],[143.19175,52.4],[143.25775,52.4635],[143.1955,52.42125]]],[[[143.2452589,52.5479104],[143.2849898,52.5893049],[143.2452589,52.5479104]]],[[[141.73125,53.41],[141.6925,53.38975],[141.833,53.41525],[141.73125,53.41]]],[[[142.2957841227615,53.547470330041904],[142.2967088,53.5189772],[142.3046936,53.5514994],[142.4739283,53.5756168],[142.4050469,53.5961623],[142.2957841227615,53.547470330041904]]],[[[149.98403285,46.02918703091574],[149.8926106,45.9805635],[149.7913681,45.862261],[149.6419035,45.8306731],[149.3967238,45.5769918],[149.5263461,45.5710022],[149.6625866,45.6209637],[149.9209992,45.8136128],[150.0197379,45.8261902],[150.1262294,45.888691],[150.1916786,45.9384171],[150.1743945,45.9601804],[150.2214963,46.0185402],[150.5712286,46.2279288],[150.4594736,46.2004348],[150.310346,46.2207491],[150.1741132,46.1602688],[150.1825627,46.1035199],[150.0516222,46.0902105],[149.98403285,46.02918703091574]]],[[[150.8254786,46.4429923],[150.8123008,46.4844961],[150.7788513,46.4696216],[150.8254786,46.4429923]]],[[[150.9027699,46.5417141],[150.8291669,46.508666],[150.868951,46.4965861],[150.9027699,46.5417141]]],[[[150.7408286,46.7023608],[150.748852,46.7283519],[150.7163565,46.7372401],[150.7408286,46.7023608]]],[[[151.8749,46.86210294675768],[151.7055763,46.8380724],[151.7586188,46.7761852],[151.8221351,46.7770281],[152.1412533,46.9859218],[152.1668763,47.0564429],[152.2755576,47.1145694],[152.2918221,47.1528389],[152.2451242,47.1615159],[152.2617461,47.1418923],[152.215488,47.1113808],[152.1957161,47.1432736],[152.2411397,47.1620105],[152.1927289,47.1604378],[152.0594294,46.9999887],[151.9257427,46.9428468],[151.8749,46.86210294675768]]],[[[152.4847169,47.3766441],[152.4142425,47.3573706],[152.4302238,47.2976577],[152.5361327,47.3129479],[152.5374234,47.351682],[152.4847169,47.3766441]]],[[[152.8209418,47.5090439],[152.7943093,47.5188168],[152.8209418,47.5090439]]],[[[152.828265,47.532363],[152.851118,47.5492669],[152.828265,47.532363]]],[[[152.9719056,47.7347866],[152.9674346,47.6760626],[153.0419067,47.7128624],[153.0464627,47.8038693],[153.0071584,47.7959161],[152.9719056,47.7347866]]],[[[153.2486476,48.2828263],[153.2664081,48.2987895],[153.2349339,48.2985032],[153.2486476,48.2828263]]],[[[153.2924,48.0667191],[153.2924,48.0667191]]],[[[153.2485103,48.094768],[153.1997812,48.1237202],[153.1599372,48.1039273],[153.1727704,48.0638909],[153.2822136,48.0364885],[153.2485103,48.094768]]],[[[141.85503578519547,46.40615],[141.9316543,46.1022206],[141.9140016,46.0472458],[142.0808844,45.892862],[142.098004,45.9845737],[142.1806535,46.0276327],[142.248,46.274],[142.4067227,46.5860923],[142.4618508,46.6573732],[142.5733807,46.71821],[142.7102958,46.7510367],[142.770555,46.6076311],[143.1397825,46.6083095],[143.27275,46.537],[143.33875,46.46675],[143.3335,46.40075],[143.4225,46.21525],[143.397,46.099],[143.4143641,46.019394],[143.467,46.10125],[143.46175,46.1855],[143.52175,46.2855],[143.5682362,46.2963581],[143.56425,46.34625],[143.6164803,46.3714621],[143.54025,46.48125],[143.4764948,46.8260843],[143.4318362,46.8488419],[143.419,46.80125],[143.3025,46.79825],[143.0990445,46.9078181],[143.01975,47.0755],[143.043,47.1465],[143.0182216,47.2513382],[142.9372071,47.3569344],[142.7455265,47.4353134],[142.6020977,47.6071362],[142.5262702,47.7777985],[142.5101712,47.8981997],[142.55975,48.1145],[142.80675,48.666],[142.979123,48.8977386],[142.9474797,49.0584148],[143.0455,49.18175],[143.227,49.2835],[143.191,49.25825],[143.4925,49.3145],[144.0539574,49.2519344],[144.1501432,49.2121884],[144.3385551,49.0341386],[144.5229942,48.926132],[144.6532816,48.7760293],[144.6690184,48.6413403],[144.7475236,48.645259],[144.6724966,48.7260958],[144.7036002,48.7789895],[144.67225,48.8255],[144.69125,48.86075],[144.39675,49.03325],[144.27925,49.248],[144.219,49.431],[144.23725,49.50725],[144.1335,49.617],[144.12625,49.74325],[143.99125,49.967],[143.99775,50.01875],[143.845,50.21925],[143.7565,50.402],[143.6705,50.80325],[143.52525,51.226],[143.479756,51.3205129],[143.52325,51.22575],[143.4649098,51.2141868],[143.501,51.239],[143.473,51.24925],[143.488,51.2685],[143.37425,51.3325],[143.442,51.37025],[143.4804238,51.3239082],[143.43675,51.49525],[143.31875,51.7375],[143.438,51.44125],[143.35725,51.6335],[143.33475,51.6125],[143.3530833,51.5225105],[143.3125437,51.4950497],[143.2865204,51.5196404],[143.20775,51.51225],[143.25425,51.68475],[143.284,51.71475],[143.3285,51.6925],[143.183,51.96725],[143.2295,51.86975],[143.21325,51.85],[143.09925,51.92875],[143.119,51.9805],[143.151,51.975],[143.0882589,52.0481636],[143.1245,52.05875],[143.0845,52.09175],[143.104,52.12175],[143.075,52.1705],[143.1205,52.1605],[143.1462115,52.2603211],[143.12525,52.15675],[143.14675,52.085],[143.1441277,52.2273361],[143.1825,52.3115],[143.17025,52.36025],[143.1515,52.2825],[143.11725,52.289],[143.11825,52.36075],[143.1905,52.4495],[143.16675,52.4875],[143.24175,52.51675],[143.212,52.517],[143.215,52.5485],[143.26,52.58325],[143.22625,52.59625],[143.2893555,52.6421309],[143.26675,52.59],[143.30125,52.587],[143.22875,52.479],[143.27125,52.47975],[143.2745,52.4535],[143.2,52.401],[143.18125,52.325],[143.28325,52.45275],[143.3364195,52.8291402],[143.3159041,52.8369492],[143.31375,52.7125],[143.28725,52.95825],[143.24925,52.84275],[143.2105,52.88375],[143.226,52.90225],[143.15725,52.94875],[143.1865,52.95575],[143.168,52.99525],[143.099,53.037],[143.12575,53.0655],[143.08225,53.1195],[143.08425,53.23125],[143.06075,53.2125],[143.06425,53.2475],[143.0325,53.2635],[143.071,53.2845],[143.0835,53.34275],[143.15575,53.3665],[143.182,53.3575],[143.15825,53.345],[143.18525,53.336],[143.17075,53.28925],[143.19825,53.2825],[143.12825,53.277],[143.1355,53.21025],[143.25525,53.1445],[143.3268862,52.8377926],[143.20175,53.32625],[143.1497711,53.4214705],[143.1215932,53.4057522],[143.1482888,53.3904021],[143.0826514,53.3908401],[143.1493255,53.4219728],[143.1301622,53.4508185],[143.0558328,53.4486717],[143.1052713,53.4768782],[143.1299905,53.4513296],[143.0609827,53.5590404],[143.016694,53.5317047],[142.9670889,53.5596878],[143.0287103,53.5886002],[143.0611947,53.560579],[142.9778008,53.6913371],[142.9888724,53.6641999],[142.9490467,53.6575473],[142.9773466,53.6918885],[142.8936637,53.87376],[142.8290471,53.8686976],[142.8632683,53.8984989],[142.8938848,53.874612],[142.8976818,53.9711275],[142.9776618,54.0351419],[142.9875,54.11475],[142.7054721,54.4255195],[142.6629685,54.4112212],[142.6705194,54.3596593],[142.6044447,54.3214665],[142.6311192,54.2848615],[142.5986759,54.2638111],[142.5415601,54.2893387],[142.5656166,54.2525212],[142.5454245,54.2369729],[142.5061927,54.2559187],[142.514047,54.2940222],[142.5908299,54.2908213],[142.5778251,54.3131384],[142.6091415,54.3261853],[142.4191388,54.2791477],[142.2572815,54.3038238],[142.3715,54.23825],[142.4345,54.13475],[142.6955,53.9425],[142.68275,53.84175],[142.5855,53.69525],[142.67175,53.72525],[142.70075,53.84275],[142.758,53.81],[142.78275,53.704],[142.68325,53.62175],[142.6392368,53.6888433],[142.476,53.66025],[142.5139157,53.5468222],[142.5595,53.6005],[142.664,53.545],[142.671,53.50925],[142.5884872,53.5230093],[142.4270294,53.378113],[142.28,53.3635],[142.24175,53.38575],[142.2231402,53.4796255],[142.2439017,53.5001772],[142.2128885,53.5274772],[142.2715186,53.5325455],[142.2514987,53.538381],[141.8721223,53.4355768],[141.7638322,53.3768896],[141.8018311,53.3311477],[141.7905279,53.262181],[141.8303274,53.1615692],[141.9215354,53.0313311],[141.8197785,52.7190497],[141.8444584,52.7028773],[141.8131386,52.6557351],[141.8374573,52.6452697],[141.80299,52.589579],[141.8331379,52.5875325],[141.8289544,52.5544227],[141.7508025,52.4467718],[141.6538936,52.3926714],[141.628,52.3205],[141.66825,52.26525],[141.6433045,52.223328],[141.6942908,52.1621534],[141.6342166,52.1020592],[141.6759479,51.9807238],[141.6267129,51.8858762],[141.758285,51.8435292],[141.8275008,51.7828573],[141.7785989,51.7141583],[141.668046,51.7474146],[141.7978005,51.6825243],[141.8785,51.5995],[141.9288144,51.6269441],[141.95375,51.6035],[141.88775,51.59675],[142.0750643,51.4763738],[142.0825271,51.3972741],[142.17225,51.31475],[142.171,51.255],[142.2455,51.164],[142.257,51.088],[142.22575,50.98675],[142.1160366,50.8929788],[142.0865505,50.821707],[142.0937187,50.7234959],[142.0437073,50.5493698],[142.15325,50.365],[142.12825,50.297],[142.1579973,50.2563106],[142.1737952,50.0499099],[142.137156,50.0204417],[142.15725,49.98225],[142.13075,49.95],[142.167,49.8045],[142.1443203,49.5177948],[142.069,49.34025],[142.092,49.22225],[142.0305,49.14625],[142.0045088,48.9466018],[141.9571348,48.9205516],[141.9786933,48.8770782],[141.847533,48.7676511],[141.893,48.64175],[142.1446153,48.3234231],[142.2017543,47.9748291],[142.0876941,47.8616954],[142.064349,47.7721512],[141.9617067,47.6196822],[141.9650635,47.4471422],[141.9995625,47.369361],[141.9663001,47.2976855],[142.0426426,47.2115861],[142.0623831,47.1065383],[141.9889214,46.8988644],[141.8584952,46.6940165],[141.8508822,46.628333],[141.8103515,46.6002145],[141.85503578519547,46.40615]]]]}},{"type":"Feature","properties":{"name":"Sakha Republic"},"geometry":{"type":"MultiPolygon","coordinates":[[[[161.2527025,68.667785],[161.2920129,68.6994228],[161.2448061,68.6997969],[161.2527025,68.667785]]],[[[161.3503778,68.6770875],[161.4605844,68.715256],[161.3084924,68.7420348],[161.2921899,68.7197246],[161.3503778,68.6770875]]],[[[161.4188707,68.8074761],[161.604265,68.843997],[161.4188707,68.8074761]]],[[[161.6391617518675,68.90615],[161.625036,68.8604707],[161.6638315,68.8816331],[161.6391617518675,68.90615]]],[[[161.3191785,68.813847],[161.4043114,68.8594777],[161.361158,68.8659147],[161.3191785,68.813847]]],[[[161.5871373055347,68.90635],[161.431917,68.825155],[161.6088998,68.849758],[161.6291559,68.9172294],[161.561693,68.9441974],[161.5871373055347,68.90635]]],[[[161.4611022,68.927033],[161.4866071,68.954121],[161.4611022,68.927033]]],[[[161.015725,69.08961012684055],[161.1514852,69.0601163],[161.1091824,69.1201787],[161.015725,69.08961012684055]]],[[[161.4793168,69.024041],[161.4480581,69.0610261],[161.4793168,69.024041]]],[[[161.4211423,68.92428],[161.4385928,68.9710414],[161.2708889,69.0166166],[161.3749753,68.9769559],[161.3746429,68.9338065],[161.4211423,68.92428]]],[[[161.267476,69.0159904],[161.306814,68.9914484],[161.267476,69.0159904]]],[[[161.2616585,69.0152098],[161.1769965,69.0387471],[161.2616585,69.0152098]]],[[[161.4751146,69.127708],[161.454806,69.1301671],[161.4751146,69.127708]]],[[[161.4517028,69.1311771],[161.4891885,69.1485398],[161.4719958,69.1773468],[161.4406168,69.1599401],[161.4517028,69.1311771]]],[[[161.4406691878681,68.90635],[161.3902834,68.8704851],[161.5364917,68.8965721],[161.5294171,68.9748478],[161.4383597,69.0618747],[161.4355841,69.1582452],[161.4673791,69.1781317],[161.2402713,69.2301889],[161.2057691,69.2864593],[161.1389242,69.2807634],[161.1112506,69.1952336],[161.1305946,69.0736139],[161.3340334,69.0280161],[161.5023845,68.9504258],[161.4406691878681,68.90635]]],[[[161.0954061,69.3406446],[161.0710567,69.3640934],[161.0954061,69.3406446]]],[[[161.015525,69.49713808420842],[161.0499149,69.50321],[161.015525,69.49713808420842]]],[[[161.452173,69.3836246],[161.5033281,69.4036826],[161.452173,69.3836246]]],[[[161.5649545,69.4108071],[161.647867,69.4363876],[161.5649545,69.4108071]]],[[[161.5076196,69.4094705],[161.6401422,69.4504837],[161.5076196,69.4094705]]],[[[161.015725,69.1810382169251],[160.9694198,69.2002732],[161.0154316,69.1437828],[161.0930574,69.1549719],[161.015725,69.1810382169251]]],[[[161.4159525,69.2206605],[161.4267671,69.2394706],[161.4159525,69.2206605]]],[[[161.4494264,69.2452503],[161.485132,69.2665309],[161.4494264,69.2452503]]],[[[161.5556848,69.3128502],[161.4990366,69.3361242],[161.4403284,69.3117586],[161.4980066,69.2492648],[161.6224611,69.2714528],[161.5556848,69.3128502]]],[[[161.1235913,69.2877705],[161.1664447,69.3136223],[161.1158432,69.3333863],[161.1235913,69.2877705]]],[[[161.015525,69.26519857544726],[160.9647676,69.2526405],[160.9899155,69.1902836],[161.0624185,69.1682355],[161.0285127,69.2211477],[161.0463655,69.2816578],[161.015525,69.26519857544726]]],[[[161.0673082,69.2133513],[161.0949457,69.2374017],[161.0755479,69.231072],[161.0801828,69.2732148],[161.0436189,69.2310111],[161.0673082,69.2133513]]],[[[161.0681171,69.2699347],[161.0944202,69.3026196],[161.0497467,69.3316697],[161.0681171,69.2699347]]],[[[161.9196271,69.5027461],[161.9411888,69.5079029],[161.8538791,69.5034373],[161.9196271,69.5027461]]],[[[161.4543387,69.4515815],[161.3567826,69.4101452],[161.3893449,69.3877948],[161.6528452,69.4667551],[161.6643465,69.4905852],[161.6248643,69.5154701],[161.6629732,69.5779155],[161.5251291,69.6171129],[161.4216867,69.583038],[161.4087815,69.5557924],[161.4639533,69.511029],[161.4270332,69.4766298],[161.4543387,69.4515815]]],[[[161.4152658,69.4751227],[161.4315736,69.5184736],[161.3569009,69.528322],[161.0988939,69.4499498],[161.0911691,69.4059168],[161.1793544,69.2963761],[161.2285247,69.2779786],[161.2414576,69.2315265],[161.3792467,69.2063109],[161.3617321,69.2406511],[161.4313848,69.2796971],[161.3569412,69.302933],[161.4026286,69.3413671],[161.3353508,69.4063285],[161.4360187,69.4490016],[161.4152658,69.4751227]]],[[[161.223073,69.5158264],[161.1594712,69.5093747],[161.223073,69.5158264]]],[[[161.948271,69.5092851],[162.0511702,69.5341337],[161.948271,69.5092851]]],[[[161.015725,69.52198901850653],[161.0646477,69.5337781],[161.015725,69.52198901850653]]],[[[161.2156653,69.529074],[161.238572,69.5445248],[161.2156653,69.529074]]],[[[161.842016,69.534625],[161.9158304,69.555202],[161.842016,69.534625]]],[[[161.0641659,69.5242824],[161.1085321,69.5725291],[161.0741403,69.5779271],[161.0641659,69.5242824]]],[[[162.0108843,69.5589749],[161.9793259,69.5436861],[162.0108843,69.5589749]]],[[[161.9930171,69.5810826],[161.9589383,69.5508887],[161.9930171,69.5810826]]],[[[162.0891543,69.5795202],[162.0410294,69.5893285],[162.0891543,69.5795202]]],[[[161.0543274,69.553839],[161.0719883,69.5804246],[161.0543274,69.553839]]],[[[160.8878179,69.5989356],[160.9088908,69.6125898],[160.8334135,69.5788802],[160.8878179,69.5989356]]],[[[161.015525,69.59473924454096],[160.9880269,69.6098486],[161.015525,69.59473924454096]]],[[[161.015725,69.55943587966978],[161.0319434,69.5374401],[161.0538393,69.5716421],[160.9451885,69.5985381],[161.015725,69.55943587966978]]],[[[161.7251146,69.5636549],[161.7616785,69.588934],[161.7251146,69.5636549]]],[[[161.9046724,69.5622164],[161.8766916,69.6049724],[161.8897379,69.6498517],[161.820215,69.6437021],[161.7359293,69.563595],[161.7980707,69.5338448],[161.9046724,69.5622164]]],[[[161.71878721548882,69.62394327103294],[161.6897523,69.5964759],[161.7189348,69.5699475],[161.7491472,69.6119107],[161.71878721548882,69.62394327103294]]],[[[161.3539284,69.5956354],[161.3796252,69.6109712],[161.3539284,69.5956354]]],[[[161.0900471,69.5977289],[161.035386,69.6159389],[161.0900471,69.5977289]]],[[[161.9317451,69.6322805],[161.9508818,69.6388655],[161.9317451,69.6322805]]],[[[161.8871997,69.6227157],[161.9094724,69.6376938],[161.8871997,69.6227157]]],[[[161.7627084,69.5923461],[161.8021906,69.6377896],[161.7465723,69.6247644],[161.7627084,69.5923461]]],[[[161.6815126,69.5980917],[161.6950739,69.6335483],[161.6624582,69.6198032],[161.6815126,69.5980917]]],[[[160.9591979,69.60094],[160.915706,69.6314748],[160.9591979,69.60094]]],[[[160.8694392,69.619573],[160.8305628,69.6398008],[160.8694392,69.619573]]],[[[161.015525,69.62645263323262],[161.0599065,69.6332502],[161.015525,69.62645263323262]]],[[[161.1372675,69.6222541],[161.1071407,69.6333972],[161.1372675,69.6222541]]],[[[161.0939602,69.6318106],[161.0939602,69.6318106]]],[[[160.4133847,69.6547511],[160.4974607,69.6491316],[160.4133847,69.6547511]]],[[[160.9611801,69.6510525],[160.9283905,69.6573359],[160.9611801,69.6510525]]],[[[160.6154604,69.6503003],[160.6543346,69.6598162],[160.5640414,69.6650206],[160.6154604,69.6503003]]],[[[160.5653206,69.653865],[160.5013108,69.6723915],[160.5653206,69.653865]]],[[[161.015525,69.65382797912459],[161.0841156,69.6605402],[160.9668282,69.6715613],[161.015525,69.65382797912459]]],[[[160.1020184,69.7192933],[160.1339047,69.7259583],[160.1020184,69.7192933]]],[[[160.0932461,69.7230823],[160.0643373,69.7355422],[160.0932461,69.7230823]]],[[[159.6727387,70.0956442],[159.7600607,70.1030648],[159.6727387,70.0956442]]],[[[162.4803127,70.6361904],[162.5037306,70.6403447],[162.2391079,70.6457767],[162.3468205,70.6209309],[162.4803127,70.6361904]]],[[[161.6686116,70.6597706],[161.7089288,70.6666135],[161.6784476,70.6865119],[161.6686116,70.6597706]]],[[[152.7876779,70.8150796],[152.8757184,70.8136751],[152.7876779,70.8150796]]],[[[152.786732,70.8140918],[152.7129477,70.8149182],[152.786732,70.8140918]]],[[[153.2975426,70.8278712],[153.2776989,70.8370409],[153.2975426,70.8278712]]],[[[153.6483344,70.8338093],[153.6678333,70.8611147],[153.5461795,70.8584171],[153.6483344,70.8338093]]],[[[153.7997386,70.8616563],[153.8565479,70.8787919],[153.7751162,70.8659418],[153.7997386,70.8616563]]],[[[161.5220356,70.8901401],[161.4870957,70.9295777],[161.4242746,70.9246186],[161.4476854,70.9155815],[161.4286989,70.8894774],[161.5892802,70.8834619],[161.5220356,70.8901401]]],[[[153.8791125,70.8790922],[153.9351511,70.8902613],[153.8791125,70.8790922]]],[[[161.5368992,70.8150426],[161.5022932,70.7710975],[161.7105727,70.71495],[161.6553512,70.7714394],[161.6952257,70.7904742],[161.5368992,70.8150426]]],[[[160.7182241,70.797384],[160.7604972,70.8130447],[160.6747468,70.8477472],[160.6770304,70.8777411],[160.4313647,70.9005906],[160.5610206,70.8779028],[160.5086656,70.8074233],[160.7182241,70.797384]]],[[[151.6054296,70.9828338],[151.4980478,70.9678874],[151.6895419,70.9677403],[151.6054296,70.9828338]]],[[[155.5716874,71.0168336],[155.613553,71.0415563],[155.5716874,71.0168336]]],[[[130.0875764,71.0699425],[130.0245644,71.0466596],[130.1119222,71.0689049],[130.0875764,71.0699425]]],[[[129.8876017,71.0694678],[129.9734384,71.0860351],[129.8676724,71.0727566],[129.8876017,71.0694678]]],[[[131.9704766,71.2098364],[132.0688768,71.2173346],[131.9704766,71.2098364]]],[[[151.7185251,71.245959],[151.689857,71.2587961],[151.7185251,71.245959]]],[[[137.6127002,71.2893887],[137.6672097,71.3154373],[137.6127002,71.2893887]]],[[[137.9353467,71.2903124],[137.9622111,71.2943292],[137.8916516,71.3018758],[137.9353467,71.2903124]]],[[[138.0360506,71.2518913],[138.0598389,71.2628809],[137.9943451,71.2592875],[138.0360506,71.2518913]]],[[[150.400816,71.253708],[150.4279896,71.2646949],[150.400816,71.253708]]],[[[150.46885,71.30967048288775],[150.3630163,71.2773498],[150.4332457,71.2670684],[150.5164257,71.3073101],[150.46885,71.30967048288775]]],[[[150.020053,71.2109653],[150.0969979,71.2192064],[150.020053,71.2109653]]],[[[137.7757957,71.2048789],[137.7952661,71.240904],[137.7508381,71.2212674],[137.7757957,71.2048789]]],[[[137.8124,71.23203819796124],[137.7961705,71.2161021],[137.8124,71.23203819796124]]],[[[137.6876308,71.2566915],[137.6639532,71.2485965],[137.7464531,71.2201356],[137.7742657,71.2558026],[137.7351042,71.2488229],[137.7953559,71.2861905],[137.6876308,71.2566915]]],[[[134.9999,71.38691809672802],[135.0407937,71.3885799],[134.9562858,71.394104],[134.9999,71.38691809672802]]],[[[137.4610375,71.38434186482789],[137.5695476,71.3981291],[137.4142291,71.392689],[137.4610375,71.38434186482789]]],[[[137.6064103,71.3799861],[137.5877144,71.3951312],[137.6064103,71.3799861]]],[[[150.8848654,71.3867141],[150.9171061,71.3957642],[150.7470008,71.3779634],[150.8848654,71.3867141]]],[[[150.6274604,71.3772684],[150.6778593,71.3973268],[150.6274604,71.3772684]]],[[[150.910085,71.4051463],[150.9263592,71.4214317],[150.8743071,71.4244343],[150.910085,71.4051463]]],[[[150.767785,71.4023712],[150.7054987,71.3871805],[150.8118084,71.3991783],[150.767785,71.4023712]]],[[[137.8903431,71.3622295],[137.8485104,71.3832822],[137.8903431,71.3622295]]],[[[150.7379404,71.3221156],[150.7921429,71.3470473],[150.7379404,71.3221156]]],[[[134.8354919,71.3470676],[134.8553938,71.3638906],[134.8354919,71.3470676]]],[[[151.3982434,71.3632552],[151.1441573,71.3871341],[151.4499068,71.3469443],[151.3982434,71.3632552]]],[[[150.5061428,71.3190649],[150.5732078,71.3568905],[150.5061428,71.3190649]]],[[[150.5377667,71.3244673],[150.6127441,71.3668551],[150.5377667,71.3244673]]],[[[137.6050777,71.3374853],[137.6431578,71.3597888],[137.6023466,71.3621295],[137.6050777,71.3374853]]],[[[134.9264984,71.4018744],[134.8559906,71.4085763],[134.9264984,71.4018744]]],[[[150.8575849,71.4233508],[150.7870074,71.4303383],[150.8575849,71.4233508]]],[[[150.7234522,71.4114321],[150.7726742,71.405114],[150.7234522,71.4114321]]],[[[150.8401654,71.4070458],[150.8621141,71.4186725],[150.7657415,71.4165379],[150.8401654,71.4070458]]],[[[150.6508579,71.4151482],[150.5874474,71.3644883],[150.6719202,71.4067146],[150.6508579,71.4151482]]],[[[134.8306756,71.4172489],[134.8000138,71.4498754],[134.7692406,71.4316626],[134.8306756,71.4172489]]],[[[150.7809492,71.4411334],[150.8059792,71.4609841],[150.7809492,71.4411334]]],[[[150.5518546,71.5001963],[150.5854153,71.5086805],[150.5099387,71.5066847],[150.5518546,71.5001963]]],[[[137.5562474,71.4276987],[137.5073254,71.438447],[137.5562474,71.4276987]]],[[[137.109475,71.45859939844227],[137.286744,71.436556],[137.0894802,71.4681705],[137.109475,71.45859939844227]]],[[[136.6541538,71.4565161],[136.6069139,71.4888518],[136.6541538,71.4565161]]],[[[140.0781676,71.4680973],[140.0456929,71.474837],[140.0781676,71.4680973]]],[[[137.4610375,71.42203343714655],[137.416395,71.4457065],[137.4844541,71.4602882],[137.179169,71.4866365],[137.4610375,71.42203343714655]]],[[[137.4608375,71.46672274130037],[137.5526158,71.4658892],[137.4608375,71.46672274130037]]],[[[134.9630716,71.46978],[134.9034032,71.4848089],[134.9630716,71.46978]]],[[[150.7235068,71.4720304],[150.7018226,71.4919686],[150.7235068,71.4720304]]],[[[139.949119,71.4917055],[139.9051207,71.5014241],[139.9402579,71.4919119],[139.8848183,71.4629718],[139.9433715,71.4645844],[139.949119,71.4917055]]],[[[137.109475,71.48352630767995],[137.1691685,71.4948844],[137.0208677,71.5028009],[137.109475,71.48352630767995]]],[[[136.9379797,71.5069767],[136.9072562,71.5337143],[136.9379797,71.5069767]]],[[[137.109275,71.51471208368869],[137.30437,71.4723492],[137.3454665,71.4932368],[137.1867095,71.5459186],[137.0438766,71.5312277],[137.109275,71.51471208368869]]],[[[150.5084938,71.5301917],[150.5766956,71.5425786],[150.4716392,71.5496523],[150.5084938,71.5301917]]],[[[150.126395,71.5255752],[150.1662696,71.5422866],[150.0310607,71.5187402],[150.126395,71.5255752]]],[[[149.999437,71.5301386],[150.0332694,71.5330993],[149.999437,71.5301386]]],[[[150.2215077,71.5315909],[150.3033207,71.5378822],[150.2215077,71.5315909]]],[[[150.2475999,71.5773665],[150.2790366,71.5922679],[150.2083285,71.591503],[150.2475999,71.5773665]]],[[[150.191238,71.581149],[150.1569033,71.6106944],[150.191238,71.581149]]],[[[150.0400546,71.5335883],[150.0505706,71.5648307],[150.0260494,71.5613803],[150.0400546,71.5335883]]],[[[150.2656745,71.5528183],[150.2320913,71.5560424],[150.2656745,71.5528183]]],[[[150.1909231,71.5448254],[150.2283852,71.5593134],[150.1361816,71.551812],[150.1909231,71.5448254]]],[[[150.3583649,71.5483717],[150.4126398,71.5649715],[150.3583649,71.5483717]]],[[[150.3472415,71.5470659],[150.3649959,71.5617617],[150.2837401,71.5677827],[150.3472415,71.5470659]]],[[[150.1254326,71.6205821],[150.150118,71.6343803],[150.1052404,71.6280794],[150.1254326,71.6205821]]],[[[129.0439826,71.6475062],[129.0679246,71.656677],[129.018295,71.6659411],[129.0439826,71.6475062]]],[[[149.9825883,71.6573916],[149.9191888,71.6676378],[149.9825883,71.6573916]]],[[[138.3667261,71.6752045],[138.3938729,71.6787724],[138.3197439,71.6797964],[138.3667261,71.6752045]]],[[[138.7305545,71.6504524],[138.7862415,71.6670843],[138.7305545,71.6504524]]],[[[138.954978125,71.68721213565163],[139.021342,71.6714445],[138.954978125,71.68721213565163]]],[[[138.8672875,71.67080066770365],[138.9414734,71.6887548],[138.8672875,71.67080066770365]]],[[[136.4796324,71.6267507],[136.4546745,71.6292325],[136.5370647,71.6311748],[136.4160407,71.6311272],[136.4796324,71.6267507]]],[[[150.0156599,71.7673905],[149.8886517,71.7497746],[150.0156599,71.7673905]]],[[[138.8672875,71.78980531300952],[138.76112,71.7905387],[138.8672875,71.78980531300952]]],[[[138.8672875,71.80054737158072],[138.763174,71.8007895],[139.064588,71.7651926],[138.8672875,71.80054737158072]]],[[[138.9748633,71.8176997],[138.9334415,71.8221179],[138.9748633,71.8176997]]],[[[149.454221,71.8283668],[149.3982738,71.8336014],[149.454221,71.8283668]]],[[[138.9585929,71.8393855],[138.8697918,71.8490372],[138.9585929,71.8393855]]],[[[132.9864733,71.894136],[133.0130297,71.8989636],[132.9322698,71.9065089],[132.9864733,71.894136]]],[[[133.3370965,71.8650808],[133.1853044,71.9401261],[133.3370965,71.8650808]]],[[[132.8891359,71.9011078],[132.8444774,71.9162069],[132.8891359,71.9011078]]],[[[128.873692,71.9389124],[128.9152784,71.939957],[128.8542648,71.9458653],[128.873692,71.9389124]]],[[[138.8672875,71.8438964379083],[138.798353,71.8497709],[138.8672875,71.8438964379083]]],[[[138.7955061,71.8530621],[138.7124857,71.8342003],[138.8522405,71.8519109],[138.7640092,71.8626717],[138.7955061,71.8530621]]],[[[138.515525,71.84511077848569],[138.6500776,71.848281],[138.6225231,71.8262103],[138.7613676,71.8641752],[138.8690388,71.855676],[138.6830569,71.8468894],[138.466837,71.8932738],[138.3555674,71.8426859],[138.515525,71.84511077848569]]],[[[138.515525,71.67560325275048],[138.4324974,71.6757134],[138.6841548,71.6449117],[138.9406267,71.7227474],[138.5938937,71.7105361],[138.515525,71.67560325275048]]],[[[138.9485129,71.7514643],[138.9045836,71.7282379],[139.0028674,71.7505022],[138.9485129,71.7514643]]],[[[129.990103,71.5878638],[130.0275777,71.5498719],[129.9378741,71.6127276],[129.990103,71.5878638]]],[[[137.4610375,71.48299129231715],[137.6177819,71.4749943],[137.6360289,71.4420544],[137.7642206,71.4083385],[137.9008387,71.4388936],[138.0334276,71.5320787],[137.9734487,71.5515992],[138.0103517,71.5506468],[137.9837639,71.5732505],[137.7862667,71.5981677],[137.704765,71.5870558],[137.7664805,71.5835062],[137.7176997,71.5683452],[137.4530421,71.5911151],[137.1762229,71.5538995],[137.2322602,71.5157251],[137.4610375,71.48299129231715]]],[[[136.6687758,71.5842648],[136.5889318,71.5826903],[136.6362514,71.5470666],[136.7316701,71.5675007],[136.6687758,71.5842648]]],[[[136.5632248,71.5956689],[136.5908782,71.6057868],[136.4783245,71.5946997],[136.608214,71.5956855],[136.5632248,71.5956689]]],[[[150.2020448,71.5681363],[150.0737959,71.5398653],[150.2020448,71.5681363]]],[[[150.0754797,71.6053731],[150.0728284,71.5567326],[150.1677584,71.5839997],[150.0754797,71.6053731]]],[[[136.5000565,71.5987999],[136.5363173,71.6101537],[136.4701172,71.6019337],[136.5000565,71.5987999]]],[[[138.515725,71.59887253524931],[138.576483,71.6174973],[138.2147775,71.5805994],[138.515725,71.59887253524931]]],[[[138.5886809,71.604355],[138.6135923,71.6123387],[138.5596671,71.6096122],[138.5886809,71.604355]]],[[[150.0315077,71.5678602],[150.0950518,71.6151357],[150.0779267,71.6343143],[150.0231613,71.6265636],[150.0315077,71.5678602]]],[[[150.0185686,71.6144695],[150.0342142,71.6310837],[149.9970358,71.6353638],[149.9984259,71.6008526],[150.0185686,71.6144695]]],[[[129.1744431,72.0412069],[129.0941924,72.0569765],[129.1744431,72.0412069]]],[[[129.0233375,72.05438926762082],[128.9550069,72.0472168],[129.0742006,72.0564951],[129.0233375,72.05438926762082]]],[[[128.9126828,72.0550629],[128.9126828,72.0550629]]],[[[129.2110294,72.0542018],[129.2533935,72.0614341],[129.1879869,72.0701952],[129.2110294,72.0542018]]],[[[129.0233375,72.0676708210864],[128.9547097,72.0637291],[129.0233375,72.0676708210864]]],[[[129.1033254,72.0597824],[129.1709088,72.0622901],[129.1033254,72.0597824]]],[[[145.8915326,72.1926649],[145.8513885,72.2023744],[145.900996,72.1857658],[145.8757403,72.1457778],[146.0492582,72.2058412],[145.8915326,72.1926649]]],[[[128.4090309,72.1774763],[128.4853692,72.1774355],[128.4090309,72.1774763]]],[[[129.2742931,72.1292433],[129.3244354,72.1415593],[129.233778,72.149609],[129.2742931,72.1292433]]],[[[129.550795,72.137349],[129.4676719,72.1422922],[129.550795,72.137349]]],[[[129.1828483,72.1379097],[129.2175268,72.1491167],[129.135378,72.1476545],[129.1828483,72.1379097]]],[[[129.5519022,72.1465444],[129.5003872,72.1511545],[129.5519022,72.1465444]]],[[[129.0233375,72.14886121295199],[129.1071578,72.1492079],[128.9953531,72.1561256],[129.0233375,72.14886121295199]]],[[[129.0233375,72.16546577999671],[129.1689781,72.1662669],[128.9638351,72.1735008],[129.0233375,72.16546577999671]]],[[[128.671975,72.18998912844631],[128.6182267,72.1877035],[128.7222791,72.1515958],[128.8450864,72.1604185],[128.671975,72.18998912844631]]],[[[129.3749,72.19033148102262],[129.1665858,72.1808494],[129.2879567,72.1517084],[129.4236931,72.1853181],[129.3749,72.19033148102262]]],[[[129.1609958,72.1689545],[129.0459946,72.174527],[129.1609958,72.1689545]]],[[[129.0235375,72.17563560445831],[129.0906585,72.1819212],[128.8366565,72.1711429],[129.0235375,72.17563560445831]]],[[[146.0511836,72.0787869],[146.1007953,72.0881341],[146.0288345,72.0838502],[146.0511836,72.0787869]]],[[[129.0235375,72.08468906187557],[129.1881371,72.0850147],[128.9877679,72.0874895],[129.0235375,72.08468906187557]]],[[[128.7385004342249,72.0704125],[128.8114845,72.063807],[128.7385004342249,72.0704125]]],[[[128.671975,72.07245214910067],[128.5912619,72.086211],[128.7307671,72.0550251],[128.671975,72.07245214910067]]],[[[128.7883776161185,72.0702125],[128.8508492,72.0661406],[128.8120029,72.0944686],[128.6933024,72.0904858],[128.7883776161185,72.0702125]]],[[[128.665117,72.0878846],[128.6066223,72.1056616],[128.665117,72.0878846]]],[[[129.3751,72.08267406309115],[129.0683911,72.1065204],[129.3751,72.08267406309115]]],[[[128.9333261339414,72.0704125],[129.1374099,72.0727924],[128.850427,72.1185195],[128.9333261339414,72.0704125]]],[[[129.3749,72.10908757758921],[129.3387433,72.1044862],[129.4457641,72.0971173],[129.3749,72.10908757758921]]],[[[129.3751,72.13562724829814],[129.3941035,72.1286561],[129.2533703,72.1204567],[129.4482932,72.0986446],[129.5368544,72.1303612],[129.3751,72.13562724829814]]],[[[129.0235375,72.1037629118527],[129.0656303,72.1088109],[129.0031694,72.104874],[129.0235375,72.1037629118527]]],[[[128.9415477,72.1001713],[128.9967931,72.101713],[128.8966298,72.1101175],[128.9415477,72.1001713]]],[[[128.583884375,72.09804822967928],[128.5215959,72.115693],[128.583884375,72.09804822967928]]],[[[128.8127663,72.1011126],[128.8653015,72.0745828],[128.8301715,72.1057276],[128.6970027,72.1180868],[128.8127663,72.1011126]]],[[[128.671775,72.1146242371946],[128.6331237,72.1103121],[128.7571349,72.0984962],[128.671775,72.1146242371946]]],[[[128.583884375,72.1153020709308],[128.6315121,72.107754],[128.583884375,72.1153020709308]]],[[[129.0233375,72.1121311614887],[129.2408915,72.120217],[128.7759221,72.1590741],[128.9016124,72.1110139],[129.0233375,72.1121311614887]]],[[[128.7584664,72.1237933],[128.8428296,72.1317999],[128.6755634,72.1551013],[128.7584664,72.1237933]]],[[[128.671775,72.14283057789852],[128.5758771,72.1780346],[128.5043606,72.1693079],[128.5336689,72.1645251],[128.4877154,72.1380925],[128.7194165,72.1206752],[128.671775,72.14283057789852]]],[[[128.671975,71.91823711120131],[128.7778083,71.9188545],[128.572278,71.9734884],[128.671975,71.91823711120131]]],[[[128.671975,71.93393493039574],[128.8557457,71.9299239],[128.577713,72.0067174],[128.5947616,71.9640824],[128.671975,71.93393493039574]]],[[[129.3087482,72.0000314],[129.3330398,72.0183884],[129.2710839,72.0238501],[129.3087482,72.0000314]]],[[[128.671775,72.00777256625393],[128.8095711,71.9602112],[128.9217671,71.9639779],[128.671775,72.00777256625393]]],[[[128.671975,71.99378745343044],[128.6941542,71.9885379],[128.647227,72.0064952],[128.671975,71.99378745343044]]],[[[128.8383777,72.0224385],[128.6833811,72.0393678],[129.0120071,71.9971077],[128.8383777,72.0224385]]],[[[128.671975,72.01589756220145],[128.6936545,72.0189431],[128.6535569,72.0400837],[128.5374409,72.0140359],[128.671975,72.01589756220145]]],[[[128.49619375,72.1917039552281],[128.4543992,72.1949826],[128.49619375,72.1917039552281]]],[[[128.544621,72.1936791],[128.5142385,72.2058709],[128.544621,72.1936791]]],[[[128.584084375,72.19817676214943],[128.6209942,72.1951187],[128.5483258,72.2128509],[128.584084375,72.19817676214943]]],[[[129.2185984,72.204305],[129.2798914,72.215463],[129.0381246,72.2000792],[129.2185984,72.204305]]],[[[128.8191227,72.215841],[128.7752029,72.2180954],[128.9896799,72.195739],[128.9193831,72.2297049],[128.8191227,72.215841]]],[[[128.671775,72.22725759845329],[128.7911906,72.2091703],[128.671775,72.22725759845329]]],[[[129.3751,72.20173674421737],[129.0331059,72.1962476],[129.2716069,72.172939],[129.4456152,72.194468],[129.3134984,72.1839915],[129.4156181,72.1973442],[129.3751,72.20173674421737]]],[[[128.671775,72.21097302777319],[128.6140729,72.2066031],[128.7836629,72.174285],[128.9079381,72.1933147],[128.671775,72.21097302777319]]],[[[128.3204125,72.21919452254281],[128.3661514,72.2113266],[128.2888895,72.2315042],[128.3498824,72.2141712],[128.3204125,72.21919452254281]]],[[[128.584084375,72.23290662146489],[128.5369452,72.2332653],[128.6908299,72.2136373],[128.584084375,72.23290662146489]]],[[[129.1836625,72.2197983],[129.2180596,72.2293453],[129.1519243,72.2242973],[129.1836625,72.2197983]]],[[[129.26152,72.2262262],[129.2164449,72.2215197],[129.26152,72.2262262]]],[[[129.3751,72.28723633183087],[129.3280844,72.276717],[129.3914435,72.2712766],[129.3751,72.28723633183087]]],[[[129.3749,72.24373214079621],[129.2794364,72.2111542],[129.571056,72.2138184],[129.3749,72.24373214079621]]],[[[128.49619375,72.23492358546021],[128.3505125,72.2281396],[128.5486169,72.2179618],[128.49619375,72.23492358546021]]],[[[128.671975,72.2376914157451],[128.8300025,72.2145732],[128.900951,72.2345511],[128.671975,72.2376914157451]]],[[[128.54472108629963,72.24599375],[128.7001486,72.2317928],[128.54472108629963,72.24599375]]],[[[128.49619375,72.25590211859749],[128.3795428,72.272693],[128.5475968,72.2424885],[128.49619375,72.25590211859749]]],[[[129.2716256,72.2308117],[129.3529731,72.2694525],[129.2354805,72.2505322],[129.2716256,72.2308117]]],[[[129.2156351,72.2366293],[129.2519868,72.2630315],[129.2053675,72.2541428],[129.2156351,72.2366293]]],[[[129.3749,72.26266891721193],[129.3175759,72.2519684],[129.445708,72.2672882],[129.3749,72.26266891721193]]],[[[128.4961066,72.2882275],[128.4531838,72.2780209],[128.5919258,72.2445012],[128.6748352,72.2672681],[128.4961066,72.2882275]]],[[[128.671775,72.2473874485055],[128.9034394,72.2387677],[128.9070682,72.2657255],[128.7888355,72.3052375],[128.6751244,72.2746782],[128.671775,72.2473874485055]]],[[[128.49619375,72.29353602072683],[128.4362112,72.2843611],[128.6946746,72.2841632],[128.6476653,72.3069523],[128.49619375,72.29353602072683]]],[[[128.3748905,72.2984854],[128.4299591,72.2830655],[128.3748905,72.2984854]]],[[[129.3749,72.3206386579921],[129.5345477,72.3094824],[129.350347,72.3273969],[129.3749,72.3206386579921]]],[[[129.3751,72.32974225036793],[129.5317792,72.3153667],[129.3751,72.32974225036793]]],[[[129.3764117,72.3332593],[129.4798504,72.3280585],[129.3764117,72.3332593]]],[[[129.4775853,72.3323684],[129.5308245,72.3305313],[129.4247071,72.3378547],[129.4775853,72.3323684]]],[[[127.5877881,72.3979319],[127.7280666,72.3605472],[127.6911961,72.404518],[127.566684,72.4085144],[127.5877881,72.3979319]]],[[[127.4589376,72.3735884],[127.5694767,72.3676443],[127.4502608,72.4160746],[127.3595823,72.4043568],[127.4589376,72.3735884]]],[[[127.7707299,72.3652879],[127.7317772,72.3920038],[127.7707299,72.3652879]]],[[[129.3749,72.4080547445098],[129.450608,72.4154713],[129.3293592,72.4174978],[129.3749,72.4080547445098]]],[[[127.6537673539977,72.421775],[127.9195542,72.3575944],[127.8011508,72.4154337],[127.6537673539977,72.421775]]],[[[127.852465,72.4060261],[127.8059523,72.4195513],[127.852465,72.4060261]]],[[[129.4890287,72.3512482],[129.394836,72.3575903],[129.4890287,72.3512482]]],[[[129.3749,72.35629577906955],[129.4939021,72.3445929],[129.2828358,72.3611034],[129.3749,72.35629577906955]]],[[[129.0233375,72.20311133177815],[129.2185281,72.2336883],[129.1370427,72.247559],[129.2424327,72.2795633],[129.4838686,72.299648],[129.0316901,72.3440558],[128.8030923,72.3075518],[128.8821548,72.2945841],[128.9068089,72.2345539],[129.0233375,72.20311133177815]]],[[[128.3202125,72.24788316242211],[128.3840733,72.2502218],[128.3772579,72.2905718],[127.9260055,72.3696398],[128.1429991,72.2646531],[128.3202125,72.24788316242211]]],[[[128.3202125,72.31413205317354],[128.4415538,72.2880808],[128.7724554,72.3049638],[128.6197943,72.3139275],[128.7200385,72.2992755],[128.75645,72.3082664],[128.7464451,72.3330377],[128.3663576,72.3751123],[128.0606268,72.375178],[128.3202125,72.31413205317354]]],[[[128.671975,72.34413001254455],[128.7753626,72.3077776],[128.9883335,72.3413756],[128.8449178,72.3293066],[128.8772098,72.3431265],[128.7889251,72.3702625],[128.6334316,72.3464024],[128.671975,72.34413001254455]]],[[[128.671975,72.333564692199],[128.6954689,72.3373093],[128.5973454,72.3409668],[128.671975,72.333564692199]]],[[[129.3751,72.33610841171986],[129.4019902,72.3381575],[129.0232724,72.3449517],[129.3751,72.33610841171986]]],[[[129.3749,72.34885128877191],[129.4567953,72.3421269],[129.3416968,72.3543674],[129.3749,72.34885128877191]]],[[[129.6065147,72.3636991],[129.5568381,72.3791754],[129.6065147,72.3636991]]],[[[128.005483,72.3733761],[128.0567413,72.3769484],[128.005483,72.3733761]]],[[[129.3751,72.3619723510295],[129.4769626,72.3568987],[129.3751,72.3619723510295]]],[[[129.1985499,72.3594171],[129.1698519,72.3540783],[129.3490655,72.3653414],[129.1985499,72.3594171]]],[[[129.0235375,72.37079924055517],[128.8648949,72.3579375],[129.1438786,72.3717284],[129.0235375,72.37079924055517]]],[[[128.671975,72.35629431602668],[128.3884481,72.395367],[128.5575898,72.3489299],[128.671975,72.35629431602668]]],[[[129.3751,72.36543366703472],[129.4863317,72.3607086],[129.3431474,72.3866859],[129.2631497,72.3693066],[129.3751,72.36543366703472]]],[[[128.7998585,72.3727016],[129.0131885,72.3712692],[128.7769107,72.3874963],[128.7998585,72.3727016]]],[[[128.671975,72.36411768227435],[128.7858962,72.3767751],[128.5433009,72.3814752],[128.671975,72.36411768227435]]],[[[129.3751,72.3845248343881],[129.4567082,72.3722769],[129.3347208,72.3873394],[129.3751,72.3845248343881]]],[[[129.1666251,72.3696666],[129.1184957,72.3582036],[129.3501808,72.4013655],[129.1666251,72.3696666]]],[[[129.1802847,72.3869006],[129.2174952,72.3936345],[129.1571069,72.3903699],[129.1802847,72.3869006]]],[[[127.96865,72.38732743216163],[127.9048471,72.3920115],[128.0136701,72.3856825],[127.96865,72.38732743216163]]],[[[128.671775,72.38354359270637],[128.7485757,72.3920614],[128.5933617,72.3874606],[128.671775,72.38354359270637]]],[[[128.3202125,72.39434708370075],[128.260761,72.4209956],[128.1453765,72.3934477],[128.4221093,72.3855029],[128.3202125,72.39434708370075]]],[[[140.282346,72.516637],[140.2595152,72.513743],[140.2975985,72.4959946],[140.282346,72.516637]]],[[[129.3749,72.44204035780915],[129.3143037,72.4267202],[129.4310573,72.4285454],[129.3749,72.44204035780915]]],[[[128.8801688,72.4696007],[128.9479404,72.4854707],[128.8521526,72.4746918],[128.8801688,72.4696007]]],[[[128.8004136,72.4759243],[128.8732493,72.4892698],[128.8004136,72.4759243]]],[[[127.0101155,72.4515033],[127.2364738,72.4365297],[127.0101155,72.4515033]]],[[[127.265525,72.51634170084671],[126.8950124,72.4937963],[126.9532278,72.5197094],[126.909122,72.5223202],[127.0064742,72.5381414],[126.9790894,72.5394003],[126.8005984,72.5088838],[126.8828183,72.5036372],[126.7193847,72.4990245],[126.6861407,72.4633594],[126.7427052,72.4279603],[127.1011229,72.4235258],[126.9875634,72.4443929],[127.0614709,72.4621245],[126.863312,72.4673838],[127.1155266,72.4640494],[127.0797714,72.4734214],[127.265525,72.51634170084671]]],[[[128.9242723,72.4642568],[128.8852729,72.4667932],[128.9242723,72.4642568]]],[[[127.6172875,72.43683216015108],[127.6642369,72.4436941],[127.5604362,72.4767051],[127.6830473,72.4936523],[127.4329172,72.4455857],[127.6172875,72.43683216015108]]],[[[128.8014747,72.4565074],[128.8276398,72.4664962],[128.7802445,72.4608285],[128.8014747,72.4565074]]],[[[128.671975,72.4880961950564],[128.6996987,72.4639168],[128.775717,72.4843295],[128.671975,72.4880961950564]]],[[[129.0235375,72.40786274803438],[129.227654,72.3959227],[129.2750762,72.4053162],[129.2483438,72.4271963],[129.3424815,72.4409818],[129.1700247,72.4629213],[129.2704508,72.4635768],[129.2412671,72.4674467],[128.9785146,72.4604376],[129.0235375,72.40786274803438]]],[[[127.96885,72.52943086102384],[127.8015583,72.5245533],[127.7976326,72.4941201],[127.6262222,72.4649024],[128.0342401,72.3876997],[128.2530424,72.4236492],[128.3065759,72.3947144],[129.0359783,72.3840414],[128.9725851,72.459415],[128.9014576,72.4519829],[128.8934266,72.4265159],[128.8887558,72.4517208],[128.718519,72.4525749],[128.5175853,72.492304],[128.6477893,72.4749466],[128.5537348,72.5064406],[128.1752158,72.5545511],[127.96885,72.52943086102384]]],[[[129.1947559,72.477462],[129.1243914,72.4813509],[129.1947559,72.477462]]],[[[127.430961,72.4828842],[127.5191719,72.4781917],[127.430961,72.4828842]]],[[[129.0235375,72.4902469942176],[129.0650395,72.4887884],[129.0235375,72.4902469942176]]],[[[129.19911875,72.48652434893637],[129.2873498,72.4870591],[129.19911875,72.48652434893637]]],[[[128.831658,72.4901328],[128.8723502,72.4964231],[128.8027739,72.4927895],[128.831658,72.4901328]]],[[[128.9377223,72.4960706],[128.9708245,72.5005497],[128.9020505,72.4989948],[128.9377223,72.4960706]]],[[[129.19911875,72.55407801028367],[129.2348016,72.5571344],[129.1354632,72.5612925],[129.19911875,72.55407801028367]]],[[[129.4193488,72.5075211],[129.3886085,72.5001738],[129.4741952,72.4933456],[129.4193488,72.5075211]]],[[[129.3749,72.50935052641756],[129.294604,72.5156644],[129.455123,72.5112752],[129.3749,72.50935052641756]]],[[[127.265525,72.50118538123392],[127.1446521,72.4735248],[127.3042635,72.4403135],[127.5347343,72.4798402],[127.3476251,72.4847671],[127.4536321,72.4707939],[127.3778825,72.5069953],[127.3938749,72.5278265],[127.265525,72.50118538123392]]],[[[127.5611369,72.4892327],[127.5987598,72.4966561],[127.4704537,72.5125818],[127.5611369,72.4892327]]],[[[127.7730992,72.4928203],[127.8024736,72.5107595],[127.7305565,72.5243705],[127.720369,72.4941507],[127.7730992,72.4928203]]],[[[127.4522078,72.5023458],[127.5014826,72.5227842],[127.3845504,72.5131834],[127.4522078,72.5023458]]],[[[129.0235375,72.51786806682041],[128.993744,72.5232909],[129.0799849,72.5105002],[129.0235375,72.51786806682041]]],[[[129.0233375,72.5235497653232],[129.0923438,72.5179042],[129.0233375,72.5235497653232]]],[[[128.8178168,72.5161815],[128.8594051,72.5234971],[128.8178168,72.5161815]]],[[[127.6172875,72.50802994904825],[127.6183173,72.5407483],[127.5101,72.5420161],[127.6172875,72.50802994904825]]],[[[127.8059709,72.5478339],[127.6543688,72.5481497],[127.6296597,72.5035151],[127.7180467,72.5029519],[127.7163501,72.5268352],[127.8059709,72.5478339]]],[[[129.5632758,72.5462595],[129.5971696,72.5671128],[129.5366873,72.5539978],[129.5632758,72.5462595]]],[[[129.3749,72.53240401412339],[129.2840355,72.5192567],[129.3938394,72.5259691],[129.3749,72.53240401412339]]],[[[127.4967755,72.5282431],[127.4401685,72.5335602],[127.4967755,72.5282431]]],[[[128.5558813,72.5227976],[128.640459,72.5237341],[128.5558813,72.5227976]]],[[[129.19911875,72.53316986922222],[129.105165,72.5301618],[129.19911875,72.53316986922222]]],[[[128.671775,72.50748384467545],[128.8080538,72.5150229],[128.7155199,72.5357354],[128.8657063,72.5334657],[128.6633894,72.5480465],[128.8448082,72.5400936],[128.7355235,72.564123],[128.5080888,72.5449146],[128.6222564,72.5403081],[128.671775,72.50748384467545]]],[[[129.0235375,72.54552106837188],[128.8872605,72.5559628],[129.118007,72.5429295],[129.0235375,72.54552106837188]]],[[[128.4607942,72.5465812],[128.3731476,72.5453039],[128.5384706,72.5219917],[128.4607942,72.5465812]]],[[[129.2448689,72.5457522],[129.3045256,72.5496309],[129.2448689,72.5457522]]],[[[129.19911875,72.55078106255148],[129.2219706,72.5528055],[129.0482321,72.5506233],[129.19911875,72.55078106255148]]],[[[111.0895776,74.3096119],[111.1131518,74.2768681],[111.2209203,74.2715181],[111.195768,74.3143368],[111.0895776,74.3096119]]],[[[112.9110507,74.6273476],[112.8832268,74.6235563],[112.9924765,74.661615],[112.9183108,74.6749625],[112.9485976,74.6426544],[112.9110507,74.6273476]]],[[[136.2342841,75.6237711],[135.9102251,75.7058032],[135.7207866,75.8706953],[135.6784816,75.8395226],[135.7211385,75.8011891],[135.6028044,75.6727902],[135.6632543,75.5992625],[135.6073188,75.5096214],[135.4946763,75.4428961],[135.5364242,75.3701411],[135.873282,75.3752445],[136.0555705,75.4425126],[135.9602605,75.487429],[136.2342841,75.6237711]]],[[[143.4376,75.03813508730667],[143.4289977,75.0183534],[143.4646608,75.0430438],[143.4376,75.03813508730667]]],[[[149.5048862,74.7290128],[149.4723724,74.7357911],[149.5048862,74.7290128]]],[[[146.2501,75.34726901747185],[146.2899244,75.2697433],[146.1143905,75.2395842],[146.3235186,75.1653924],[146.7779188,75.0992927],[147.1210294,75.007485],[147.6915656,74.9529192],[148.1129969,74.7945703],[148.7110618,74.7372698],[149.5651101,74.7459311],[150.6351191,74.8619338],[150.7010697,74.9602002],[150.6743495,74.9947677],[150.9653383,75.1269667],[150.7872378,75.1421395],[150.7019119,75.1275117],[150.7643353,75.1196801],[150.7123367,75.0999096],[150.5437449,75.0765093],[150.5223386,75.080765],[150.6391928,75.1081817],[150.2467477,75.1305922],[150.3122295,75.1540475],[150.1424741,75.2042603],[149.7124078,75.2119083],[149.6857766,75.2165266],[149.7446647,75.2256522],[149.3947931,75.2619065],[148.9412487,75.2093568],[148.9921141,75.1921422],[148.3343468,75.2109795],[148.3089946,75.2263176],[148.548324,75.2580652],[148.5101667,75.3120647],[148.5841111,75.3657729],[147.61932,75.440618],[147.3306599,75.4152071],[147.5133942,75.3855317],[147.434175,75.3741146],[147.3493569,75.4064829],[147.1473853,75.3589925],[147.3579396,75.3741488],[147.4475579,75.3275127],[147.3144983,75.3508041],[147.1165601,75.3184732],[146.9228285,75.3277171],[146.7527009,75.3649147],[146.6470141,75.43218],[146.6548399,75.4670777],[146.7497437,75.5126909],[146.4909501,75.5887024],[146.3886624,75.5470491],[146.4135356,75.5003108],[146.3593989,75.4404558],[146.2439016,75.3948679],[146.3226305,75.3933468],[146.2341671,75.391753],[146.2501,75.34726901747185]]],[[[112.4999,74.51852251311556],[112.0099154,74.5448172],[112.0203108,74.4457609],[112.1102513,74.4261652],[112.0167598,74.3813418],[112.0545566,74.3621333],[111.8500902,74.3232426],[111.7502181,74.3524256],[111.7798748,74.3594781],[111.6514527,74.3656349],[111.5283332,74.3383284],[111.5086726,74.3070216],[111.5603239,74.2801772],[111.6496427,74.3006403],[111.5620253,74.2813209],[111.6777282,74.2404315],[111.9711231,74.2146655],[112.2077525,74.1353286],[112.8342916,74.0786613],[112.9845149,74.1839168],[113.2234887,74.2151877],[113.175502,74.2213792],[113.2342604,74.2232847],[113.3136272,74.2888297],[113.214838,74.3021068],[113.4032164,74.3253587],[113.3876568,74.3465813],[113.4302986,74.3784616],[113.3596143,74.3932845],[113.4671472,74.3793622],[113.4135882,74.4463971],[113.2489365,74.4881954],[112.4999,74.51852251311556]]],[[[115.9644688,74.3004618],[116.064227,74.3622745],[116.176716,74.3397032],[116.0567944,74.368219],[115.9504492,74.3038726],[116.0388662,74.2755023],[115.9644688,74.3004618]]],[[[152.7633231,76.1812266],[152.626648,76.1803657],[152.5395461,76.1443653],[152.7425314,76.0891287],[152.8297666,76.0945375],[152.8439752,76.186536],[152.7633231,76.1812266]]],[[[148.9756247,76.6529844],[149.2071362,76.630994],[149.2666643,76.6504239],[149.2304015,76.6582317],[149.2544994,76.7011451],[149.4961329,76.7563019],[148.8419957,76.7257058],[148.4794006,76.6381818],[148.9756247,76.6529844]]],[[[158.1118458,76.7943226],[158.024082,76.7977954],[158.144369,76.7932],[158.1118458,76.7943226]]],[[[156.6364858,77.0848919],[156.5767477,77.1113592],[156.4693314,77.0763473],[156.6364858,77.0848919]]],[[[143.4376,74.99592393006498],[142.6567309,75.1013604],[142.4146145,75.2593398],[142.2769282,75.3045904],[142.1720264,75.392258],[142.1839892,75.4729277],[142.084087,75.5477485],[142.1889207,75.5916978],[141.9669973,75.6190164],[142.1614458,75.6076728],[142.2869575,75.6448378],[141.9925664,75.6551623],[142.0975155,75.6759316],[142.4209812,75.6673261],[142.4590773,75.6872804],[142.3481292,75.7164178],[142.2817564,75.6796108],[142.2559316,75.703507],[142.4207268,75.7391204],[142.5418575,75.717932],[142.7502046,75.7458855],[142.7700107,75.7210813],[143.0558229,75.7061484],[143.0296358,75.6964051],[143.1293366,75.6426337],[142.9531194,75.5687549],[143.0555793,75.5574107],[142.818332,75.5437615],[142.6654432,75.4718073],[142.5722889,75.4622266],[142.612293,75.4417705],[142.5245511,75.3439853],[142.7445154,75.2997741],[142.7374562,75.2648189],[142.7940073,75.2505906],[142.7726945,75.2229006],[142.8854942,75.2199673],[142.9574851,75.1534363],[142.928184,75.1404069],[143.0673599,75.1366338],[143.0847138,75.1106641],[143.3719788,75.0503438],[143.7807203,75.0664269],[144.084337,75.0115781],[144.3893601,75.0506188],[144.720719,75.1455763],[144.7782814,75.236103],[144.9578892,75.2712605],[144.8337073,75.2953718],[144.7791964,75.3713284],[144.8566096,75.4289643],[145.1752085,75.4972208],[145.4019592,75.4960103],[145.1930584,75.5847717],[144.8094567,75.6442009],[144.6663104,75.6963384],[144.3743039,75.7093378],[143.8803882,75.8252353],[143.80309,75.8087599],[143.845535,75.8284621],[143.52802,75.8513001],[143.3274377,75.8260952],[143.3743858,75.8324107],[143.3381553,75.8213904],[143.3824573,75.8053644],[143.0959618,75.7983168],[142.6078636,75.8564942],[141.8150759,76.1046663],[141.5875382,76.1300921],[141.5260826,76.1100528],[141.5779637,76.1303701],[141.3980869,76.1727424],[141.3508778,76.1535137],[141.4474881,76.1472442],[141.4561702,76.1188766],[141.5943776,76.0646869],[141.5665606,76.0583671],[141.5825473,76.0347023],[141.7521115,75.9799603],[141.4383948,76.0259363],[141.0428996,76.0025721],[140.9660172,75.9300356],[141.0247019,75.8559657],[141.0006694,75.823529],[141.0656066,75.7757568],[141.0317669,75.7428144],[141.2016496,75.6579315],[141.1929535,75.6237119],[140.9513128,75.6203366],[140.9883412,75.5977367],[140.8488282,75.5890045],[140.8825641,75.6038382],[140.5644975,75.6116422],[140.4048656,75.6335191],[140.4315789,75.6611712],[140.3768558,75.6630782],[140.4378577,75.7393482],[140.3785725,75.7523967],[140.4951007,75.7624642],[140.4660601,75.7899877],[140.2169452,75.7996509],[140.1094724,75.7700293],[140.1841824,75.7899635],[139.8358261,75.8713494],[139.8517875,75.9088225],[139.9392607,75.9174861],[139.9288127,75.8995485],[140.0013173,75.9472093],[139.6011304,75.9847964],[139.4263843,76.0522248],[139.2046055,76.0782196],[139.0302768,76.1795567],[139.1390097,76.2022179],[138.8426405,76.2008409],[138.268345,76.1194164],[137.9896029,76.0077011],[138.1984892,76.0723847],[138.0635804,75.9884998],[137.6755227,75.9923376],[137.4898701,75.9379047],[137.4379984,75.8883198],[137.4831203,75.8263358],[137.4976642,75.8507231],[137.6120961,75.7898943],[137.5039013,75.7530324],[137.2129525,75.7501361],[137.1480902,75.7017715],[137.2139653,75.6857438],[137.2211321,75.6468879],[136.9907088,75.5853215],[137.2160116,75.51755],[137.0269601,75.5885822],[137.2668362,75.6185253],[137.2485354,75.5994652],[137.3319056,75.5790059],[137.1915997,75.5488073],[137.3151125,75.5208261],[137.2101327,75.522023],[137.2977395,75.4705131],[137.1707881,75.4301253],[137.2174503,75.3901994],[137.1851539,75.37076],[137.3687688,75.4053783],[137.4713573,75.3786472],[137.4783403,75.352183],[137.3015334,75.3160373],[137.1297769,75.3534103],[137.1773206,75.3730958],[136.9307515,75.3428975],[136.9691271,75.2928594],[136.9529611,75.26351],[137.0002817,75.235564],[137.1315289,75.2150482],[137.2846549,75.2451045],[137.1376183,75.2112415],[137.0026796,75.2345368],[137.2427035,75.1075024],[137.3583334,75.0553153],[137.8652715,74.940587],[137.998934,74.8353498],[138.1763688,74.7566226],[138.6565419,74.7173568],[139.090748,74.634339],[139.2704611,74.6477209],[139.5017697,74.7332796],[139.581573,74.8182385],[139.6946035,74.8597339],[139.5448567,74.8470003],[139.5121605,74.8706212],[139.5246066,74.9102513],[139.4724398,74.9205638],[139.6429165,74.9624005],[140.0190512,74.8916552],[140.0289361,74.8434135],[140.1044407,74.8029096],[139.8370324,74.803503],[139.9193693,74.7915542],[141.5997764,74.9328292],[141.8736892,74.9997696],[142.2302893,75.005158],[142.2214439,74.9684153],[142.4430617,74.9060572],[142.3889147,74.8928522],[142.1446617,74.9686844],[142.0249893,74.9606945],[141.9790062,74.9184879],[142.0055308,74.9090069],[141.9091749,74.9325724],[142.4970801,74.7972196],[142.7613641,74.8417205],[142.6275641,74.8264297],[142.7035757,74.8536611],[142.7264069,74.8831311],[142.6871922,74.8872585],[142.712257,74.8924375],[142.87043,74.8632083],[142.9613753,74.893876],[143.472233,74.8880294],[143.699589,74.9495568],[143.5624382,75.0010025],[143.4376,74.99592393006498]]],[[[140.6966128,75.6574403],[140.7996286,75.6612532],[140.6966128,75.6574403]]],[[[141.0459894,75.650477],[141.0965667,75.6654044],[140.9986001,75.6610818],[141.0459894,75.650477]]],[[[140.603066,75.6864218],[140.6181128,75.7034325],[140.5788029,75.7041328],[140.603066,75.6864218]]],[[[142.4675788,75.7102229],[142.5303332,75.7215829],[142.4675788,75.7102229]]],[[[141.068565,76.0717835],[141.0930443,76.0845461],[140.9306147,76.0842985],[141.068565,76.0717835]]],[[[110.89857733518835,73.7660490204933],[110.8439268,73.7176698],[111.1856418,73.6625263],[111.1559247,73.6450429],[111.293596,73.6157147],[110.8110612,73.546134],[110.8399424,73.5184749],[110.6765668,73.4723517],[110.6426315,73.4282013],[110.2332342,73.3963749],[110.1436158,73.4145489],[110.1202501,73.4054261],[110.1590644,73.3933443],[110.1282023,73.386193],[110.5435382,73.3331507],[110.5306443,73.3170058],[110.5626939,73.309125],[110.5390102,73.2973772],[110.6277345,73.2655782],[110.3487448,73.1976323],[110.3674601,73.1823873],[110.3424907,73.1667896],[110.3737979,73.1518707],[110.8501602,73.1606703],[110.8150127,73.1123589],[110.7455163,73.1029426],[110.8601685,73.0543792],[110.811154,73.0201064],[110.7198735,73.0195263],[110.6606928,72.9880377],[110.7113616,72.9675722],[110.6575878,72.9520447],[110.9084429,72.9392599],[110.6286761,72.8841437],[110.666589,72.859988],[110.6286651,72.8468161],[110.7475212,72.8078701],[110.6579453,72.7921792],[110.6886111,72.7686928],[110.6588195,72.7533964],[110.7613597,72.6477116],[110.9101388,72.6311701],[110.8631728,72.6034881],[110.91465,72.5917876],[110.8811631,72.577053],[111.178717,72.5577578],[111.3091835,72.5101089],[111.1358595,72.4480856],[111.0088166,72.4418473],[111.0748275,72.4121945],[111.0087762,72.3888934],[111.3249529,72.3158503],[111.5748055,72.3244021],[111.6683592,72.2584196],[111.5880788,72.2140375],[111.6917521,72.220915],[111.7158563,72.2111309],[111.6900264,72.194469],[111.7082473,72.1664687],[112.0006953,72.1244001],[112.0005142,71.4023082],[112.2205754,71.3779367],[112.469258,71.276587],[112.634871,71.289676],[112.7150084,71.2359744],[112.6631493,71.1940271],[112.5123409,71.1712596],[112.5940413,71.1025513],[112.3559823,71.0711757],[112.2771945,71.0442588],[112.2460674,70.9998194],[112.1057767,71.060097],[112.0376187,71.054461],[111.9346298,70.9742323],[111.4787982,70.9288248],[111.3727549,70.8617718],[111.0513311,70.8446159],[110.8417549,70.7808768],[110.6192701,70.7847848],[110.5116924,70.7617943],[110.5108042,70.7128316],[110.1235172,70.6369834],[110.1450008,70.6088317],[110.105859,70.5900608],[110.1537167,70.5435538],[110.0825273,70.5252112],[110.1245646,70.4996961],[110.1159278,70.4760821],[110.3060072,70.4341967],[110.3133346,70.4085707],[110.0091026,70.4137471],[109.6404791,70.3723228],[109.5583415,70.3522372],[109.6166939,70.2851698],[109.5755751,70.2524475],[109.3008576,70.2083504],[109.2957917,70.1487325],[109.3632352,70.130158],[109.354874,70.0788223],[109.5464542,70.0277827],[109.5299676,69.9934496],[109.4044191,69.9630165],[109.37332,69.9089154],[109.4137021,69.8937645],[109.3858702,69.8243666],[109.3291696,69.8216648],[109.295729,69.7742735],[108.9446245,69.7705993],[108.8989031,69.8428032],[108.2487331,69.8544031],[108.1178764,69.786449],[108.0226114,69.7879291],[108.0556414,69.7669925],[108.0056918,69.7487316],[108.0194199,69.6984402],[107.9529306,69.6690242],[107.8442673,69.6863738],[107.6064811,69.6604991],[106.8521307,69.522793],[106.630677,69.5279684],[106.5975578,69.5679697],[106.4790285,69.5803445],[106.3607863,69.5184281],[106.3419099,69.4767464],[106.1783371,69.4416797],[106.1428602,69.4094049],[106.9065935,68.8577842],[106.9206816,68.2541645],[106.8220388,67.3340928],[106.7112337,67.2574363],[106.5453107,67.2911683],[106.438486,67.2666411],[106.3421433,67.200771],[106.0712695,67.1679187],[106.064825,67.1153253],[105.9484805,67.0402195],[105.508341,67.0157677],[105.6989888,66.9252049],[105.8575477,66.9438911],[105.8550238,66.910733],[106.0846519,66.893372],[106.0941504,66.8591837],[105.9863213,66.8036347],[106.0142952,66.7885623],[106.2133009,66.7977821],[106.1332259,66.7516123],[106.1669726,66.7094083],[106.2573752,66.6827183],[106.2164666,66.645996],[106.2502308,66.6038311],[106.2331092,66.5657461],[106.3205152,66.521768],[106.2994008,66.4992729],[106.3319056,66.473182],[106.1117644,66.37229],[106.0955446,66.3362025],[106.1342106,66.3110469],[106.1123683,66.2976138],[106.137001,66.2487097],[106.1060425,66.1972401],[106.2054465,66.1469998],[106.3304327,66.1568369],[106.37404,66.0927689],[106.4297895,66.0825284],[106.4069224,66.0657037],[106.5176174,66.0005486],[106.4620414,65.9294363],[106.4938215,65.8836032],[106.4480514,65.8259312],[106.4914835,65.7983875],[106.4286109,65.7652131],[106.459869,65.7330423],[106.4021698,65.7012332],[106.4341175,65.6875212],[106.4161245,65.669229],[106.7028496,65.6027942],[106.7037516,65.539858],[106.9681923,65.5066175],[106.8622044,65.4424138],[106.8173267,65.3775361],[106.6129479,65.396004],[106.4359784,65.3181149],[106.4292571,65.2465298],[106.5261207,65.2196366],[106.4107068,65.2279467],[106.3100616,65.1442692],[106.189947,65.1330423],[106.1089165,65.0697351],[105.9504653,65.0399006],[105.9741845,65.0007505],[106.0709249,64.9803939],[106.1163302,64.9060997],[106.2075289,64.8730366],[106.0587081,64.8699554],[106.0318196,64.9186996],[105.9148007,64.9034969],[105.9872789,64.8294299],[105.8528764,64.8329331],[105.8159047,64.7260605],[105.8720937,64.677126],[105.6850676,64.6807812],[105.7509057,64.6406634],[105.7126032,64.5830045],[105.7927402,64.5347914],[105.7557744,64.4935632],[105.9052211,64.4869879],[106.0213874,64.5414754],[106.133812,64.4853867],[106.0752992,64.4464687],[106.0880751,64.4289814],[106.1826896,64.4156056],[106.2563467,64.4470511],[106.5590478,64.4617849],[106.5872333,64.4782257],[106.5512945,64.5240265],[106.5789779,64.5426712],[106.6525366,64.5295156],[106.7369008,64.4228614],[106.9151674,64.43828],[107.1054884,64.3536107],[107.2565096,64.3454248],[107.268093,64.2999739],[107.3252273,64.2703335],[107.641299,64.3107003],[107.7203568,64.2811565],[107.7077012,64.2580477],[107.9734041,64.1820094],[108.0558272,64.1857117],[108.0880678,64.2498055],[108.1892933,64.2842894],[108.3608637,64.2646399],[108.408618,64.289442],[108.4029726,64.3179775],[108.5028273,64.3062912],[108.515409,64.2664703],[108.5831163,64.2551979],[108.5197817,64.2117512],[108.5973524,64.193456],[108.5199715,64.1370459],[108.7624713,64.0166205],[108.7106012,63.9321329],[108.8026384,63.8707195],[108.6768303,63.8219095],[108.6171787,63.8477251],[108.4964657,63.8223502],[108.3881979,63.8628449],[108.3063245,63.8470931],[108.2993152,63.7160506],[108.225335,63.6689439],[108.124333,63.6581465],[108.1358814,63.6077474],[108.6029451,63.6334516],[108.876039,63.5787823],[109.0812381,63.5770651],[109.1749198,63.5416645],[109.1773152,63.496168],[109.3201486,63.3970761],[109.2859717,63.3724781],[109.4065651,63.3768885],[109.4158702,63.2799732],[109.4797237,63.2352731],[109.4382588,63.2083258],[109.487515,63.1665717],[109.461507,63.1480638],[109.4969283,63.1407585],[109.4574604,63.1097713],[109.5155995,63.1087016],[109.4696968,63.0578807],[109.5153714,63.0269882],[109.4693187,63.0229813],[109.5340774,63.0159209],[109.4839794,62.9707006],[109.5268037,62.9181226],[109.6393201,62.8986981],[109.6284782,62.8779387],[109.6825172,62.8442663],[109.5079875,62.7950143],[109.4633962,62.749394],[109.4796654,62.6908269],[109.3819866,62.6693551],[109.3906141,62.6122463],[109.254805,62.5987245],[109.2519161,62.5767505],[109.3376353,62.493533],[109.4308538,62.4735911],[109.4451822,62.4248408],[109.5533249,62.455069],[109.9109303,62.4370209],[109.9271152,62.4160405],[109.8856997,62.3722247],[109.9515548,62.3621577],[109.926339,62.3335937],[109.9960561,62.314657],[109.9182355,62.261407],[110.0021183,62.1914721],[109.9893492,62.1648944],[109.860159,62.1096],[109.8886454,62.096721],[109.815796,62.0227569],[109.7623396,62.0252821],[109.779176,62.0113597],[109.7204592,61.9991484],[109.7254378,61.9766094],[109.5753091,61.914704],[109.6121566,61.8579135],[109.570691,61.8053495],[109.619117,61.7996812],[109.600187,61.745473],[109.7307101,61.6991426],[109.6955869,61.6574557],[109.7484915,61.6556863],[109.87049,61.5493511],[109.8089111,61.4778834],[109.859936,61.4485224],[109.7600024,61.33212],[110.111251,61.2778856],[110.1370377,61.2239439],[110.226559,61.1669479],[110.4193465,61.2095273],[110.5201114,61.1817542],[110.5487855,61.1002681],[110.484787,61.049727],[110.4831672,61.0006806],[110.2703207,60.8581684],[110.2562131,60.8243799],[110.2997941,60.7821297],[110.2749619,60.7681114],[110.288624,60.7019808],[110.0567965,60.6832794],[110.1332929,60.6430618],[110.1381722,60.59693],[110.0455316,60.584161],[110.0404143,60.5482924],[109.9496693,60.5048639],[109.907127,60.4613952],[109.9487785,60.4168899],[109.8441936,60.3868876],[109.8827602,60.3570931],[109.8013985,60.3355477],[109.8152463,60.273757],[109.7262008,60.2411465],[109.6918527,60.078165],[109.7600338,60.0343028],[109.6822766,59.9946195],[109.6690013,59.9401187],[109.6171606,59.9339753],[109.6625964,59.8760335],[109.5633238,59.8442394],[109.474766,59.7676334],[109.4830579,59.6897205],[109.543439,59.6672949],[109.2522713,59.4669061],[109.3519569,59.4314386],[109.2403945,59.3908631],[109.2747276,59.3514955],[109.2460154,59.3320597],[109.5062846,59.3080756],[109.4781696,59.2536041],[109.5365043,59.235458],[109.5064111,59.1948634],[109.6281364,59.1663641],[109.6175052,59.0833327],[109.6454928,59.0595448],[109.7273889,59.0905523],[109.8112203,58.9908326],[109.9828874,59.0249707],[110.1582477,58.9809337],[110.2825634,58.9961457],[110.3993192,59.0572148],[110.4921124,59.0477697],[110.5413251,59.0920328],[110.5292659,59.1198154],[110.6036144,59.1403731],[110.5486032,59.183345],[110.7205423,59.2809018],[110.8592426,59.2720938],[110.9830644,59.216713],[111.0936408,59.2560282],[111.1196919,59.2178718],[111.1894298,59.2013948],[111.2872014,59.2453567],[111.2674075,59.2572169],[111.2972375,59.2775754],[111.3815143,59.2887079],[111.4963021,59.2854522],[111.5104027,59.2534543],[111.6444221,59.2229933],[111.7826566,59.2975994],[111.9440956,59.2789783],[111.9766615,59.3166932],[111.9604546,59.3412895],[112.2781411,59.5309562],[112.3408989,59.427002],[112.2754425,59.373139],[112.3229401,59.3356398],[112.2726105,59.3023949],[112.5219748,59.3482218],[112.6514612,59.313623],[112.6289658,59.2707449],[112.5041425,59.2374806],[112.4452293,59.1502866],[112.4684843,59.0847079],[112.4353112,59.0568629],[112.4606487,59.0291567],[112.435053,59.0125049],[112.4616345,58.9953348],[112.4415387,58.9181291],[112.516991,58.8903004],[112.5911547,58.9454726],[112.5992058,58.9923008],[112.5117912,59.0543913],[112.6056539,59.1078245],[112.6081831,59.0483807],[112.7400934,59.0495348],[112.7508424,59.094411],[112.8051384,59.1269959],[113.0621105,59.1685785],[113.1096063,59.1508008],[113.192478,59.1880677],[113.2775565,59.158104],[113.3327009,59.1910335],[113.3275698,59.2180523],[113.4652121,59.265593],[113.4861263,59.2824947],[113.4613726,59.3104515],[113.5321061,59.3514632],[113.4320364,59.3787401],[113.4313761,59.4023103],[113.6145012,59.515156],[113.6275461,59.5608199],[113.5913,59.5947577],[113.7954312,59.6276484],[114.0763824,59.7610075],[114.1503212,59.7455563],[114.3195672,59.9068922],[114.5733761,59.9890864],[114.5594091,60.0225937],[114.4909235,60.0361883],[114.5650874,60.1309259],[114.695123,60.1900047],[114.9062359,60.1847784],[115.0234751,60.2360972],[115.1452071,60.3659855],[115.0960249,60.4132319],[115.2131361,60.4610997],[115.212785,60.4901711],[115.7311958,60.5483862],[115.768749,60.5174549],[115.8767653,60.5225615],[115.8611077,60.4975325],[115.9029174,60.4925227],[115.9193552,60.4529691],[116.084679,60.4561748],[116.1670053,60.4296026],[116.1839,60.3940963],[116.5940343,60.3820676],[116.625305,60.3461047],[116.6098482,60.2930363],[116.7592768,60.2795897],[116.7780491,60.2438563],[116.9346158,60.199035],[116.9308198,60.1530137],[117.0119242,60.1029273],[116.9901594,60.0478075],[117.1300368,60.0275603],[117.2641057,60.0574232],[117.3548101,60.018012],[117.0774726,59.9726283],[117.0072735,59.9191838],[117.098245,59.8684526],[117.2255541,59.8728018],[117.2275869,59.7483547],[117.1750991,59.7174368],[117.2055437,59.6814042],[117.1120637,59.6098122],[117.1932477,59.5827051],[117.2493402,59.5132266],[117.4520132,59.5249784],[117.5696941,59.4775489],[117.6473509,59.5416627],[117.7740065,59.5658413],[117.8244009,59.4460152],[117.9125613,59.4507162],[117.970239,59.4989888],[117.9386726,59.5400704],[118.0312901,59.5754354],[118.0516807,59.6422111],[118.2481347,59.6518351],[118.3407734,59.6223421],[118.3884257,59.5134592],[118.7612836,59.4282663],[118.7488005,59.3451284],[118.8369158,59.3155399],[118.6696578,59.1834792],[118.7113721,59.1177355],[118.6962724,59.0575583],[118.8412804,59.0364817],[118.8725227,58.9648693],[118.7636341,58.9502145],[118.7496507,58.9214916],[118.8732597,58.8266341],[118.8274212,58.6642724],[118.7549627,58.629187],[119.1204408,58.516282],[119.1205301,58.454684],[119.0624261,58.3653389],[119.1374939,58.299477],[119.116033,58.2390541],[119.1926617,58.1593367],[119.1435078,58.0973549],[119.1842133,58.0434726],[119.1092328,57.96864],[119.1044753,57.8339885],[119.043871,57.7475566],[119.1674742,57.7178053],[119.1686643,57.6585185],[119.1416636,57.6494758],[119.1798435,57.5894291],[119.1412903,57.5549953],[119.206759,57.5058084],[119.2703635,57.5957764],[119.3263156,57.6166841],[119.5021152,57.599544],[119.4761454,57.5374653],[119.3957484,57.4933992],[119.4185896,57.4632294],[119.3992793,57.4357657],[119.4359582,57.3834683],[119.5384482,57.3513681],[119.6027533,57.2360378],[119.6925694,57.1763013],[119.6195318,57.1480059],[119.5763593,57.0917731],[119.5879934,57.0346431],[119.641396,56.9990974],[119.7813588,56.9872051],[119.8580866,56.8957726],[120.0354444,56.9099395],[120.2891233,57.0280443],[120.540383,57.0447445],[120.797514,57.0239844],[120.9054996,57.0605084],[121.0093685,57.0433043],[121.0955327,56.9815038],[121.4055896,56.9855286],[121.5168011,56.9239002],[121.5208137,56.8581574],[121.5906298,56.8450578],[121.6337642,56.7922278],[121.6103104,56.7382428],[121.7002473,56.7612021],[122.1639431,56.7461905],[122.2036642,56.724403],[122.1796952,56.7032698],[122.291147,56.6419709],[122.4416983,56.6137364],[122.5715967,56.4854016],[122.6402189,56.4753382],[122.6891811,56.5020344],[122.7642544,56.4908488],[122.8002793,56.5245476],[122.7944681,56.5851533],[122.884679,56.5963821],[122.9077277,56.5536738],[123.1940515,56.4406722],[123.683353,56.4037828],[123.8119245,56.4217281],[123.9856725,56.3565208],[123.9692139,56.3365033],[124.0327608,56.2560086],[124.1768273,56.1978435],[124.2249985,56.1103026],[124.2033453,56.0879299],[124.3942783,56.0526357],[124.4184197,55.9202875],[124.4852809,55.8916217],[124.5496153,55.8885634],[124.6397935,55.9376828],[124.7616851,55.8698987],[124.8407842,55.8814619],[124.9643151,55.8376425],[125.0107043,55.8695183],[125.2533487,55.9077606],[125.4201224,55.8699336],[125.4518434,55.8061658],[125.5537882,55.7396297],[125.6624254,55.7934501],[125.8463951,55.8022882],[125.9938362,55.7673871],[125.9853805,55.7202597],[126.0917264,55.7115015],[126.0675868,55.7072312],[126.077156,55.6789236],[126.1415233,55.644464],[126.0670302,55.6452204],[126.0960922,55.5897802],[126.2965998,55.6091095],[126.4552578,55.562629],[126.5291737,55.5790459],[126.510596,55.613184],[126.5886521,55.6566011],[126.6900073,55.6682236],[126.6822762,55.6330061],[126.723236,55.5992915],[126.7873034,55.6274251],[126.8572288,55.6115023],[126.9262249,55.629892],[126.9069026,55.6765516],[126.9348721,55.6908853],[127.1869557,55.7176958],[127.2606364,55.6805978],[127.3214542,55.6878049],[127.3425449,55.6170556],[127.4587755,55.5780305],[127.6000117,55.5963787],[127.5427442,55.6657941],[127.7337088,55.7312756],[127.7894763,55.7230406],[127.7867898,55.6737981],[127.8305488,55.6631075],[128.2904262,55.6969129],[128.4756024,55.5978117],[128.5009955,55.5489416],[128.6864525,55.5721548],[128.6961905,55.5200534],[128.7859391,55.4876715],[128.8285068,55.5201315],[128.9568703,55.4943887],[129.0866848,55.5246903],[129.1035938,55.61883],[129.0493592,55.6944722],[129.4479155,55.7253074],[129.4963793,55.7691461],[129.525931,55.7435157],[129.6591952,55.786023],[129.8709312,55.7404841],[129.9144006,55.7791589],[130.0010897,55.7132802],[130.3808479,55.7477513],[130.5045536,55.7274248],[130.6248239,55.76245],[130.952768,55.7121765],[130.9633973,55.8101422],[130.8919434,55.8425744],[130.8599307,55.9168149],[130.9359397,55.960754],[130.895199,56.0144222],[130.9715212,56.0802176],[130.9912868,56.1675847],[131.1317084,56.2682082],[131.1036288,56.4099364],[131.1543297,56.4199667],[131.2221156,56.5208445],[131.3405101,56.5282578],[131.3882093,56.4997399],[131.383884,56.4604804],[131.4279609,56.4532533],[131.4499912,56.4738091],[131.4082785,56.5092434],[131.4920974,56.5658779],[131.6337508,56.5266058],[131.6171734,56.4789185],[131.6484131,56.4554361],[131.6824748,56.4961699],[131.731299,56.4736108],[131.7537024,56.4899834],[131.6438532,56.538629],[131.7032474,56.5719672],[131.7091921,56.6099243],[131.6645119,56.6199489],[131.720395,56.665584],[131.6796746,56.6811059],[131.8016904,56.720038],[131.7713034,56.7452389],[131.8273464,56.740257],[131.8371121,56.7695222],[131.8025129,56.7765476],[131.8116437,56.819534],[131.7730091,56.8652772],[131.7235664,56.8608374],[131.6401925,56.9515633],[131.6073813,56.9497848],[131.6115839,56.9765985],[131.5004258,57.0244621],[131.4690621,57.0837622],[131.5065168,57.0896297],[131.4978815,57.1093693],[131.3432647,57.1522297],[131.3132567,57.1920289],[131.192289,57.1678357],[131.201063,57.2071171],[131.1217023,57.2594065],[131.2076791,57.2622119],[131.2806279,57.3365334],[131.347382,57.2767614],[131.4879118,57.2641196],[131.5398864,57.3125396],[131.6087507,57.3093624],[131.6054812,57.4273463],[131.7807729,57.5386161],[131.7240493,57.578063],[131.8491163,57.622865],[131.9507068,57.6178669],[131.9867525,57.664212],[132.0712133,57.6870752],[132.023597,57.751953],[131.8793323,57.8154827],[131.8777579,57.8478455],[131.7548947,57.8736561],[131.798608,57.9342209],[131.6980521,57.9495423],[131.5753245,58.0242028],[131.644714,58.0789693],[131.5282856,58.1105121],[131.4533009,58.1968656],[131.7054896,58.2011909],[131.7680368,58.1523746],[131.8630005,58.1492775],[131.9848232,58.0516905],[132.1372393,58.0802304],[132.1022995,58.1236079],[131.9847212,58.1574403],[132.1114361,58.2784304],[132.1984008,58.2546284],[132.2263051,58.3862284],[132.1795206,58.4150458],[132.1850001,58.4698521],[132.1399293,58.5148625],[132.3044341,58.5369087],[132.4309175,58.5108544],[132.386507,58.5612508],[132.5463543,58.658676],[132.5016667,58.6806975],[132.5448619,58.7302028],[132.5363909,58.7821028],[132.4890231,58.7961066],[132.5915607,58.8927325],[132.6643047,58.9105291],[132.7738962,58.8837601],[132.8457838,58.9902177],[132.7488188,59.0187922],[132.8219193,59.0454751],[132.8274835,59.1180643],[132.9338927,59.1050654],[133.0577872,59.1984747],[133.1590376,59.2046417],[133.1709727,59.2414102],[133.2835811,59.2275562],[133.4771494,59.3085667],[133.5706161,59.2957331],[133.5724884,59.2510181],[133.6341313,59.2294604],[134.0317234,59.2618636],[134.365691,59.2022581],[134.4861613,59.1389909],[134.5648126,59.2041037],[134.7212813,59.2187298],[134.7486451,59.1530275],[134.8471317,59.1369043],[134.9526228,59.1688249],[135.1777553,59.1111386],[135.2480687,59.1390611],[135.2382982,59.1802451],[135.3039462,59.1960278],[135.2612925,59.2359198],[135.3624865,59.3113545],[135.3491395,59.335389],[135.5080421,59.439284],[135.6875359,59.5086745],[135.8336741,59.5251697],[136.0853608,59.4203018],[136.3173511,59.4238105],[136.3899522,59.3832542],[136.605137,59.3814058],[136.7630746,59.3372422],[136.8211743,59.388431],[137.1032761,59.4518979],[137.1786145,59.4402049],[137.3547255,59.5416727],[137.4995444,59.5550899],[137.4489964,59.5925325],[137.4498113,59.6455832],[137.6135782,59.7479263],[137.8987693,59.7408108],[138.0311746,59.8247634],[138.0340085,59.782405],[138.0808922,59.7487415],[138.0287209,59.6993739],[138.0315419,59.6564539],[138.2084782,59.6433843],[138.210209,59.6835848],[138.2720092,59.7096989],[138.2200165,59.7306016],[138.2197447,59.8146007],[138.1757035,59.8267875],[138.1943553,59.91419],[138.2659027,59.9351427],[138.2247594,59.9737231],[138.2624216,60.0688055],[138.2116545,60.1019688],[138.2394753,60.1730354],[138.1780951,60.2082246],[138.2132163,60.2778135],[138.3192655,60.319131],[138.3074658,60.3715208],[138.3356269,60.4015489],[138.2674452,60.4811668],[138.318036,60.4929937],[138.3599178,60.5611354],[138.3282991,60.5718542],[138.3319968,60.6042168],[138.3968392,60.6206545],[138.3918559,60.6704215],[138.4289559,60.7036557],[138.3127989,60.7380833],[138.2829884,60.8181673],[138.2069218,60.8570347],[138.2690917,60.9549151],[138.3562248,60.9918227],[138.3364595,61.1074316],[138.3971307,61.0993807],[138.7032547,61.2070809],[138.651092,61.2269866],[138.6359893,61.2798257],[138.7334182,61.3366874],[138.9700947,61.3155801],[139.0626977,61.3646981],[139.0566958,61.4320703],[139.3014569,61.4304938],[139.4457549,61.4949652],[139.5537578,61.4736093],[139.6441933,61.5562139],[139.6922933,61.6622423],[139.7757557,61.6395387],[139.7813821,61.6989638],[139.9375587,61.8040244],[139.9800783,61.861453],[139.9520848,61.9336892],[139.9876409,61.9766143],[140.1173199,61.968638],[140.2759878,62.0378078],[140.2413248,62.068294],[140.315923,62.1102558],[140.3344763,62.1852504],[140.3126931,62.1960887],[140.3353201,62.2195614],[140.281914,62.2466083],[140.3185592,62.2835361],[140.3120293,62.3435741],[140.4120524,62.4134365],[140.6433922,62.4073462],[140.7879826,62.5262885],[140.9948423,62.4758979],[141.0613248,62.4898341],[141.07591,62.4332069],[141.1274321,62.3968114],[141.3198227,62.4135047],[141.391841,62.3236141],[141.5075184,62.2769883],[141.5592833,62.1555293],[141.7321687,62.0771574],[141.8539308,62.0838448],[141.8437355,62.0112039],[141.93119,62.0386572],[142.00171,62.0201763],[142.1734022,62.0742131],[142.1898418,62.0394082],[142.2669647,62.017924],[142.2659906,61.9664996],[142.397509,61.9585734],[142.4250552,61.9271362],[142.3941558,61.9036327],[142.4505708,61.8715801],[142.7133422,61.9730906],[142.9541337,61.8967609],[143.0064718,61.9148424],[143.011443,61.9721663],[143.1534175,62.059373],[143.1142812,62.0889812],[143.2296934,62.1174713],[143.3325459,62.0341584],[143.4133334,62.0218777],[143.5062463,62.0538439],[143.6457881,62.0187038],[143.6110578,62.0039197],[143.636251,61.9777131],[143.5980021,61.9445066],[143.6443179,61.8572084],[143.6961858,61.8678384],[143.6989268,61.9039998],[143.7697928,61.9058648],[143.7770932,61.9548264],[143.905754,61.9973838],[143.9591026,61.9297499],[143.9414372,61.9171561],[143.9994889,61.8952274],[143.9504296,61.8387855],[143.944683,61.7549859],[144.115485,61.7338481],[144.1480654,61.7563588],[144.223743,61.7278033],[144.2466099,61.7667428],[144.3633107,61.7862196],[144.4119543,61.8332999],[144.5450429,61.8448033],[144.5270147,61.8786188],[144.619817,61.9054386],[144.5848799,61.9189696],[144.6100945,61.9384431],[144.5812161,61.9716536],[144.737245,62.0456322],[144.7341114,62.0943445],[144.8768466,62.1333955],[144.87762,62.1582842],[144.9868453,62.1566057],[144.9769767,62.1820992],[145.0171002,62.2054367],[144.9902043,62.2389154],[145.0989843,62.2346104],[145.1262475,62.2680511],[145.1961928,62.2755256],[145.1654035,62.2992878],[145.2093247,62.301887],[145.2075172,62.3336961],[145.1492307,62.3972671],[145.1894671,62.4384586],[145.1376539,62.4785391],[145.2170121,62.4736033],[145.2779979,62.5243728],[145.3845111,62.4994772],[145.4840441,62.5395506],[145.3885154,62.606996],[145.4502655,62.632283],[145.390963,62.6833667],[145.4565748,62.7074035],[145.3530524,62.7466965],[145.4095154,62.8666726],[145.3432419,63.0078889],[145.2827523,63.0209756],[145.316205,63.0506424],[145.2498518,63.1489843],[145.2756069,63.1872185],[145.2578624,63.2428751],[145.3931193,63.3082172],[145.4924813,63.4993194],[145.4689932,63.5272486],[145.5742283,63.6287161],[145.6751866,63.6717075],[145.6493451,63.7198935],[145.6687407,63.7747619],[145.5673725,63.8070368],[145.5859992,63.8280358],[146.1723,63.9293527],[146.2298813,63.9784021],[146.2290771,64.0186727],[146.3334877,64.0700999],[146.3715364,64.1917258],[147.0120517,64.1334244],[147.2946152,64.0187287],[147.3865342,64.086028],[147.3467528,64.114529],[147.6437736,64.1780013],[147.7329255,64.1164283],[147.6517689,64.0669432],[147.6804026,64.052988],[147.6532485,64.0350446],[147.6708158,64.0113458],[147.7741782,64.0106538],[147.8046444,63.9952126],[147.7776395,63.9813388],[147.7884053,63.9536475],[147.8950414,63.9697603],[148.0183431,63.9361357],[148.085413,64.0060417],[148.1773286,64.0240593],[148.1596924,64.1025039],[148.2635174,64.1527851],[148.2609415,64.2007642],[148.3145047,64.2206961],[148.1250898,64.293751],[148.069663,64.3506549],[148.0886858,64.3933278],[148.0484073,64.4101541],[148.2249114,64.4422302],[148.2397458,64.4812259],[148.327615,64.5280792],[148.5011986,64.5098103],[148.5557132,64.4503643],[148.7087233,64.4022031],[149.0411354,64.4314749],[149.1840664,64.4234916],[149.1952112,64.3818174],[149.3394921,64.3767547],[149.3666222,64.380223],[149.3579049,64.4190533],[149.5011447,64.4050076],[149.5833919,64.4726672],[149.8740669,64.5620134],[149.9782218,64.5420859],[149.9941935,64.4960753],[150.1437226,64.4694716],[150.1350267,64.4289087],[150.0167709,64.350929],[150.0927781,64.2818113],[150.2016295,64.2640349],[150.2109728,64.2188307],[150.3851135,64.2134405],[150.5488196,64.166332],[150.6616763,64.1758464],[150.6426071,64.2223976],[150.6753309,64.2679976],[150.5868879,64.3045746],[150.6395904,64.3377412],[151.2517,64.344147],[151.326476,64.372636],[151.4053829,64.3299111],[151.4968738,64.4258124],[151.9661677,64.4885866],[152.0715382,64.4522854],[152.144173,64.3845802],[152.1409307,64.352269],[152.346436,64.3673966],[152.4477171,64.3943458],[152.4355098,64.4677845],[152.3570543,64.5112095],[152.3768111,64.5329005],[152.7270618,64.6231757],[152.8467365,64.6999676],[152.7497939,64.7730785],[152.5859152,64.8112923],[152.5187138,64.9163838],[152.5410424,64.9353879],[152.5257357,64.9938622],[152.6302237,65.0605082],[152.6614704,65.1684827],[152.7160914,65.1824245],[152.7173736,65.2211828],[152.7978211,65.2068309],[152.9339736,65.2557376],[153.1529976,65.2438634],[153.2026972,65.3007208],[153.4399164,65.3580921],[153.5005334,65.3457365],[153.5906018,65.4076696],[153.4413109,65.4834932],[153.5406015,65.6355792],[153.5149285,65.6670039],[153.5805762,65.6979601],[153.5492808,65.7368894],[153.4837063,65.7479717],[153.5311564,65.8095943],[153.7547273,65.8708521],[153.9566732,65.8730488],[154.0874329,65.8502635],[154.1068649,65.7765273],[154.2653459,65.8053315],[154.4118057,65.9225263],[154.3786893,65.9741697],[154.4300583,65.9943567],[154.2289444,66.0479785],[154.2673301,66.0886212],[154.3649563,66.1033992],[154.3958691,66.1838449],[154.517161,66.2183178],[154.8430255,66.1682457],[154.8870252,66.1501437],[154.8949728,66.1093225],[155.0753295,66.1281032],[155.057722,66.1603381],[155.170693,66.1824834],[155.2626796,66.1814039],[155.3982207,66.1254487],[155.5281765,66.1442201],[155.6486151,66.1205874],[155.7479721,66.161196],[156.0606425,66.0462241],[156.145336,66.0704777],[156.4331554,66.0339168],[156.6740038,66.1890431],[156.926616,66.0365045],[157.0343833,66.0073346],[156.9600467,65.9574358],[157.2183907,65.8952649],[157.4475489,65.9110232],[157.4588176,65.9372764],[157.4081445,65.9686501],[157.4330869,65.9946903],[157.6555013,66.0340272],[157.7386245,66.0986418],[158.1882912,66.1426034],[158.4645434,66.0809795],[158.5177085,66.1049185],[158.4033462,66.2197399],[158.4379932,66.2224539],[158.4325608,66.2608584],[158.5510155,66.3426615],[158.3695729,66.4335589],[158.5043914,66.4629005],[158.4907416,66.5029672],[158.5350208,66.5484311],[158.6362401,66.5664245],[158.7225905,66.6417646],[158.7421043,66.6706821],[158.7204987,66.7024931],[158.9600363,66.7605868],[158.8582433,66.8173527],[158.8471269,66.8372389],[158.8818804,66.8433909],[158.8631998,66.869575],[158.787335,66.8938705],[158.8117918,66.9627645],[158.7117643,67.0383888],[158.3808977,67.1011852],[158.0931552,67.2276823],[157.8390659,67.2860786],[157.8113721,67.3083253],[157.8426059,67.3332607],[157.8077269,67.3514988],[157.9093462,67.4193938],[157.7930541,67.4490082],[157.7994468,67.489086],[157.7305655,67.5180018],[157.78304,67.5746872],[157.757754,67.5922046],[157.7775568,67.6222533],[157.8481205,67.6594775],[157.8100906,67.6745681],[157.9420388,67.7239696],[158.1698673,67.6948152],[158.3639401,67.724236],[158.2590225,67.820674],[158.1060308,67.8217213],[158.0568028,67.8735269],[158.1035656,67.9140215],[158.215908,67.9348214],[158.3005474,68.0034439],[158.3001032,68.0478542],[158.6511027,68.1279207],[158.8979713,68.1017705],[159.2448844,68.1897733],[159.6565724,68.2228419],[159.7778892,68.1815398],[159.8120619,68.2058352],[159.7929428,68.2262409],[159.8499866,68.2535869],[160.7317102,68.2479893],[161.449741,68.3779357],[161.6441368,68.3756935],[161.7139804,68.3452927],[161.9845527,68.359083],[162.4050855,68.2750238],[162.5479502,68.3330411],[162.5560079,68.3930501],[162.6174316,68.4397277],[162.5638244,68.483344],[162.7516852,68.5839546],[162.7095875,68.6582413],[162.6032436,68.6853695],[162.5916083,68.7776316],[162.7381037,68.7698636],[162.8552088,68.8312292],[162.7636066,68.8801644],[162.7517995,68.9171881],[162.539667,68.9825843],[162.5770962,69.0353017],[162.5108443,69.0675569],[162.5319074,69.1056384],[162.6853167,69.1238388],[162.8264636,69.183649],[162.7724733,69.1813515],[162.6989639,69.2440106],[162.5629968,69.2887697],[162.5135333,69.3285052],[162.5427808,69.3737271],[162.3494998,69.4063869],[162.4320791,69.4542064],[162.3223333,69.5285336],[162.4140585,69.5554538],[162.32411,69.5909937],[162.4889156,69.6345102],[162.3608735,69.678375],[162.3834976,69.6517735],[162.3568341,69.6329098],[162.2212029,69.6354727],[162.2295278,69.5970725],[162.0618731,69.5620196],[162.0724912,69.5382952],[162.0363367,69.5169719],[161.8399561,69.5011077],[161.6312158,69.3916621],[161.463331,69.347994],[161.6270959,69.2756447],[161.4795691,69.2417066],[161.4404303,69.2032818],[161.5367323,69.1707718],[161.5041167,69.1327106],[161.5331275,69.1022997],[161.4934737,69.0571866],[161.5458304,69.0379732],[161.5674597,68.9577461],[161.6522604,68.9234498],[161.6685683,68.8848336],[161.5923506,68.8333229],[161.3852351,68.7997228],[161.3176931,68.7527943],[161.4411718,68.7327309],[161.4648759,68.7093354],[161.443075,68.6868229],[161.2365663,68.6579163],[161.2394846,68.7610096],[161.420244,68.9184026],[161.3672006,68.9312421],[161.3627374,68.9763678],[160.9795892,69.0760921],[161.0625017,69.1283229],[160.9870912,69.1622819],[160.9832707,69.2284734],[160.9383656,69.2434035],[161.0461718,69.2870451],[161.0331746,69.356423],[160.9956153,69.3814332],[161.0104764,69.4287316],[160.9511909,69.4433199],[161.02892,69.5322346],[161.0168334,69.5534463],[160.924615,69.6123752],[160.8870759,69.5806439],[160.7671632,69.5670901],[160.8153869,69.5503727],[160.6844255,69.548956],[160.8726824,69.6085662],[160.8078148,69.6410468],[160.4782012,69.6655196],[160.4979655,69.6488546],[160.4672902,69.6313603],[160.5313818,69.5914056],[160.62537,69.6232723],[160.5399837,69.5847488],[160.3460308,69.6853075],[160.1240766,69.7088957],[160.3320653,69.6301618],[160.0377628,69.7289395],[160.1065118,69.6726554],[159.9923011,69.7459778],[159.8612896,69.7730785],[159.7372497,69.7204644],[159.8181638,69.7908353],[159.6820008,69.8083074],[159.6004997,69.8593498],[159.7907231,69.8045655],[159.6771075,69.8743552],[159.8598318,69.9762368],[159.8798696,70.0321115],[159.9497287,70.077287],[159.561233,70.0920375],[159.8376599,70.1312554],[159.926375,70.1066385],[160.0931439,70.2451399],[160.0570246,70.3296377],[159.8653278,70.5337514],[159.636262,70.6660509],[159.0582615,70.8422154],[158.4356224,70.9584326],[157.8188881,71.0244744],[157.018231,71.07582],[156.0816142,71.0765904],[155.6737337,71.0537024],[155.5609615,71.013655],[155.5842024,71.031872],[154.4961835,70.9582135],[153.6569225,70.8364231],[153.7345723,70.7945997],[153.5351712,70.8609968],[152.9853158,70.8056317],[152.5349372,70.8025493],[152.1229172,70.8798507],[152.1474026,70.8844783],[151.9919843,70.9350665],[151.4491783,70.9696618],[151.6095736,70.9916362],[151.92077,70.9649508],[152.0722318,70.9911983],[151.6884703,71.2322058],[151.748771,71.2264829],[151.6557799,71.2802804],[151.1064255,71.3882941],[150.8206025,71.3532585],[150.6167203,71.2654778],[150.7520806,71.3721431],[150.6992171,71.3794336],[150.3860908,71.2449369],[150.2711858,71.268605],[150.1831738,71.2169191],[149.8435041,71.1787844],[149.9312164,71.2307662],[149.9534008,71.2344935],[149.9244012,71.2085266],[149.9490277,71.2033007],[150.3521216,71.2725934],[150.4131488,71.3164059],[150.4893343,71.3194815],[150.6952761,71.4358932],[150.7069538,71.4725982],[150.4752355,71.5132592],[150.0747938,71.5034707],[150.2463172,71.5414144],[150.2232705,71.5500316],[150.0004675,71.5132719],[150.0240747,71.542932],[149.9807292,71.6333166],[150.0132764,71.6430363],[149.9848166,71.6535895],[149.5508338,71.6413993],[149.1344783,71.6961536],[149.0665763,71.6622602],[148.8626037,71.6780523],[148.9104546,71.7052976],[148.9989548,71.6858994],[149.090832,71.7615718],[149.18936,71.7735319],[149.4150095,71.8748597],[149.3576968,71.8821062],[149.5186798,71.8788005],[149.5887351,71.7920257],[149.7038444,71.7468232],[150.0604882,71.8205165],[150.1123027,71.8725813],[149.9290612,72.0186605],[149.5637489,72.1434103],[148.3852718,72.3191623],[147.1411647,72.3053337],[146.8185175,72.1723363],[146.6395378,72.0481508],[146.0581095,71.772106],[145.7893901,71.7047557],[145.5775582,71.7066784],[145.4174811,71.6547705],[145.1087264,71.6858459],[144.9913855,71.6197131],[145.0708761,71.6878064],[144.9491265,71.697522],[144.9443164,71.7252694],[144.9957053,71.7290712],[144.909901,71.7665888],[145.0394806,71.758238],[145.2282383,71.8326672],[145.0382241,71.8974155],[145.0289164,71.9383172],[145.2060251,71.92585],[145.3394835,71.862574],[145.6038796,71.9153041],[145.7535074,71.9005102],[145.8427838,71.9390797],[145.8033333,72.0298906],[145.6632442,72.0300503],[145.6277372,72.0860857],[145.7184088,72.1588647],[145.7980364,72.1665315],[145.7790415,72.1803196],[145.8108854,72.2156707],[145.6822731,72.206096],[145.6420553,72.2425335],[145.5196447,72.2295023],[145.492296,72.2513891],[145.7513205,72.2527353],[145.9505424,72.1847776],[146.0731369,72.2103519],[145.9563883,72.0931362],[145.9978376,72.0600419],[145.999473,72.1076716],[146.0967919,72.1143843],[146.0124526,72.1232299],[146.0590431,72.1622716],[146.2351877,72.1758441],[146.2593019,72.1621229],[146.2330741,72.1507759],[146.347033,72.1243614],[146.3410434,72.0950379],[146.3032028,72.1127359],[146.2786708,72.0780185],[146.0895938,72.0187053],[146.008019,72.0146713],[146.02651,72.0385435],[146.0029326,72.0450459],[145.9821688,71.8620464],[146.3260306,72.0082701],[146.2558227,72.0283844],[146.396713,72.0245265],[146.9558495,72.3051197],[145.2084634,72.2621419],[144.7670325,72.2195807],[144.5512854,72.151094],[144.414663,72.1567194],[144.3102906,72.1796175],[144.2407029,72.220945],[144.2639671,72.2364226],[144.2441078,72.2471922],[144.3146905,72.2829075],[144.4941796,72.2283761],[144.7656003,72.3953678],[144.9653882,72.4310251],[145.1131756,72.3949907],[145.2456077,72.4294583],[145.3915235,72.3353641],[145.5012408,72.3560764],[146.8688066,72.340063],[145.7768419,72.5016831],[144.4665216,72.62738],[143.5019036,72.6833584],[141.9430714,72.718585],[141.6139614,72.7594572],[141.3381119,72.841864],[140.7422702,72.8774993],[140.7112599,72.8634926],[140.76748357382812,72.79424095231165],[141.2457626,72.6112865],[141.183697,72.5996001],[141.3025245,72.5825933],[141.0031055,72.5746456],[141.0678769,72.5664583],[140.9690246,72.5598246],[141.0031015,72.5516511],[140.9305584,72.510817],[140.5173739,72.4684133],[139.6019381,72.4885006],[139.3945561,72.4054094],[139.7733352,72.3641544],[139.3106792,72.3441388],[139.2553026,72.3155429],[139.3184647,72.305355],[139.1526159,72.2499408],[139.1996701,72.1759944],[139.4194166,72.1484931],[139.6142167,72.2228021],[139.9354271,72.2280731],[140.0612171,72.2737357],[140.1042472,72.2427611],[140.0856195,72.2217221],[140.2204857,72.2166806],[140.2905099,72.1787445],[140.6054954,72.2558992],[140.6053994,72.2214054],[140.5422811,72.1870302],[140.4776061,72.2011778],[140.1366561,72.1322618],[139.9430329,72.1598401],[139.8909057,72.1011267],[139.9558977,72.0906231],[139.7605824,72.0556225],[139.7317919,72.0159533],[139.7714531,71.979024],[139.7090871,71.9497417],[139.3722987,71.9551358],[139.8421316,71.8910358],[139.7617771,71.8884945],[139.8601911,71.8507652],[139.782001,71.8300994],[139.8117475,71.7740615],[139.7852885,71.6903273],[139.8256115,71.6430438],[139.8736055,71.6405209],[139.846884,71.6265615],[139.8749,71.5912055],[140.0836307,71.5051785],[140.0335946,71.4916424],[139.9603116,71.5301005],[139.984015,71.5087616],[140.0968359,71.4640983],[139.9645448,71.4891062],[139.9411451,71.4612496],[139.7929672,71.4417091],[139.7368274,71.4778907],[139.4760055,71.4920807],[139.4108899,71.4038757],[139.2371762,71.4027215],[139.1624377,71.4305141],[139.2210129,71.4346515],[139.1281007,71.5526262],[139.1488444,71.5801809],[138.995477,71.5855347],[138.9990164,71.6057679],[138.8517092,71.6340816],[138.6114539,71.6100106],[138.66976,71.5736551],[138.6247474,71.5618496],[138.6612785,71.5472152],[138.514694,71.5259256],[138.4577551,71.5599523],[138.4646141,71.5874058],[138.1288776,71.5977422],[138.1555693,71.5906362],[138.1071764,71.5646746],[138.1963215,71.5575657],[138.1240342,71.5708126],[138.1396874,71.5418893],[138.079238,71.4619333],[137.9350575,71.3829143],[137.8647852,71.3866228],[137.9405891,71.3530732],[138.0247499,71.3880554],[138.0435333,71.3726189],[137.9687396,71.3571086],[138.0606034,71.326202],[138.1050405,71.3440271],[138.4897589,71.3038881],[138.3434096,71.3246431],[138.0339451,71.2995654],[138.3568146,71.2790531],[138.2906929,71.2336112],[138.0369865,71.2144315],[137.8781039,71.2646838],[137.8198204,71.2341576],[137.8189435,71.2103493],[137.9224436,71.2008197],[137.8995983,71.1748604],[138.0120769,71.2112225],[137.9824165,71.1772363],[138.0456045,71.1994752],[138.1067413,71.1776631],[138.0712384,71.1502526],[138.1707327,71.1351579],[138.0710252,71.1146934],[138.0731844,71.089659],[138.0393997,71.1044742],[138.0563067,71.1180432],[137.9873581,71.116944],[138.0543499,71.1310583],[137.9794884,71.1551891],[137.9109347,71.1282315],[137.9297139,71.1042375],[137.847013,71.1079758],[137.851315,71.1500061],[137.7400608,71.1941644],[137.7447315,71.2198222],[137.5803007,71.2606547],[137.6047367,71.2756832],[137.548905,71.2626399],[137.5854355,71.3129497],[137.5254718,71.2957316],[137.5289022,71.3277826],[137.5674449,71.3243938],[137.5509004,71.3432842],[137.586485,71.3613318],[137.3806568,71.3324169],[137.4714063,71.3517948],[137.4158915,71.3535639],[137.4244736,71.3720248],[137.4905552,71.3718568],[137.3973842,71.384179],[137.3248861,71.3525816],[137.3294599,71.3790329],[137.3595782,71.3637476],[137.3911438,71.3896905],[137.1183765,71.4190692],[136.9621036,71.4690862],[136.8757871,71.5335469],[136.6693706,71.5246053],[136.6263936,71.490607],[136.6621313,71.4568272],[136.6233978,71.4455664],[136.5732329,71.4793606],[136.6218914,71.5132732],[136.588087,71.5793412],[135.7898213,71.6476225],[134.9243317,71.4926683],[134.9669083,71.467849],[134.839039,71.4683797],[134.8210561,71.4533882],[134.8804644,71.4201525],[135.0507396,71.3888938],[134.7693402,71.4152348],[134.8715349,71.3623628],[134.8200453,71.3326983],[134.834902,71.31881],[134.7662274,71.3057618],[134.7599329,71.2657583],[134.7491488,71.3164911],[134.8215911,71.3378833],[134.8215993,71.3666359],[134.7270813,71.3992004],[134.3891316,71.3619815],[134.0714173,71.3798031],[133.6448947,71.4407105],[133.333564,71.5259073],[133.1637696,71.5946918],[132.9580358,71.7379117],[132.8265447,71.7480021],[132.757862,71.7865997],[132.8208804,71.8350185],[132.7825548,71.9156338],[132.8344533,71.9376514],[132.8038137,71.9472136],[133.1854692,71.9519014],[132.7598854,71.9468494],[132.5600356,71.8700698],[132.3003781,71.6814886],[132.1866651,71.5595643],[131.9868066,71.2591258],[132.2030058,71.2097199],[131.9203646,71.1984735],[131.8499044,71.1586323],[131.9508747,71.1432543],[131.7843483,71.1151147],[131.846743,71.1070122],[131.8084339,71.0710161],[131.8645557,71.0668371],[131.8054987,71.0563017],[131.7484653,70.9633356],[131.6122912,70.8815454],[131.6234444,70.8596487],[131.3251819,70.7229509],[131.0743533,70.7058102],[130.9350186,70.7651489],[130.9506014,70.8127547],[130.8726996,70.8606018],[130.8799356,70.9124248],[130.8337909,70.9287374],[130.8518236,70.9669047],[130.8165983,70.9501249],[130.8334641,70.8998531],[130.8114695,70.8693274],[130.6333744,70.844723],[130.5674701,70.8629316],[130.5407122,70.9147904],[130.3879806,70.8978501],[130.2656717,70.9380874],[130.2401253,70.9610071],[130.2756193,70.9832583],[130.1622143,71.0721802],[130.0199048,71.0401679],[129.9992357,71.0820654],[129.7176051,71.0703273],[129.8314759,71.0918325],[129.7625848,71.134037],[129.8215886,71.1131798],[129.7646736,71.2024182],[129.4660837,71.3018767],[129.3672464,71.4666569],[129.2977199,71.490287],[129.321222,71.5247448],[129.2463892,71.5956364],[128.9035617,71.5766067],[128.9359447,71.5838312],[128.9088023,71.5960756],[128.9220245,71.623732],[128.8466664,71.6480919],[128.9826865,71.7072415],[129.1949814,71.7094023],[129.4059262,71.757238],[129.4345786,71.7440165],[129.4094981,71.7338506],[129.6041314,71.7057408],[129.3618893,71.801778],[129.3680326,71.8450332],[129.1187376,72.0068832],[129.1612577,71.9056699],[129.2709286,71.8143285],[129.12611,71.7526425],[128.9605951,71.7378597],[129.0003063,71.7212435],[128.967166,71.7154596],[128.726009,71.7755526],[128.6828149,71.8674296],[128.5848033,71.8930528],[128.5061788,71.9547462],[128.5061675,72.0395108],[128.3409599,72.0745407],[128.3177989,72.1221176],[128.1339345,72.1525835],[128.092012,72.1938989],[127.7874065,72.241322],[127.9012671,72.2555335],[127.795299,72.3251904],[127.2042708,72.4069748],[126.6524766,72.3821105],[126.6710579,72.3974421],[126.5881813,72.4634758],[126.6290535,72.5107553],[126.9389179,72.548193],[127.4034118,72.6987547],[127.6807179,72.6883662],[127.7691338,72.7068135],[127.6891619,72.7253474],[127.7724551,72.7147555],[127.8537329,72.7607184],[128.2896236,72.797726],[128.3065217,72.8164333],[128.2742487,72.8619985],[128.4063222,72.8946771],[128.3443332,72.9274466],[128.4156937,72.9394162],[127.9511244,72.9210764],[128.7033277,73.0177051],[128.7485173,73.0668186],[128.7405734,73.1000218],[128.5958987,73.0927845],[128.7723439,73.1220308],[128.9334528,73.1934248],[128.6866738,73.2154252],[128.7703231,73.2418493],[128.6231674,73.2487876],[128.1270709,73.1954263],[128.4410003,73.3477613],[128.2328013,73.3706048],[127.9507757,73.3205755],[128.1045521,73.4086748],[127.7282509,73.3786354],[127.8420387,73.4684552],[127.5826949,73.4571537],[127.6269981,73.4694584],[127.5438094,73.4859208],[127.523794,73.4743799],[127.5579089,73.4426744],[127.4667098,73.4701376],[127.408539,73.4058156],[127.3484283,73.4309058],[127.3779928,73.4449371],[127.3444809,73.4577088],[127.3561025,73.5045678],[127.0468624,73.5221145],[126.9910713,73.5065088],[127.033168,73.5081847],[126.9901168,73.4539496],[127.0400268,73.4098434],[126.8953284,73.4150836],[126.9511826,73.3673275],[126.8670708,73.3764615],[126.8233217,73.4465623],[126.7063135,73.3964869],[126.7346979,73.3709697],[126.4640684,73.3624872],[126.504145,73.3351326],[126.4304884,73.3513373],[126.5391207,73.3774481],[126.4555851,73.3865458],[126.3387741,73.3445611],[126.3236983,73.3668705],[126.2323805,73.3490569],[126.3128055,73.368009],[126.1309935,73.3579157],[126.3679424,73.3868665],[126.2596696,73.4210188],[126.1382284,73.3973993],[126.1056165,73.4235478],[126.1271681,73.4418742],[126.2027424,73.3967385],[126.2243376,73.4509844],[126.2883109,73.4098848],[126.3533174,73.4206901],[126.327484,73.4226631],[126.3430955,73.4489437],[126.3768806,73.4276349],[126.3621624,73.3953592],[126.4529905,73.4339443],[126.4305759,73.4756033],[126.3849723,73.4770857],[126.4461123,73.5067309],[126.3028263,73.5502016],[126.1391594,73.4879441],[126.1574902,73.5073733],[126.1125632,73.5121314],[126.0870994,73.47687],[126.0589382,73.4993676],[125.9828506,73.476804],[126.0104143,73.4989386],[125.9294031,73.5238596],[125.9224067,73.4879479],[125.8028661,73.4587901],[125.9137709,73.4463841],[125.817382,73.4388026],[125.8222841,73.4125293],[125.7683473,73.4395864],[125.7792246,73.4650792],[125.6133081,73.4455786],[125.589403,73.4320468],[125.7000234,73.4154818],[125.5830559,73.3700728],[125.600613,73.4215648],[125.5447186,73.4264268],[125.5499425,73.4482539],[125.674392,73.4452783],[125.6843822,73.4699966],[125.6481431,73.4965394],[125.6799407,73.5272327],[125.5202315,73.5320712],[125.5013247,73.4926094],[125.4627165,73.5180622],[125.503849,73.5458726],[125.4557003,73.5645144],[125.4730091,73.581181],[125.4299194,73.5581939],[125.4640225,73.5441839],[125.4361176,73.5245218],[125.3607737,73.5477981],[125.4168279,73.5602746],[125.3843579,73.5853097],[125.3315859,73.4991803],[125.3070338,73.5023328],[125.3476809,73.5247957],[125.265471,73.5376836],[125.2916126,73.5707754],[125.1953029,73.5085285],[125.2150657,73.5874588],[125.2657838,73.6057656],[125.2202524,73.6148088],[125.2283554,73.6353008],[125.1304509,73.6241488],[125.1747811,73.6532788],[125.1623844,73.7055245],[125.069335,73.6610743],[125.1061773,73.6335986],[125.0187174,73.5965153],[125.0301997,73.6977182],[124.9423761,73.6463915],[124.9100535,73.6634344],[124.9515316,73.6762635],[124.9398376,73.6944723],[124.8466903,73.6750029],[124.9184521,73.7186394],[124.7267777,73.690031],[124.7069983,73.7014109],[124.7533385,73.7038796],[124.7518647,73.7420032],[124.6696499,73.7135838],[124.6319721,73.7180624],[124.6473966,73.7429635],[124.512493,73.7311948],[124.5265672,73.7571041],[124.4031576,73.7665133],[124.4433998,73.7968355],[124.3553839,73.7966013],[124.3787318,73.7885274],[124.2894153,73.7314899],[124.261802,73.7547028],[124.2273573,73.737535],[124.3010753,73.7079221],[124.2095118,73.6913975],[124.1908201,73.7072451],[124.2613601,73.716006],[124.2033755,73.7159847],[124.130784,73.6904851],[124.1675367,73.6935989],[124.1439577,73.6690225],[124.0486643,73.6647649],[124.0668769,73.6508392],[124.0075566,73.594858],[123.9630924,73.6264903],[123.9050087,73.6169594],[123.9365807,73.6152834],[123.9085622,73.5848455],[123.8499589,73.621717],[123.7666411,73.561964],[123.6825926,73.5986584],[123.7099327,73.6233906],[123.6052009,73.6177126],[123.6691251,73.6514125],[123.6320773,73.6787853],[123.7216831,73.6721002],[123.696503,73.6958961],[123.5956672,73.6930265],[123.6236343,73.6620938],[123.5397423,73.6459558],[123.5243318,73.6040492],[123.4900993,73.6166658],[123.5274261,73.6471078],[123.4272992,73.6499235],[123.4742815,73.605106],[123.4193372,73.6005987],[123.5151309,73.5529937],[123.3671516,73.5780436],[123.4007383,73.5422249],[123.4575343,73.5426687],[123.3265331,73.5448601],[123.3360521,73.5099065],[123.383395,73.4963994],[123.3252416,73.4737697],[123.4800566,73.4597823],[123.4415912,73.4309222],[123.5143632,73.3906463],[123.3535877,73.4523265],[123.3198269,73.4265418],[123.3696094,73.4333889],[123.3354909,73.4131141],[123.3758801,73.3957634],[123.2657235,73.3969928],[123.5306415,73.3780635],[123.3677009,73.3430529],[123.3914604,73.3120193],[123.5481853,73.2894026],[123.4046524,73.2887553],[123.4223037,73.2751106],[123.5196682,73.2543414],[123.571062,73.2745489],[123.4863879,73.2381795],[123.5561741,73.234434],[123.5742034,73.1966117],[123.7425156,73.2045324],[123.6322837,73.1652049],[123.7435117,73.1662124],[123.613612,73.141914],[123.5463801,73.1607643],[123.6352727,73.1914418],[123.4611413,73.1626895],[123.7247152,73.0974504],[123.4905102,73.1134765],[123.3884332,73.0463148],[123.4096528,73.0382029],[123.385187,73.0050703],[123.4367558,72.9724292],[123.4197921,72.9583714],[123.1757929,72.8949624],[123.1109958,72.9322261],[122.807836,72.9686847],[122.9935563,72.9676685],[122.7406174,73.0333159],[122.5358372,72.9998488],[122.9658817,72.9061861],[123,72.8881174],[122.8319129,72.8635663],[122.923653,72.8136397],[123.0603154,72.8018956],[122.9414743,72.8032654],[122.714027,72.9119466],[122.583534,72.9131373],[122.683271,72.8559878],[122.6448248,72.8402994],[121.72985,72.9672258],[121.0936982,72.9233285],[119.9563036,73.0119017],[119.696215,72.9898875],[119.5063156,73.0454144],[118.5102482,73.1771884],[118.4038069,73.2249589],[118.4099621,73.2678481],[118.3820347,73.284646],[118.4748944,73.3527499],[118.3831574,73.3814874],[118.4409634,73.4263276],[118.555926,73.4694599],[118.7157501,73.4519851],[118.8167215,73.4653197],[118.7834482,73.490396],[119.005276,73.4924854],[118.7346896,73.5498408],[118.0584094,73.5793654],[117.4798115,73.5656278],[117.6191629,73.5754842],[117.3211947,73.5775524],[116.6573876,73.6665514],[116.2792277,73.6558953],[115.664371,73.7078516],[115.3965884,73.699612],[115.478585,73.6784937],[115.2487479,73.6948671],[115.2719072,73.6820229],[115.1929772,73.6593864],[115.3050501,73.6419114],[115.0821121,73.6483163],[114.9141087,73.5908784],[114.1999899,73.5934838],[113.5121581,73.5055831],[113.6161221,73.4246448],[113.8707094,73.3462417],[113.5823438,73.2309241],[113.6692596,73.1617288],[113.579599,73.1620527],[113.6176002,73.1437462],[113.5983251,73.1296128],[113.5179171,73.1548798],[113.5370174,73.1917907],[113.4817756,73.2264248],[113.5651828,73.2726013],[113.5814665,73.3158543],[113.5543565,73.3399696],[113.385918,73.3641743],[113.1823778,73.4455714],[113.2609516,73.4784837],[113.3425514,73.5735851],[113.4508344,73.5833679],[113.4608812,73.6303626],[113.1791662,73.865537],[112.8308785,74.0000001],[112.9971909,73.7861836],[112.8109371,73.7142419],[111.8653977,73.7150274],[111.3094471,73.8537046],[111.20862,73.8162006],[110.9916657,73.8129384],[110.89857733518835,73.7660490204933]]],[[[127.1088377,72.5848898],[127.0161903,72.5620108],[127.1559199,72.5835392],[127.1088377,72.5848898]]],[[[127.1283966,72.5855846],[127.2032816,72.6049285],[127.1050233,72.5886879],[127.1283966,72.5855846]]],[[[129.3751,72.6141168711637],[129.2577974,72.6163814],[129.4152316,72.605642],[129.3751,72.6141168711637]]],[[[129.1020612,72.5829229],[129.1451606,72.5855795],[129.0607173,72.5920102],[129.1020612,72.5829229]]],[[[127.7229358,72.5659762],[127.83273,72.5554024],[127.9419722,72.5882064],[127.7229358,72.5659762]]],[[[128.1520516,72.5761735],[128.1818077,72.5875398],[128.1351391,72.5909212],[128.1520516,72.5761735]]],[[[127.4571417,72.6037184],[127.3351333,72.5835744],[127.5655332,72.5943001],[127.4571417,72.6037184]]],[[[128.671775,72.56723717058546],[128.6928484,72.5680229],[128.6597664,72.5820219],[128.677048,72.5935479],[128.5644392,72.6261663],[128.5051858,72.59354],[128.3945342,72.592894],[128.4748793,72.5599049],[128.671775,72.56723717058546]]],[[[127.6170875,72.60531587078141],[127.521657,72.5983262],[127.6170875,72.60531587078141]]],[[[127.522311,72.6007584],[127.5582688,72.6103485],[127.5013662,72.6060981],[127.522311,72.6007584]]],[[[127.96885,72.61720121854576],[127.9501831,72.586461],[128.0576707,72.6033483],[127.96885,72.61720121854576]]],[[[129.0235375,72.59641243481222],[129.0440864,72.5963579],[129.0056744,72.6093929],[129.0235375,72.59641243481222]]],[[[128.0944922,72.6014736],[128.1758537,72.5964585],[128.0944922,72.6014736]]],[[[128.3204125,72.5863595196723],[128.2950598,72.5828598],[128.3932581,72.6054099],[128.3086012,72.630048],[128.0896646,72.6208714],[128.3204125,72.5863595196723]]],[[[127.9126903,72.599676],[127.9530238,72.6035963],[127.8937443,72.6091555],[127.9126903,72.599676]]],[[[127.265525,72.54567659929762],[127.1853699,72.5623376],[127.044511,72.5249692],[127.3282424,72.5200038],[127.2959124,72.5336608],[127.4377818,72.5414644],[127.5034707,72.5757014],[127.265525,72.54567659929762]]],[[[127.265725,72.58138704811012],[127.1904164,72.5672397],[127.2995917,72.5442985],[127.4208353,72.579412],[127.265725,72.58138704811012]]],[[[128.3202125,72.56185345135496],[128.4577408,72.5631809],[128.420246,72.5896484],[128.2859305,72.5764396],[128.3202125,72.56185345135496]]],[[[127.96885,72.57517964322237],[127.9059481,72.5841801],[127.7710567,72.5353565],[128.2331704,72.5537594],[128.198663,72.5827532],[128.0561076,72.5680788],[128.0961259,72.5774621],[128.081014,72.5978352],[127.96885,72.57517964322237]]],[[[127.6170875,72.59995209542828],[127.4738251,72.5481319],[127.6428081,72.5659603],[127.5422777,72.549409],[127.5739322,72.5314922],[127.7213951,72.5636664],[127.691225,72.568327],[127.7180996,72.5800004],[127.6966744,72.5990283],[127.6170875,72.59995209542828]]],[[[128.671775,72.57256464375952],[129.0448262,72.5506241],[128.7452957,72.5962011],[128.671775,72.57256464375952]]],[[[127.3257821,72.6015148],[127.3825961,72.6156547],[127.3257821,72.6015148]]],[[[129.19911875,72.61105270462338],[129.287052,72.6020338],[129.1271077,72.6264709],[129.19911875,72.61105270462338]]],[[[127.5598437,72.6120204],[127.592666,72.6185148],[127.5394888,72.6153239],[127.5598437,72.6120204]]],[[[127.1860569,72.6202772],[127.2604475,72.6366142],[127.1860569,72.6202772]]],[[[127.7695923,72.6191657],[127.8023396,72.615275],[127.7110025,72.6016764],[127.8594029,72.5915868],[127.8331243,72.6019127],[127.924537,72.622866],[127.7695923,72.6191657]]],[[[129.0235375,72.6138478451078],[129.1235165,72.6016902],[128.9517869,72.6339145],[129.0235375,72.6138478451078]]],[[[129.19911875,72.62937149527991],[129.4452775,72.6117097],[129.19911875,72.62937149527991]]],[[[127.265525,72.61723326846356],[127.3605918,72.6272328],[127.265525,72.61723326846356]]],[[[127.7113903,72.6200784],[127.748904,72.6338593],[127.6712721,72.6249279],[127.7113903,72.6200784]]],[[[128.9466594,72.6321249],[128.9038499,72.6395182],[128.930498,72.6086144],[129.0069577,72.6178242],[128.9466594,72.6321249]]],[[[129.3749,72.63397847298177],[129.4206069,72.6345023],[129.294361,72.6311498],[129.3749,72.63397847298177]]],[[[128.671975,72.67539047879966],[128.529808,72.658665],[128.6546791,72.6027085],[129.09522,72.5797329],[128.671975,72.67539047879966]]],[[[128.3202125,72.62970465792199],[128.4923072,72.6065787],[128.5442621,72.6293158],[128.4935402,72.6537225],[128.3202125,72.62970465792199]]],[[[128.0720579,72.6224513],[128.1073442,72.6350043],[128.0147495,72.6384046],[128.0720579,72.6224513]]],[[[129.4653969,72.6461566],[129.4056069,72.6521625],[129.4653969,72.6461566]]],[[[129.3749,72.65487023751494],[129.4708286,72.657386],[129.3423993,72.6607115],[129.4219796,72.6564722],[129.3749,72.65487023751494]]],[[[127.3586215,72.6347559],[127.4319312,72.6722719],[127.3284858,72.641281],[127.3586215,72.6347559]]],[[[129.0758396,72.6358219],[129.110082,72.6390001],[129.0347889,72.6443927],[129.0758396,72.6358219]]],[[[129.0233375,72.63654331168951],[129.0446166,72.6385142],[128.9252073,72.6482141],[129.0233375,72.63654331168951]]],[[[128.3204125,72.64398343836557],[128.1953883,72.6463632],[128.3204125,72.64398343836557]]],[[[127.6172875,72.6513607254789],[127.5322452,72.6359716],[127.700668,72.6542056],[127.6172875,72.6513607254789]]],[[[129.0235375,72.66747949997199],[129.1502494,72.6328423],[129.3107938,72.6416004],[129.0235375,72.66747949997199]]],[[[127.6170875,72.6766290222487],[127.4594101,72.6867958],[127.3746417,72.6341598],[127.6462318,72.6620714],[127.6170875,72.6766290222487]]],[[[127.8511763,72.653507],[127.7672977,72.6587606],[127.8511763,72.653507]]],[[[129.0233375,72.6509725020707],[129.0621943,72.6484739],[128.9332375,72.6755546],[129.0233375,72.6509725020707]]],[[[129.19911875,72.65745424415344],[129.2627176,72.6605756],[129.1273834,72.6653057],[129.19911875,72.65745424415344]]],[[[129.19911875,72.66236906982337],[129.2978611,72.6615488],[129.0942557,72.6702582],[129.19911875,72.66236906982337]]],[[[127.8073972,72.6934998],[127.638738,72.6704541],[127.808405,72.665524],[127.8073972,72.6934998]]],[[[128.4641514,72.6627162],[128.4915009,72.6652148],[128.4641514,72.6627162]]],[[[128.5318609,72.6621186],[128.5683738,72.6758697],[128.5318609,72.6621186]]],[[[127.4221568,72.6810124],[127.4667569,72.6911964],[127.4221568,72.6810124]]],[[[128.3202125,72.64827420654912],[128.342646,72.7046427],[128.2392135,72.652666],[128.3202125,72.64827420654912]]],[[[129.0235375,72.68209535540497],[128.9835942,72.6860487],[129.0968049,72.6728581],[129.0235375,72.68209535540497]]],[[[129.5386053,72.6892809],[129.4591202,72.7018698],[129.5386053,72.6892809]]],[[[128.9671196,72.6699423],[128.8606515,72.69238],[128.9808226,72.6811857],[128.9044005,72.6967489],[128.732773,72.6919955],[128.9979806,72.6546153],[128.9671196,72.6699423]]],[[[129.3751,72.66795217646951],[129.4471444,72.6694484],[128.9846748,72.6883397],[129.3751,72.66795217646951]]],[[[128.575697,72.6924926],[128.5085545,72.6839086],[128.6110972,72.6828551],[128.575697,72.6924926]]],[[[129.3751,72.68281336505714],[129.0606343,72.693441],[129.3751,72.68281336505714]]],[[[128.671775,72.69787537762338],[128.5773893,72.6935183],[128.7302406,72.6891817],[128.671775,72.69787537762338]]],[[[129.4843562,72.7457566],[129.4190235,72.749735],[129.4843562,72.7457566]]],[[[128.8558757,72.7524173],[128.8803797,72.7580541],[128.824788,72.7610794],[128.8558757,72.7524173]]],[[[129.0233375,72.74961355014223],[129.0651206,72.7468373],[128.9517254,72.764543],[129.0233375,72.74961355014223]]],[[[129.0815046,72.7527076],[129.1676472,72.7552096],[129.0298472,72.7608976],[129.0815046,72.7527076]]],[[[129.19911875,72.75881745843054],[129.1668003,72.7567432],[129.327095,72.7608909],[129.19911875,72.75881745843054]]],[[[128.3536883,72.8029193],[128.3289253,72.8067994],[128.3536883,72.8029193]]],[[[129.3751,72.80852220973115],[129.3271122,72.8086681],[129.4216389,72.8056832],[129.3751,72.80852220973115]]],[[[129.19931875,72.8181037479245],[129.3090327,72.8122732],[129.19931875,72.8181037479245]]],[[[129.3749,72.82425418836851],[129.3134297,72.8166099],[129.4111575,72.8192458],[129.3749,72.82425418836851]]],[[[129.0235375,72.82703538821737],[128.9314226,72.8137747],[129.2659709,72.8217875],[129.0235375,72.82703538821737]]],[[[122.5850857,72.8603845],[122.4651272,72.8686624],[122.6396651,72.8474586],[122.5850857,72.8603845]]],[[[129.19911875,72.83684956956593],[129.3447922,72.8293337],[129.1745108,72.8402821],[129.19911875,72.83684956956593]]],[[[129.3942048,72.8343535],[129.4765708,72.8408198],[129.3942048,72.8343535]]],[[[129.19931875,72.846606756741],[129.0975424,72.8505531],[129.4065748,72.8455709],[129.19931875,72.846606756741]]],[[[129.4665863,72.8232139],[129.4884473,72.8321048],[129.4157252,72.8297117],[129.4665863,72.8232139]]],[[[128.671775,72.87647499016997],[128.3267974,72.8287658],[128.5080837,72.8101237],[128.5891678,72.8530989],[128.7707127,72.8788065],[128.671775,72.87647499016997]]],[[[128.4385427,72.8506947],[128.4966432,72.8479092],[128.3728198,72.8480757],[128.4385427,72.8506947]]],[[[129.3749,72.84865163300749],[129.4326702,72.8506268],[129.3036405,72.8506051],[129.3749,72.84865163300749]]],[[[129.02335280727914,72.84831002805102],[129.1346751,72.836991],[128.8428216,72.8653341],[129.02335280727914,72.84831002805102]]],[[[128.5268605,72.8511751],[128.5007702,72.8550732],[128.5268605,72.8511751]]],[[[129.19931875,72.85881067482737],[129.2978284,72.8654321],[128.9485395,72.871009],[129.3392959,72.858469],[129.1452766,72.8635544],[129.19931875,72.85881067482737]]],[[[129.3751,72.85846163899035],[129.3948315,72.8624567],[129.3272572,72.8633431],[129.3751,72.85846163899035]]],[[[128.7562959,72.8550292],[128.8640203,72.8696926],[128.7029484,72.8595571],[128.7562959,72.8550292]]],[[[129.19931875,72.87937269115434],[129.1670523,72.8752902],[129.3030635,72.8674684],[129.19931875,72.87937269115434]]],[[[128.7998795,72.8688733],[128.8544529,72.8735183],[128.7664874,72.8703705],[128.7998795,72.8688733]]],[[[129.0233375,72.87656643030795],[129.1029076,72.8796761],[128.9662944,72.8794438],[129.0233375,72.87656643030795]]],[[[127.9993662,72.7759278],[127.9810794,72.7639552],[128.0712159,72.7459917],[128.1392744,72.7629013],[127.9993662,72.7759278]]],[[[128.671775,72.78342608909166],[128.5811443,72.7895927],[128.671775,72.78342608909166]]],[[[128.81646562746437,72.7735375],[128.7178828,72.765302],[128.958349,72.7551465],[128.81646562746437,72.7735375]]],[[[129.3751,72.76336967961048],[129.4305594,72.7697093],[129.3421149,72.763756],[129.3751,72.76336967961048]]],[[[128.3862412862293,72.7735375],[128.2645775,72.7544529],[128.4924073,72.7842799],[128.3862412862293,72.7735375]]],[[[128.98464067674703,72.7733375],[129.2384005,72.7645918],[128.8556374,72.7817985],[128.98464067674703,72.7733375]]],[[[128.35032253768597,72.7733375],[128.3976953,72.7786549],[128.35032253768597,72.7733375]]],[[[129.3751,72.7712293229234],[129.4918484,72.7832967],[129.2919089,72.7693759],[129.3751,72.7712293229234]]],[[[128.3204125,72.79037655705349],[128.2469099,72.7750841],[128.3204125,72.79037655705349]]],[[[128.65949899831517,72.7735375],[128.8435451,72.7835779],[128.6288101,72.7799769],[128.65949899831517,72.7735375]]],[[[129.3749,72.78466347367933],[129.0859798,72.787708],[129.4206997,72.7842236],[129.3749,72.78466347367933]]],[[[128.575278,72.7822984],[128.615939,72.776887],[128.4968537,72.7947664],[128.575278,72.7822984]]],[[[128.8329647,72.8078412],[128.7515821,72.7994135],[129.0035731,72.7905365],[128.8329647,72.8078412]]],[[[128.671975,72.78978198536764],[128.8925574,72.8101808],[128.5575964,72.7995071],[128.671975,72.78978198536764]]],[[[129.0233375,72.79472040606103],[129.2960461,72.8107597],[128.9107112,72.8081457],[129.0233375,72.79472040606103]]],[[[128.671975,72.82051184573935],[129.1805403,72.8374664],[128.6194276,72.8555854],[128.5373846,72.8130032],[128.3381635,72.7907331],[128.671975,72.82051184573935]]],[[[129.3751,72.7082954328193],[129.453719,72.709036],[129.3442783,72.7138513],[129.3751,72.7082954328193]]],[[[129.3097223,72.7033038],[129.2307674,72.7076256],[129.3097223,72.7033038]]],[[[129.0235375,72.71073045849413],[129.1036129,72.7041543],[128.9653159,72.7159305],[129.0235375,72.71073045849413]]],[[[129.122525,72.7066986],[129.1449225,72.7146039],[129.0899151,72.7128475],[129.122525,72.7066986]]],[[[129.5322543,72.7065446],[129.4062055,72.7162911],[129.5322543,72.7065446]]],[[[128.7326074,72.7225669],[128.9949621,72.7233427],[128.7326074,72.7225669]]],[[[127.96885,72.69234613896262],[127.8739014,72.6598963],[128.113149,72.6387346],[128.3211142,72.6948621],[128.13278,72.6928625],[128.2175337,72.7077734],[128.1668108,72.7177908],[127.96885,72.69234613896262]]],[[[127.96865,72.73403678553065],[127.8553369,72.7223975],[127.8125957,72.6669545],[128.122437,72.7199025],[127.96865,72.73403678553065]]],[[[128.3204125,72.65116805946278],[128.4954829,72.6759559],[128.3355283,72.7112626],[128.3566467,72.6855249],[128.3204125,72.65116805946278]]],[[[128.4469679,72.6919252],[128.5091533,72.6777782],[128.3741714,72.711897],[128.4469679,72.6919252]]],[[[128.671975,72.72229829034718],[128.5167978,72.7439709],[128.4491035,72.7200361],[128.5593617,72.6936069],[129.0825509,72.700076],[128.671975,72.72229829034718]]],[[[129.3749,72.7310586771669],[129.43398,72.7274752],[129.3749,72.7310586771669]]],[[[129.0233375,72.72725501002304],[129.1187839,72.7256071],[128.9984004,72.7315185],[129.0233375,72.72725501002304]]],[[[129.19931875,72.73825568856559],[129.1485407,72.7363181],[129.2242132,72.7329269],[129.19931875,72.73825568856559]]],[[[127.8099162,72.7329947],[127.854473,72.7492236],[127.8099162,72.7329947]]],[[[127.8661944,72.7274412],[127.9372166,72.7335772],[127.8971046,72.7561043],[127.8661944,72.7274412]]],[[[129.5356363,72.7333633],[129.3757241,72.7380673],[129.5356363,72.7333633]]],[[[129.0233375,72.73456488078037],[129.117521,72.7294402],[128.9678402,72.7458233],[129.0233375,72.73456488078037]]],[[[129.19911875,72.74393919618113],[129.29387,72.7395534],[129.19911875,72.74393919618113]]],[[[127.96885,72.75622180975785],[127.8997931,72.7474311],[128.0630383,72.7214242],[127.96885,72.75622180975785]]],[[[128.6718221,72.7459742],[128.5272918,72.740533],[128.8415867,72.7313578],[128.6718221,72.7459742]]],[[[128.7714583,72.754128],[128.9420022,72.74965],[128.7197029,72.7591728],[128.7714583,72.754128]]],[[[128.3204125,72.73778487159045],[128.3393729,72.7466623],[128.2899592,72.733592],[128.3204125,72.73778487159045]]],[[[128.2743811,72.7497207],[128.0339415,72.7427507],[128.2019612,72.7198488],[128.2907279,72.7358944],[128.2743811,72.7497207]]],[[[129.093515,72.7438876],[129.1297087,72.7496167],[129.093515,72.7438876]]],[[[128.3202125,72.71823353174982],[128.782363,72.7426428],[128.5011418,72.7804691],[128.2175503,72.7172274],[128.3202125,72.71823353174982]]],[[[128.526461,72.8984406],[128.5546301,72.9004208],[128.4049372,72.9100031],[128.526461,72.8984406]]],[[[129.0233375,72.91020702722275],[129.2551404,72.9102008],[129.0233375,72.91020702722275]]],[[[129.5431192,72.9505164],[129.4594848,72.949444],[129.5431192,72.9505164]]],[[[128.863149,72.9264102],[128.9644516,72.9330957],[128.863149,72.9264102]]],[[[129.3134294,72.9143348],[129.2606558,72.930633],[129.3134294,72.9143348]]],[[[128.7685913,72.9083127],[128.7997701,72.9169048],[128.7086141,72.9101522],[128.7685913,72.9083127]]],[[[128.671975,72.92353681600054],[128.5826543,72.9089114],[128.7909326,72.9291594],[128.671975,72.92353681600054]]],[[[128.671975,72.93618117070211],[128.3469896,72.9261775],[128.5852245,72.9104495],[128.8560118,72.9483772],[128.671975,72.93618117070211]]],[[[129.3749,72.9379768914132],[129.4933666,72.9465545],[129.2421594,72.9457295],[129.3749,72.9379768914132]]],[[[129.0235375,72.93505936462864],[128.9696798,72.9284979],[129.1710428,72.9291949],[129.0235375,72.93505936462864]]],[[[128.9036847,72.9337547],[128.9431207,72.9384561],[128.8683383,72.9302459],[128.9036847,72.9337547]]],[[[128.1498409,72.9474251],[128.130743,72.9373797],[128.2839938,72.9461508],[128.1498409,72.9474251]]],[[[128.3204125,72.93884483969013],[128.4251583,72.9427645],[128.2834773,72.9374619],[128.3204125,72.93884483969013]]],[[[128.9883745,72.93923],[128.9531069,72.9461232],[128.9883745,72.93923]]],[[[128.5706909,72.9363514],[128.4576882,72.9464305],[128.5706909,72.9363514]]],[[[122.5272184,72.9559688],[122.468371,72.9593521],[122.5804255,72.936307],[122.5272184,72.9559688]]],[[[129.3751,72.95829496551457],[129.5342846,72.9607594],[129.3420954,72.958361],[129.3751,72.95829496551457]]],[[[122.8237273,72.9348753],[122.6467116,72.9603865],[122.6949167,72.9241093],[122.8727178,72.9024179],[122.8237273,72.9348753]]],[[[122.5372785,72.9573623],[122.6572691,72.9321327],[122.5806793,72.9755435],[122.4991037,72.9639106],[122.5372785,72.9573623]]],[[[122.9800235,72.9498445],[123.0505411,72.9545897],[122.9321088,72.9581754],[122.9800235,72.9498445]]],[[[129.2513553,72.9494224],[129.3403677,72.9591304],[129.2513553,72.9494224]]],[[[129.145116,72.9495256],[129.0576298,72.9596611],[129.145116,72.9495256]]],[[[128.4588228,72.9520544],[128.5833449,72.9715082],[128.3339259,72.9496413],[128.4588228,72.9520544]]],[[[128.671975,72.96551852129471],[128.5334814,72.9448292],[128.8255478,72.947076],[129.1080104,73.0048616],[128.671975,72.96551852129471]]],[[[129.5594112,72.9972279],[129.5252585,72.9939969],[129.5594112,72.9972279]]],[[[122.9438527,72.9850357],[122.9625926,72.9988603],[122.9438527,72.9850357]]],[[[129.3751,72.97518989963875],[129.4724517,72.9782852],[129.3252143,72.9877698],[129.2471792,72.9620746],[129.3751,72.97518989963875]]],[[[129.0233375,72.98580546286736],[128.9665573,72.9703969],[129.0852279,72.9905653],[129.0233375,72.98580546286736]]],[[[128.671975,72.98927987014908],[128.5697444,72.9750569],[128.7344517,72.9830017],[128.671975,72.98927987014908]]],[[[123.0070254,72.9743585],[123.0654192,72.9855624],[122.9749216,72.9836144],[123.0070254,72.9743585]]],[[[129.19911875,72.97765214621565],[129.2651361,72.9970538],[129.0895402,72.980344],[129.19911875,72.97765214621565]]],[[[119.5645975,73.0365119],[119.6124457,73.0255524],[119.5907528,73.0593244],[119.5283995,73.0526867],[119.5645975,73.0365119]]],[[[129.2776205,73.0685733],[129.2538218,73.0599177],[129.3271695,73.0692669],[129.2776205,73.0685733]]],[[[122.5237335,73.0601496],[122.4689452,73.0578147],[122.5237335,73.0601496]]],[[[129.2689552,73.0752274],[129.2310713,73.0624994],[129.2908696,73.0744312],[129.2689552,73.0752274]]],[[[129.19911875,73.06333308298376],[129.2555423,73.0877634],[129.1731874,73.0587241],[129.19911875,73.06333308298376]]],[[[119.3433577,73.0913138],[119.2696895,73.109141],[119.3433577,73.0913138]]],[[[119.3593068,73.0988014],[119.4043675,73.1132368],[119.3257654,73.1174631],[119.3593068,73.0988014]]],[[[119.5748398,73.135722],[119.6123434,73.1390856],[119.5748398,73.135722]]],[[[119.6980037,73.1346581],[119.7403887,73.1576254],[119.692655,73.1569752],[119.6980037,73.1346581]]],[[[119.647198,73.14834],[119.6823645,73.1417664],[119.6165305,73.161023],[119.647198,73.14834]]],[[[119.7175573,73.04004],[119.7805519,73.0642575],[119.695974,73.0704996],[119.7175573,73.04004]]],[[[119.6129195,73.084358],[119.6531892,73.025796],[119.7305372,73.0137837],[119.6960056,73.0763807],[119.6129195,73.084358]]],[[[119.8475891,73.0502957],[119.950939,73.0470447],[119.9717496,73.0868999],[119.8475891,73.0502957]]],[[[122.7548748,73.0738366],[122.7287684,73.0627669],[122.8643339,73.0614949],[122.7548748,73.0738366]]],[[[128.8393399,73.0575841],[128.8672533,73.0740832],[128.8393399,73.0575841]]],[[[119.8262051,73.0779556],[119.7970853,73.0497117],[119.927365,73.1077419],[119.878381,73.1173841],[119.8262051,73.0779556]]],[[[120.3529974,73.0838472],[120.334434,73.0511454],[120.4138337,73.0646792],[120.3529974,73.0838472]]],[[[122.5153732,73.0655459],[122.5528497,73.0699197],[122.5153732,73.0655459]]],[[[122.6902495,73.0620451],[122.6316802,73.0795676],[122.6902495,73.0620451]]],[[[128.9477881734518,73.1251],[129.0093669,73.1362077],[128.9477881734518,73.1251]]],[[[119.588032,73.0823716],[119.5249311,73.1014376],[119.4288677,73.0776663],[119.588032,73.0823716]]],[[[119.5901645,73.0849018],[119.5508476,73.1043145],[119.5901645,73.0849018]]],[[[128.8619456,73.0798275],[128.9294413,73.094297],[128.8619456,73.0798275]]],[[[119.9841459,73.0776923],[120.0730154,73.1030601],[119.9841459,73.0776923]]],[[[119.9965152,73.1031656],[119.9366294,73.0922641],[120.0330293,73.1108154],[119.9965152,73.1031656]]],[[[119.69956121673009,73.1251],[119.6720361,73.1032881],[119.78166,73.0959532],[119.7312375,73.1163196],[119.7465149,73.1350401],[119.69956121673009,73.1251]]],[[[128.78389196455,73.1251],[128.6019674,73.0923913],[128.8113564,73.133567],[128.78389196455,73.1251]]],[[[128.81988372883453,73.1251],[128.7467887,73.0954308],[128.9068951,73.1231575],[128.81988372883453,73.1251]]],[[[128.7606926,73.1060496],[128.7965393,73.1212898],[128.7606926,73.1060496]]],[[[119.73709972111779,73.1251],[119.7827819,73.0974725],[119.7650063,73.0851815],[119.8319346,73.083503],[119.7764153,73.1264561],[119.8022092,73.1580737],[119.73709972111779,73.1251]]],[[[120.15262454716925,73.1251],[120.0728142,73.1068999],[120.15262454716925,73.1251]]],[[[120.22876559756524,73.1251],[120.1251758,73.1094366],[120.2535382,73.127657],[120.22876559756524,73.1251]]],[[[119.80921817201647,73.1251],[119.8360879,73.0847245],[119.8726864,73.1282049],[119.8307509,73.1599858],[119.80921817201647,73.1251]]],[[[119.78045717723992,73.1251],[119.8329055,73.1164803],[119.8053852,73.1449881],[119.78045717723992,73.1251]]],[[[119.96865132755181,73.1251],[119.9408693,73.0965515],[120.0532409,73.11819],[120.0260569,73.1567021],[119.96865132755181,73.1251]]],[[[119.88975788724332,73.1251],[119.9571722,73.1226615],[119.9309245,73.1575641],[119.8756446,73.1593649],[119.9230003,73.1471905],[119.8803129,73.1449779],[119.88975788724332,73.1251]]],[[[120.09306034698525,73.1251],[120.1950913,73.1331765],[120.09306034698525,73.1251]]],[[[120.04703200290237,73.1251],[120.094143,73.1303689],[120.0635118,73.1539749],[120.0319125,73.1397348],[120.04703200290237,73.1251]]],[[[120.1972308,73.0035736],[120.2766493,73.0073063],[120.1394769,73.0107353],[120.1972308,73.0035736]]],[[[120.4510721,73.0177442],[120.5067833,73.0226828],[120.4104645,73.0227743],[120.4510721,73.0177442]]],[[[122.1589463,73.0176624],[122.2244586,73.010871],[122.1394821,73.0319948],[122.1589463,73.0176624]]],[[[129.3749,73.03188433261924],[129.4015533,73.0438417],[129.2967692,73.0087629],[129.3749,73.03188433261924]]],[[[129.085336,73.0127922],[129.1431933,73.0342207],[129.085336,73.0127922]]],[[[129.19931875,73.00119113543369],[129.2921111,73.0177115],[129.1271825,72.9984634],[129.19931875,73.00119113543369]]],[[[129.3749,73.00327531903186],[129.3921163,73.0134569],[129.32378,73.0046342],[129.3749,73.00327531903186]]],[[[122.4458828,72.9868811],[122.5300746,73.0287302],[122.4675562,73.0393872],[122.4258547,73.0084426],[122.4458828,72.9868811]]],[[[129.1114819,73.0012829],[129.1290551,73.0155798],[129.0826974,73.0092165],[129.1114819,73.0012829]]],[[[129.19931875,73.01420721947521],[129.3129168,73.0322437],[129.132034,73.005103],[129.19931875,73.01420721947521]]],[[[128.671975,73.00404456796298],[128.5575035,72.9763082],[128.7291676,72.9861878],[128.7911413,73.0213902],[128.671975,73.00404456796298]]],[[[129.4328838,73.0008557],[129.4583846,73.0074432],[129.3834261,72.9958446],[129.4328838,73.0008557]]],[[[129.0233375,73.00587063427291],[129.1261213,73.0332099],[128.8649169,73.0360147],[128.7541285,73.0108743],[128.7422889,72.9840336],[129.0233375,73.00587063427291]]],[[[129.4363117,73.0332957],[129.4119296,73.0198053],[129.4848847,73.0336977],[129.4363117,73.0332957]]],[[[120.2171066,73.0212976],[120.2950721,73.0308032],[120.2171066,73.0212976]]],[[[120.2240472,73.0541893],[120.0129146,73.02517],[120.1713085,73.0149767],[120.2911621,73.0449368],[120.2240472,73.0541893]]],[[[129.19931875,73.03908718847714],[129.2585833,73.0560795],[129.1483613,73.0245087],[129.19931875,73.03908718847714]]],[[[122.6549293,73.0264686],[122.7318002,73.0385663],[122.6658858,73.0493811],[122.6449813,73.044572],[122.6876303,73.0351817],[122.6549293,73.0264686]]],[[[120.3691353,73.0287028],[120.4521468,73.04536],[120.331562,73.0337949],[120.3691353,73.0287028]]],[[[129.19931875,73.0308016503269],[129.3520201,73.0623278],[129.19931875,73.0308016503269]]],[[[129.1274454,73.0346138],[129.1617179,73.0503025],[129.046513,73.0391196],[129.1274454,73.0346138]]],[[[122.853041,73.0357733],[122.8947316,73.0459952],[122.853041,73.0357733]]],[[[129.19911875,73.05369355911645],[129.145373,73.0334528],[129.19911875,73.05369355911645]]],[[[122.3424407,73.0382042],[122.2904853,73.052246],[122.3424407,73.0382042]]],[[[122.3918729,73.0578941],[122.3118543,73.0632307],[122.3752534,73.0192677],[122.4218526,73.0308587],[122.4008241,73.0111572],[122.4482582,73.0310542],[122.3918729,73.0578941]]],[[[128.8412641,73.0386797],[128.8830537,73.0720488],[128.8412641,73.0386797]]],[[[128.7129229,73.0189962],[128.6833597,73.0100105],[128.8202067,73.0436448],[128.8045811,73.0707118],[128.919264,73.111155],[128.7732647,73.0852424],[128.7129229,73.0189962]]],[[[120.2801659,73.0540672],[120.3237468,73.0502957],[120.353502,73.0933051],[120.2757612,73.1193741],[120.0935544,73.1047986],[119.9333615,73.0337416],[120.2801659,73.0540672]]],[[[129.07621139135028,73.1251],[128.8661851,73.0416361],[129.1257643,73.0441961],[129.1903955,73.0699502],[129.1981258,73.0942138],[129.1174829,73.1147141],[129.1983408,73.1131193],[129.07621139135028,73.1251]]],[[[128.5381032,72.8849262],[128.6286735,72.8895829],[128.5381032,72.8849262]]],[[[128.3204125,72.85943087931624],[128.3453381,72.8653632],[128.2851509,72.8534074],[128.5474243,72.876644],[128.4294185,72.8919326],[128.3204125,72.85943087931624]]],[[[129.3749,72.8668723717406],[129.4127485,72.8690638],[129.2382314,72.8805846],[129.3749,72.8668723717406]]],[[[129.19911875,72.88303676411378],[129.1002778,72.8748232],[129.263474,72.8864299],[129.19911875,72.88303676411378]]],[[[129.0233375,72.88251117406341],[129.1532819,72.8873091],[128.7489495,72.8844015],[129.0233375,72.88251117406341]]],[[[129.19911875,72.90867745700749],[128.9519398,72.8957922],[129.2810801,72.9022465],[129.19911875,72.90867745700749]]],[[[122.9762046,72.88914],[122.8668709,72.8979681],[122.9762046,72.88914]]],[[[128.728133,72.8839912],[128.7900619,72.8926238],[128.7072752,72.8861343],[128.728133,72.8839912]]],[[[128.6385846,72.8930496],[128.6661945,72.9019116],[128.5598975,72.8981327],[128.6385846,72.8930496]]],[[[128.8017485,72.8955731],[128.9031879,72.9203015],[128.7643789,72.8984718],[128.8017485,72.8955731]]],[[[129.0233375,72.92530403544335],[128.8260834,72.8929131],[129.1696357,72.9187211],[129.0233375,72.92530403544335]]],[[[113.7201789,73.3613224],[113.6687374,73.3686936],[113.7977821,73.3402731],[113.7201789,73.3613224]]],[[[123.1937091,73.5504659],[123.2062755,73.5937959],[123.1937091,73.5504659]]],[[[123.2805218,73.559978],[123.3299844,73.5709484],[123.2203062,73.5737081],[123.2805218,73.559978]]],[[[125.5921898,73.559985],[125.6203193,73.577452],[125.5921898,73.559985]]],[[[127.9021732,73.4823204],[127.8518738,73.4823072],[127.9021732,73.4823204]]],[[[125.7222511,73.4763474],[125.755644,73.4897857],[125.6966915,73.4875873],[125.7222511,73.4763474]]],[[[123.1860374,73.4530032],[123.1959556,73.5408666],[123.1616396,73.5089979],[123.1860374,73.4530032]]],[[[127.5485604,73.4472097],[127.4955308,73.4690685],[127.5485604,73.4472097]]],[[[126.9795825,73.497197],[126.8985862,73.5012593],[126.9795825,73.497197]]],[[[127.6315777,73.4850758],[127.8117457,73.4781229],[127.8640279,73.5020476],[127.6624843,73.5261597],[127.6100351,73.5012886],[127.6315777,73.4850758]]],[[[127.5233709,73.4999312],[127.4582657,73.5137747],[127.5233709,73.4999312]]],[[[127.6033914,73.5219431],[127.5426041,73.5010877],[127.6268926,73.5208201],[127.6033914,73.5219431]]],[[[128.617393,73.2694712],[128.6945092,73.2724092],[128.617393,73.2694712]]],[[[128.4781896,73.2676353],[128.6169899,73.2876098],[128.4781896,73.2676353]]],[[[128.3446216,73.2815642],[128.4722231,73.2886973],[128.5020607,73.3162359],[128.3446216,73.2815642]]],[[[128.4475623,73.3376866],[128.3575853,73.3101231],[128.4864223,73.333571],[128.4475623,73.3376866]]],[[[118.679715,73.4048699],[118.7276411,73.3747049],[118.7887746,73.4001319],[118.7227267,73.4234323],[118.679715,73.4048699]]],[[[118.7009068,73.3123098],[118.7918829,73.3231758],[118.8241664,73.3589329],[118.6579299,73.3324634],[118.7009068,73.3123098]]],[[[128.1113217,73.3645021],[128.0719944,73.3495118],[128.1496817,73.3644065],[128.1113217,73.3645021]]],[[[126.3493365,73.3512158],[126.4059719,73.3806941],[126.3418748,73.3763082],[126.3493365,73.3512158]]],[[[123.2736637,73.3452092],[123.2268624,73.4027296],[123.2736637,73.3452092]]],[[[127.9141853,73.4067514],[127.7496785,73.3818136],[127.9141853,73.4067514]]],[[[126.4161138,73.381587],[126.4452812,73.3926849],[126.3885504,73.3953074],[126.4161138,73.381587]]],[[[127.96885,73.33635774334888],[128.1524721,73.3981436],[127.96885,73.33635774334888]]],[[[126.4593631,73.391194],[126.4758607,73.4066076],[126.4593631,73.391194]]],[[[128.2486075,73.4069423],[128.2044178,73.3957926],[128.2486075,73.4069423]]],[[[128.2270235,73.4096741],[128.1097343,73.403587],[128.2270235,73.4096741]]],[[[126.5624,73.4207681826026],[126.5380385,73.3973777],[126.5561371,73.3771366],[126.6987616,73.3792685],[126.6660725,73.3929667],[126.6791408,73.4283917],[126.6289097,73.4449579],[126.5624,73.4207681826026]]],[[[127.96865,73.40811245782851],[128.0730439,73.4289778],[127.916867,73.4067654],[127.96865,73.40811245782851]]],[[[128.1126037,73.4258275],[128.0341054,73.4129606],[128.1126037,73.4258275]]],[[[128.0342927,73.4334017],[127.9775411,73.4239341],[128.0691008,73.4356034],[128.0342927,73.4334017]]],[[[118.8064818,73.4449617],[118.8574504,73.4396601],[118.8173454,73.4627585],[118.7110518,73.4498517],[118.7678247,73.4266344],[118.8064818,73.4449617]]],[[[126.5626,73.44080949639502],[126.5224051,73.4373339],[126.59985,73.4379799],[126.5626,73.44080949639502]]],[[[126.8486859,73.4300742],[126.8743721,73.4539817],[126.8486859,73.4300742]]],[[[127.0007148,73.4170113],[127.0207108,73.4143898],[126.9837887,73.4466276],[126.9602403,73.4223724],[127.0007148,73.4170113]]],[[[127.96865,73.43291852789974],[128.0592581,73.4516559],[127.8925979,73.4224802],[127.96865,73.43291852789974]]],[[[127.96865,73.46483030076769],[127.8389903,73.4605174],[127.7682068,73.4159082],[127.9295693,73.4323819],[127.9576932,73.455775],[127.9114827,73.4491524],[127.96865,73.46483030076769]]],[[[126.8893371,73.4345777],[126.9408296,73.4385416],[126.8893371,73.4345777]]],[[[126.6698771,73.4339131],[126.6951621,73.4556672],[126.6388647,73.4443034],[126.6698771,73.4339131]]],[[[127.4242874,73.4580679],[127.3861918,73.4861452],[127.3636736,73.454026],[127.4242874,73.4580679]]],[[[123.1673658,73.9736977],[123.2410038,73.9864639],[123.1673658,73.9736977]]],[[[142.03135,73.26107229853322],[143.2309998,73.1811436],[143.608684,73.2109492],[143.5365702,73.2343623],[143.4805573,73.3098156],[143.4751173,73.4493798],[143.533713,73.4693898],[143.4097303,73.5471715],[142.6215225,73.8088508],[142.0655232,73.9081569],[141.3077678,73.8318931],[141.1217772,73.8525168],[140.9329418,73.7804998],[140.9038608,73.7508548],[140.9285366,73.7419232],[140.8975563,73.7373122],[140.9195346,73.7173952],[140.8718026,73.7068976],[140.9878475,73.7005492],[140.851934,73.689513],[140.8070191,73.6028727],[140.5566275,73.4936628],[140.3394798,73.4386739],[139.875375,73.4340096],[139.7769014,73.4037352],[139.8649693,73.3452071],[139.9855233,73.3422246],[140.4705481,73.4192144],[140.8054888,73.4217412],[141.4177153,73.3169233],[142.03135,73.26107229853322]]],[[[115.046729,73.6326576],[115.0054197,73.6370014],[115.046729,73.6326576]]],[[[125.3097046,73.5790262],[125.3257142,73.6093758],[125.2990178,73.6071184],[125.3097046,73.5790262]]],[[[125.6748951,73.6126009],[125.7333197,73.6477918],[125.6728139,73.6450585],[125.6748951,73.6126009]]],[[[123.3402535,73.5958045],[123.4141996,73.6110026],[123.2884233,73.603008],[123.3402535,73.5958045]]],[[[123.7499,73.60303060244135],[123.8757841,73.6335979],[123.9107988,73.6809057],[123.8523583,73.7167348],[123.8546218,73.6431547],[123.7881934,73.6491577],[123.7499,73.60303060244135]]],[[[125.7747775,73.5831957],[125.6683831,73.5493075],[125.7218584,73.5575655],[125.7488489,73.5111692],[125.857396,73.4892869],[125.8782706,73.5151775],[125.7526136,73.5291346],[125.7948668,73.5441077],[125.8067313,73.6055524],[125.9177128,73.6378934],[125.8301138,73.6497744],[125.8458382,73.626476],[125.7747775,73.5831957]]],[[[115.1705681,73.6650724],[115.2274533,73.6811454],[115.0678849,73.6536827],[115.1581459,73.6417073],[115.1705681,73.6650724]]],[[[123.2166752,73.6099528],[123.3691677,73.7151229],[123.2881703,73.694122],[123.2166752,73.6099528]]],[[[123.3857867,73.6510545],[123.4418025,73.6769628],[123.3857867,73.6510545]]],[[[124.7913347,73.7087333],[124.8112267,73.722185],[124.7913347,73.7087333]]],[[[123.7895568,73.6502698],[123.8243413,73.6729208],[123.7720991,73.6815404],[123.7895568,73.6502698]]],[[[123.4774428,73.6781854],[123.5163087,73.6864952],[123.4774428,73.6781854]]],[[[123.9119133,73.6924362],[123.9313665,73.7018246],[123.8897514,73.70524],[123.9119133,73.6924362]]],[[[123.9996878,73.7479068],[123.9277024,73.7767465],[123.8912586,73.7432321],[123.9711592,73.7532165],[123.994934,73.721327],[123.9608647,73.7077968],[123.9880482,73.6863346],[123.9491898,73.6457149],[124.0216242,73.6438842],[123.9851172,73.6591936],[124.0384135,73.6763136],[124.0168936,73.6981049],[124.0630137,73.7087934],[124.0411321,73.6840654],[124.0957519,73.6812367],[124.1262442,73.7267838],[124.0311428,73.7084817],[124.0104891,73.7348595],[124.032889,73.7425602],[123.9996878,73.7479068]]],[[[123.6490092,73.7282249],[123.6067173,73.7348144],[123.6490092,73.7282249]]],[[[124.5879172,73.7431461],[124.54235,73.7477027],[124.5879172,73.7431461]]],[[[123.7501,73.73161371132397],[123.7871263,73.6982765],[123.7785116,73.7288766],[123.8451515,73.7293045],[123.8065347,73.7503369],[123.8844282,73.7588758],[123.7113216,73.7441196],[123.7218396,73.7156492],[123.7501,73.73161371132397]]],[[[124.2224159,73.7356305],[124.2333131,73.7614966],[124.1641066,73.7522479],[124.2224159,73.7356305]]],[[[124.2840651,73.7536603],[124.280277,73.7799648],[124.2840651,73.7536603]]],[[[124.0690215,73.7936297],[123.9270216,73.788336],[123.9807105,73.7945488],[124.027113,73.7695908],[124.0072083,73.7488782],[124.054624,73.7463986],[124.1197077,73.7991524],[124.0690215,73.7936297]]],[[[124.907702,73.8817708],[124.9518465,73.8915691],[124.8686914,73.8958719],[124.907702,73.8817708]]],[[[124.7205721,73.9352186],[124.4040276,73.9076764],[124.7565861,73.9282508],[124.7205721,73.9352186]]],[[[140.6249,73.89618571755852],[140.4766618,73.9155248],[141.0008728,73.9887366],[141.0684037,74.0501709],[141.0364733,74.1121794],[141.0996947,74.1625509],[141.0991398,74.2011913],[140.9816575,74.2540495],[140.6956498,74.2700764],[140.3507103,74.2475502],[140.2010921,74.2013257],[140.1717326,74.0875283],[140.2156103,74.0271428],[140.3862922,73.9293371],[140.6249,73.89618571755852]]],[[[136.0693978,73.9201782],[136.1855932,73.8776038],[136.3005046,73.9165167],[136.2565426,73.9601796],[136.2705197,73.9812083],[136.1243977,74.0222406],[136.0410266,74.0810451],[135.6008171,74.2228983],[135.4427942,74.2412988],[135.4668531,74.2099272],[135.4482808,74.1587622],[135.478019,74.1400655],[135.6904453,74.1010794],[135.756777,74.0336005],[136.0229897,73.9596542],[136.0693978,73.9201782]]],[[[123.7499,73.81926965355206],[123.8138153,73.8352983],[123.7499,73.81926965355206]]],[[[124.270132,73.8478895],[124.294626,73.8750739],[124.270132,73.8478895]]],[[[124.7606985,73.8511308],[124.8381575,73.8845917],[124.7606985,73.8511308]]],[[[124.3484818,73.8671558],[124.3073289,73.8627993],[124.4579818,73.8391541],[124.4338457,73.8249354],[124.5296604,73.844507],[124.5384491,73.8186939],[124.6686338,73.8425011],[124.7269564,73.9034651],[124.8043443,73.9076811],[124.7434149,73.9255573],[124.7022442,73.8849189],[124.629926,73.9003587],[124.6376159,73.8782353],[124.6083065,73.9052954],[124.5413381,73.8882909],[124.5636233,73.8814132],[124.4759526,73.9030575],[124.4490988,73.8899384],[124.4738241,73.8771425],[124.3484818,73.8671558]]],[[[128.9352562,73.1834617],[128.883262,73.1719423],[128.9731955,73.190879],[128.9352562,73.1834617]]],[[[128.8599673,73.2168924],[128.7468215,73.2139746],[128.8599673,73.2168924]]],[[[128.2373575,73.2182178],[128.176439,73.1974173],[128.3400471,73.2156327],[128.2373575,73.2182178]]],[[[128.1550493,73.2012908],[128.1244999,73.2025696],[128.1550493,73.2012908]]],[[[120.1227398,73.177643],[120.0125215,73.1891741],[120.1227398,73.177643]]],[[[128.9996841,73.1823218],[128.8472492,73.1550571],[128.9212988,73.1474341],[128.9996841,73.1823218]]],[[[128.755522,73.2239489],[128.8388048,73.227224],[128.755522,73.2239489]]],[[[128.2590974,73.2268563],[128.1789661,73.2186338],[128.4357952,73.2486183],[128.3328295,73.2651753],[128.2590974,73.2268563]]],[[[123.357251,73.2104808],[123.2745988,73.3298341],[123.357251,73.2104808]]]]}},{"type":"Feature","properties":{"name":"Saratov Oblast"},"geometry":{"type":"Polygon","coordinates":[[[47.4314503,50.3779161],[47.541827,50.4609116],[47.6366816,50.4557354],[47.6633854,50.4085547],[47.8278887,50.3303269],[48.0090944,50.1421016],[48.0952102,50.1000135],[48.1316273,49.9980206],[48.2324868,49.9014487],[48.2261922,49.868056],[48.3151352,49.8721845],[48.4413143,49.8012104],[48.4504364,49.8350949],[48.7456185,49.921354],[48.9033674,50.0184663],[48.8503427,50.0902361],[48.763225,50.0978023],[48.8090227,50.1704328],[48.7320665,50.257163],[48.6642455,50.5779077],[48.5706275,50.632365],[48.6062107,50.661929],[48.689053,50.6123503],[48.8139517,50.5954781],[49.0093035,50.6825667],[49.1260307,50.7847803],[49.4229079,50.8486852],[49.4446542,50.8814875],[49.4083133,50.9611011],[49.3388959,50.9872484],[49.3974149,51.0491923],[49.3937116,51.0903299],[49.456581,51.1261777],[49.4906367,51.0986471],[49.7762888,51.107179],[50.0062388,51.2423883],[50.2513442,51.2812995],[50.3739105,51.332945],[50.3381985,51.3820107],[50.4039473,51.4043594],[50.3719115,51.4276504],[50.4968553,51.4277585],[50.4985128,51.4664917],[50.5558527,51.4727281],[50.5377167,51.5890327],[50.5867676,51.590609],[50.5851439,51.6458533],[50.7317045,51.628518],[50.6789095,51.5745466],[50.7677187,51.5748048],[50.8120335,51.5850431],[50.8325797,51.6491575],[50.7671897,51.7163765],[50.7681628,51.7730366],[50.701438,51.8196575],[50.7017199,51.9329733],[50.6493763,51.9332583],[50.6492612,51.9586872],[50.5212592,51.9638285],[50.5200581,51.9937717],[50.3522727,51.9819839],[50.3521112,52.0448559],[50.308682,52.0447982],[50.3063401,52.0148549],[50.2181096,52.0363398],[50.1563953,52.0098243],[50.1595926,52.0906825],[50.2247364,52.0906263],[50.2234208,52.1293124],[50.0451322,52.1396531],[50.039759,52.1901108],[49.7980819,52.1727488],[49.7464671,52.2700378],[49.7147527,52.2756574],[49.6757426,52.2289193],[49.624494,52.2478204],[49.6593505,52.2822213],[49.6010054,52.3217067],[49.6379196,52.3400503],[49.570031,52.3959358],[49.5202017,52.3957638],[49.5103755,52.3242199],[49.4502034,52.3201619],[49.4346576,52.3986198],[49.2845821,52.3832257],[49.3521398,52.4647338],[49.2580818,52.4963657],[49.1714504,52.4997605],[49.1682632,52.4723669],[48.9603117,52.4925135],[48.9123297,52.4684569],[48.9231492,52.4076326],[48.8817148,52.4082522],[48.8342477,52.5476684],[48.7270156,52.5430127],[48.6929793,52.6395362],[48.5743951,52.6273274],[48.5232378,52.68264],[48.3494252,52.661996],[48.3078975,52.683012],[48.4201703,52.8193706],[48.3067801,52.7797791],[48.2306265,52.8130315],[48.1970225,52.7686027],[48.0892869,52.7935658],[47.9933299,52.7449639],[48.0921516,52.732734],[48.0637983,52.6759763],[47.9337412,52.6465792],[47.8971016,52.7245959],[47.8124106,52.7363388],[47.8026954,52.700814],[47.8289392,52.7032756],[47.7786748,52.6998788],[47.7523954,52.6193645],[47.7724405,52.6024767],[47.7240952,52.5684387],[47.4982655,52.6209081],[47.5329549,52.5933365],[47.4426308,52.5632716],[47.2312034,52.5705892],[47.2065746,52.5475067],[47.1553793,52.5583044],[47.1633636,52.5955816],[47.0602057,52.5766576],[47.053265,52.5326688],[47.049943,52.5742794],[46.9873865,52.5831278],[46.9807631,52.6377204],[46.8303627,52.5992929],[46.7441761,52.6114097],[46.6583392,52.6658284],[46.6093763,52.6615856],[46.5734426,52.7272643],[46.5390425,52.6884955],[46.3258992,52.6808429],[46.2614719,52.6500806],[46.267631,52.6095772],[46.1669018,52.6079342],[46.1375906,52.5263873],[46.0840553,52.5529904],[46.0043239,52.5079034],[45.9845614,52.4745218],[46.0150983,52.4537813],[45.9620979,52.3971506],[45.8356752,52.4312393],[45.7963368,52.415357],[45.7583825,52.4606148],[45.7070517,52.4323884],[45.7090041,52.4778826],[45.6678054,52.4740034],[45.640552,52.5077263],[45.6009433,52.4525511],[45.5241656,52.4765298],[45.5136535,52.4255434],[45.4487912,52.4249637],[45.4293184,52.3862901],[45.3840384,52.4105785],[45.2335343,52.3756768],[45.1752371,52.418277],[45.1232975,52.4134886],[45.0636459,52.3725502],[45.0912238,52.3351367],[45.0755708,52.3070941],[44.9838386,52.3379598],[44.9819218,52.3658017],[44.8933572,52.3565447],[44.8917004,52.4167334],[44.8531157,52.4477209],[44.6659325,52.4607639],[44.5325913,52.5325955],[44.4854755,52.5142518],[44.5350634,52.4233884],[44.4678296,52.3947049],[44.4018429,52.4070808],[44.3199183,52.2912662],[44.1966819,52.3449789],[44.156611,52.3127542],[44.0630221,52.3516766],[44.0323929,52.327972],[43.9001932,52.4018446],[43.8655861,52.3797606],[43.7487654,52.4327809],[43.671243,52.3914141],[43.5209221,52.4032874],[43.3680077,52.3533857],[43.3224334,52.4209926],[43.2047693,52.4591775],[43.1432677,52.4384481],[43.1171529,52.3787696],[42.9207957,52.3603288],[42.9422372,52.3360689],[42.8888451,52.2120605],[42.7719,52.1849735],[42.7568279,52.0854794],[42.8135826,52.0222174],[42.7131966,51.996037],[42.7126063,51.8856198],[42.6677173,51.8068896],[42.5154359,51.7120538],[42.5208613,51.5961217],[42.5661247,51.5380442],[42.7504497,51.4924119],[42.8325327,51.3924617],[42.8601836,51.3970615],[42.8581063,51.3166729],[42.9473374,51.2672198],[42.880894,51.2330252],[43.1947412,51.1106332],[43.358549,50.9987129],[43.5617035,51.0606322],[43.6627401,51.0555452],[43.6926614,51.0988814],[43.6677043,51.1187134],[43.8651659,51.1041573],[43.9225897,51.1617195],[44.0184589,51.159168],[44.0184994,51.0722178],[44.1178719,51.1251308],[44.1849781,51.093224],[44.2240307,51.1987125],[44.3453734,51.1743262],[44.4774146,51.2113678],[44.5928701,51.119465],[44.6272055,51.1260496],[44.6140687,51.1619541],[44.643812,51.1782937],[44.7891515,51.1485439],[44.8651863,51.1712131],[44.8966475,51.1628857],[44.8991943,51.1154692],[44.9426442,51.1081531],[44.9930715,51.1456376],[45.0684901,51.1191861],[45.0839424,51.077214],[45.221014,51.0403416],[45.2041053,50.9684815],[45.2578287,50.9340212],[45.2238344,50.9353715],[45.3035617,50.9139789],[45.3257703,50.8623109],[45.2760313,50.7213515],[45.1851797,50.7103345],[45.2313137,50.6980071],[45.1933551,50.5851985],[45.3863668,50.589885],[45.4051208,50.6133376],[45.4896963,50.6048677],[45.5362487,50.5508805],[45.5663538,50.5895989],[45.6986283,50.5782803],[45.6786011,50.6670254],[45.7156323,50.737716],[45.8422659,50.7561782],[46.0931558,50.6648678],[46.0614602,50.5261663],[46.278413,50.5276966],[46.2779063,50.5728619],[46.484214,50.5471055],[46.4481778,50.5684468],[46.4583596,50.6171552],[46.5382855,50.6444355],[46.5684964,50.6148387],[46.5833876,50.7122882],[46.6256976,50.6809432],[46.7184913,50.7114924],[46.7421044,50.6587099],[46.8572047,50.6418282],[46.7991243,50.5784593],[46.8707675,50.5772154],[46.8707692,50.5237475],[46.9166558,50.5230002],[46.9124195,50.4896723],[47.2056141,50.5092213],[47.2352115,50.3711872],[47.4314503,50.3779161]]]}},{"type":"Feature","properties":{"name":"Smolensk Oblast"},"geometry":{"type":"Polygon","coordinates":[[[30.9251324,55.6226252],[30.95501,55.54241],[30.9139,55.52207],[30.95862,55.49709],[30.89244,55.47684],[30.93355,55.39581],[30.8305905,55.3341764],[30.81983,55.282],[30.87562,55.28054],[30.9235233,55.2006601],[30.9853324,55.1717824],[30.9903018,55.0768499],[31.0278876,55.0623076],[31.0163996,55.0294795],[30.9103574,55.0184938],[30.9623504,54.9852548],[30.9437553,54.9584662],[30.81871,54.94022],[30.8218025,54.8797989],[30.75451,54.80504],[31.0121343,54.7170675],[30.9912636,54.6722716],[31.1978054,54.6590863],[31.2043531,54.6199067],[31.0856304,54.5086255],[31.23259,54.46627],[31.269463,54.4011792],[31.2525874,54.380167],[31.31867,54.34044],[31.2858,54.31967],[31.32022,54.31194],[31.31782,54.24414],[31.56346,54.13711],[31.6552308,54.1421529],[31.67573,54.10329],[31.7742933,54.1127549],[31.7533635,54.078444],[31.8947885,54.0868176],[31.8539175,54.0056614],[31.8917451,53.9661731],[31.8447668,53.9501916],[31.8568306,53.9170978],[31.7986856,53.8757996],[31.838343,53.8655014],[31.7565,53.8325],[31.7612195,53.7961618],[31.8984917,53.7744738],[32.1268411,53.8184916],[32.2080495,53.7995665],[32.2297044,53.7659803],[32.2848442,53.7759304],[32.2723561,53.7584989],[32.3438728,53.7505748],[32.3691746,53.7173989],[32.4606829,53.7376525],[32.5009161,53.6869995],[32.4149966,53.6649624],[32.4183583,53.6349761],[32.4497967,53.6373457],[32.42984,53.59775],[32.5422706,53.5167911],[32.603302,53.5128687],[32.6042425,53.4788138],[32.6470684,53.5041217],[32.6870468,53.4813904],[32.6559142,53.469859],[32.75711,53.45818],[32.7700595,53.4086906],[32.7902342,53.4389373],[32.8586112,53.4285126],[32.9006837,53.4570435],[32.8636347,53.4720666],[32.9078956,53.4953481],[32.8623127,53.511242],[32.9464202,53.5415457],[32.8949384,53.5591792],[32.9182199,53.5858403],[33.0127911,53.6200591],[33.1409316,53.7257663],[33.235166,53.7383534],[33.1917253,53.8044794],[33.2987694,53.8166476],[33.2455153,53.870104],[33.3036023,53.9119711],[33.2820034,53.9405277],[33.3829845,53.9354814],[33.4509431,53.9749823],[33.4327039,54.0017234],[33.5030294,54.0108121],[33.4591637,54.0268678],[33.5018059,54.038825],[33.4420906,54.0529686],[33.4528256,54.0811597],[33.5583458,54.1019534],[33.5237054,54.1052299],[33.5728626,54.1239014],[33.558651,54.1798615],[33.6337669,54.1932843],[33.6033777,54.2588845],[33.6877771,54.2953323],[33.6898259,54.3300139],[33.5743331,54.3947501],[33.6365933,54.4019031],[33.6187925,54.4445208],[33.7022245,54.4658842],[33.6342315,54.4774135],[33.6986087,54.5408219],[33.7711833,54.5738825],[33.889752,54.555341],[33.9521221,54.5844749],[34.0798456,54.5442795],[34.134341,54.5646051],[34.2224957,54.5042197],[34.4355426,54.5102934],[34.4583127,54.5778148],[34.5206895,54.598645],[34.5178703,54.660966],[34.4061221,54.6887055],[34.6258575,54.6606499],[34.7023865,54.6824684],[34.7063374,54.7115526],[34.8144093,54.6935513],[34.9284617,54.7837103],[34.8798558,54.8255394],[34.8689392,54.9026622],[34.9078694,54.9012497],[34.9163517,54.9349247],[34.9830846,54.8939139],[35.0309239,54.9585613],[35.1237967,54.9750446],[35.1146973,55.0376467],[35.2537313,55.0913394],[35.280357,55.1787453],[35.3452124,55.2058798],[35.2955977,55.2500037],[35.3343746,55.27902],[35.2586455,55.3298816],[35.3296583,55.4286921],[35.2890047,55.4723554],[35.3446851,55.5275857],[35.296951,55.5756835],[35.3950027,55.5940825],[35.3232503,55.6659814],[35.3370212,55.7027704],[35.304097,55.734377],[35.3447524,55.7437299],[35.3301221,55.7939413],[35.2831689,55.7998299],[35.2086372,55.8941466],[35.2269271,55.9088826],[35.1992791,55.8891257],[35.2044862,55.9194568],[35.0656084,55.9898453],[34.8528239,55.9555373],[34.7450448,55.9778568],[34.6827418,55.9163846],[34.6232565,55.9105165],[34.379656,56.0235482],[34.3069716,55.9947832],[34.1727595,56.0625245],[34.0855314,56.0267888],[33.9155051,56.0670541],[33.8636135,56.0598239],[33.8638609,56.014426],[33.7927318,56.0095236],[33.8216516,55.9620737],[33.8025076,55.9329109],[33.638774,55.9596508],[33.6755364,55.8992127],[33.6480694,55.8444846],[33.5757611,55.848673],[33.5357384,55.783734],[33.3915782,55.7477899],[33.4210766,55.7272718],[33.2023704,55.7080744],[33.1204225,55.636864],[33.0702444,55.6689664],[33.0061005,55.6475224],[32.9425339,55.6684043],[32.9086234,55.6320349],[32.8919365,55.66097],[32.5774707,55.69537],[32.5226829,55.6430463],[32.5424221,55.7077584],[32.497858,55.740422],[32.4521081,55.6726666],[32.4336796,55.7161984],[32.3988367,55.6925221],[32.3827979,55.7216601],[32.2590509,55.6700918],[32.1748303,55.6993656],[32.0375396,55.6512272],[32.0425947,55.6897998],[32.1166394,55.7169723],[32.0688415,55.7192751],[32.0622446,55.7472524],[32.0449867,55.7210611],[32.0340033,55.7661081],[31.8760959,55.7865525],[31.7866021,55.7592718],[31.7767892,55.6989429],[31.7357287,55.6942175],[31.7351164,55.7169985],[31.5968468,55.7291674],[31.6043523,55.7487293],[31.4557852,55.7024383],[31.4221827,55.7160375],[31.4564254,55.7401502],[31.2156431,55.7203048],[31.0380608,55.7608408],[31.0605595,55.6987671],[30.9599695,55.6763532],[30.9251324,55.6226252]]]}},{"type":"Feature","properties":{"name":"Stavropol Krai"},"geometry":{"type":"Polygon","coordinates":[[[41.1608983,45.9516883],[41.1611772,45.8798408],[41.2628036,45.8572675],[41.233466,45.8313933],[41.2721359,45.7588342],[41.1693736,45.7596507],[41.1672375,45.6744391],[41.0531344,45.6750018],[41.0077442,45.7130575],[40.8479682,45.694229],[40.8460433,45.5169199],[40.9231754,45.516862],[40.9224905,45.4471008],[41.0071564,45.3780887],[40.9934772,45.322803],[41.0246085,45.3057229],[41.0354076,45.2256431],[41.232713,45.2239852],[41.2789967,45.2638468],[41.2974904,45.2235689],[41.3534804,45.2230539],[41.3518725,45.0902765],[41.4076506,45.0629259],[41.4462518,44.9951514],[41.6539743,44.986253],[41.5942248,44.7682388],[41.4270929,44.7084762],[41.4949328,44.5956913],[41.5519664,44.6181523],[41.5897072,44.5159289],[41.6383359,44.5251383],[41.6511304,44.4903407],[41.7529195,44.4711282],[41.9245723,44.4961103],[41.9208206,44.4098745],[42.0296533,44.3527496],[42.2145351,44.3512738],[42.4084443,44.308226],[42.5534177,44.3683184],[42.6100616,44.269443],[42.5531353,44.269106],[42.5520233,44.2237952],[42.4402523,44.2021413],[42.4411547,44.1700926],[42.3793683,44.1694297],[42.2929788,44.0399613],[42.3582841,44.0378041],[42.3762448,43.9724671],[42.4802239,43.966421],[42.4817966,44.0157385],[42.5845675,44.0263773],[42.579146,43.9733541],[42.6609315,43.9361603],[42.628037,43.8908686],[42.6603019,43.8155188],[42.8547037,43.8018957],[42.8661055,43.8676908],[43.1477107,43.8950757],[43.1639409,43.9615376],[43.2250081,43.9590461],[43.316639,43.7997601],[43.4738702,43.8656198],[43.7448876,43.8194677],[43.7705002,43.9275269],[43.9221636,44.0203143],[43.9873376,43.9706842],[44.1440452,43.970237],[44.1439037,43.9284712],[44.2685698,43.9181546],[44.2690297,43.9640218],[44.3688476,43.9726069],[44.3692043,44.0045631],[44.4131201,44.0172452],[44.4189116,43.9454969],[44.3437927,43.9457964],[44.3435766,43.9043784],[44.29324,43.89123],[44.292523,43.809673],[44.7937279,43.816997],[44.8029399,43.7194098],[44.8879591,43.6585777],[44.9933596,43.7216004],[45.0656947,43.7203238],[45.0539422,43.9582513],[45.2017545,43.9572933],[45.2011412,43.8764474],[45.4384542,43.8758653],[45.4397494,44.0077115],[45.4906809,44.0076503],[45.5029861,44.1756877],[45.1034215,44.1909081],[45.1366723,44.2537973],[45.3715098,44.2901445],[45.4290863,44.4288026],[45.3584139,44.4646549],[45.2267404,44.4675183],[45.2311166,44.5067937],[45.2681234,44.517956],[45.2394718,44.5567733],[45.2607203,44.5893439],[45.4123297,44.5941606],[45.5219162,44.6793978],[45.6555365,44.8036917],[45.6134741,44.8739849],[45.7159533,44.9958415],[45.5900272,45.1257838],[44.8951126,45.3874317],[44.8306221,45.4372856],[44.7428139,45.4348722],[44.5749149,45.506114],[44.4708637,45.5033787],[44.3159918,45.5527489],[44.1714113,45.6442545],[44.0911577,45.7963906],[44.001739,45.8806599],[43.9229361,45.9030131],[43.9152155,45.9465956],[43.4697402,45.988886],[43.2817374,46.1040317],[43.0017463,46.1693216],[42.9267993,46.2365165],[42.737763,46.0910085],[42.6720445,46.0898914],[42.5567887,46.0080411],[42.4480823,45.9901915],[42.3180347,45.9697239],[42.3219373,46.1354493],[42.1706684,46.1099034],[42.1515694,45.9430799],[42.1034613,45.9351264],[42.0800939,45.9337535],[42.0829478,45.9663519],[41.6240791,45.9767217],[41.4962493,46.0062013],[41.3928064,45.9972041],[41.3930819,45.9523072],[41.1608983,45.9516883]]]}},{"type":"Feature","properties":{"name":"Tuva"},"geometry":{"type":"Polygon","coordinates":[[[90.4867326,52.1958711],[90.35728,52.2029259],[90.1434428,52.1484879],[90.1584652,52.0607664],[90.0110617,51.9615868],[90.0609641,51.9363521],[90.0813513,51.8194869],[90.1351174,51.7604593],[90.0796333,51.7308617],[89.926926,51.7571936],[89.8069979,51.6208143],[89.6596753,51.5391677],[89.6058625,51.5321658],[89.4334517,51.6084589],[89.24937,51.5432255],[89.2328587,51.5838303],[89.2638243,51.6412419],[89.20731,51.658724],[89.0873187,51.6253623],[89.0713664,51.5877579],[88.7915312,51.5537609],[88.8638826,51.4678836],[88.919894,51.4639201],[89.0088756,51.3942587],[88.9610898,51.2226697],[89.049849,51.159806],[89.0222884,51.102517],[89.0542213,51.047136],[89.1924721,50.9829574],[89.2680435,50.9159818],[89.2677475,50.8804563],[89.3986631,50.8505251],[89.3902173,50.8099246],[89.4534154,50.7925696],[89.5827761,50.6458008],[89.6398247,50.6428931],[89.6494568,50.5769359],[89.8513499,50.5248894],[89.8656495,50.4720459],[89.8188998,50.4112006],[89.6551635,50.369729],[89.5029098,50.4598015],[89.4968353,50.3639125],[89.3814789,50.3388887],[89.4065953,50.3140321],[89.3084283,50.2079371],[89.4034847,50.1779316],[89.4406031,50.203696],[89.5201748,50.191731],[89.511507,50.1193095],[89.592042,50.0841919],[89.5246955,50.0393496],[89.6247903,49.9708552],[89.5917205,49.912627],[89.9748302,49.9712594],[90.0315562,49.998638],[90.0077,50.0579],[90.2852042,50.1109159],[90.5041,50.2351],[90.6733,50.2143],[90.7308,50.2434],[90.7064,50.3129],[90.8293,50.3569],[90.9056,50.3482],[90.9208,50.4185],[91.16,50.4201],[91.2933,50.4696],[91.4094,50.4506],[91.3974168,50.4750697],[91.4413662,50.4944181],[91.4582,50.552],[91.6491,50.5885],[91.6489,50.6424],[91.7925,50.724],[92.0717018,50.6958247],[92.270169,50.7293577],[92.306,50.7616],[92.3057,50.8756],[92.3581,50.8851],[92.4587,50.79],[92.5793,50.7906],[92.6135,50.762],[92.5883,50.7259],[92.6465,50.7055],[92.754,50.7275],[92.7877,50.8056],[93.0089,50.7932],[93.0259,50.7267],[92.9594,50.6619],[93.0103,50.6062],[93.057,50.6188],[93.1275,50.5846],[93.3974566,50.6345041],[93.7034139,50.5862228],[93.994415,50.6048321],[94.2540346,50.5833377],[94.341509,50.5012245],[94.389747,50.2139774],[94.5202886,50.174252],[94.6148431,50.0353979],[94.9903285,50.0474119],[95.0165286,49.9805282],[95.4259162,49.9576412],[95.5319595,49.8972247],[95.5722698,49.9442833],[95.7955507,49.9641339],[95.7653299,50.0171422],[95.8608733,50.0436247],[95.967566,49.9711389],[96.0662483,50.0127007],[96.2607079,49.9765846],[96.4244611,49.87581],[96.5253628,49.9441836],[96.6030869,49.8736657],[96.7092,49.9287307],[96.9949867,49.8929652],[97.0101282,49.8333643],[97.1196996,49.8195511],[97.1197599,49.791953],[97.2311136,49.7429299],[97.4967457,49.8064249],[97.5813435,49.8595958],[97.5715602,49.9407974],[97.7621,50.0005],[97.8296,49.923],[97.8866,49.9235],[97.8674,49.972],[98.0699,50.0359],[98.0637,50.07],[98.1204,50.1002],[98.1127,50.1387],[98.1768,50.1519],[98.1697854,50.2026771],[98.3081298,50.3232941],[98.2693703,50.3962349],[98.3232759,50.4952456],[98.0966363,50.5973699],[98.008,50.6692],[98.0245,50.6919],[97.9497,50.8081],[98.0333428,50.8647062],[97.8870438,50.9301184],[97.8271895,51.0176717],[97.871231,51.0514442],[97.9393,51.202],[97.9535,51.3342],[98.0501,51.4502],[98.2241,51.4567],[98.2574,51.5296],[98.2232,51.5951],[98.2748,51.6161],[98.354,51.7315],[98.4523,51.7366],[98.5328,51.7981],[98.6038,51.7937],[98.7643,51.8699],[98.8542,52.129],[98.9881119,52.1607962],[98.8946444,52.2066988],[98.8273322,52.1896631],[98.832638,52.274371],[98.7107504,52.29093],[98.6568648,52.2630531],[98.6856718,52.3553099],[98.6300338,52.4136655],[98.8294862,52.5345952],[98.7850862,52.560261],[98.7871341,52.6058448],[98.939911,52.6717718],[98.9498119,52.7871264],[98.8491206,52.7953355],[98.894151,52.8968674],[98.9741361,52.9341136],[99.1216716,52.8730672],[99.2263332,52.8663634],[99.2234214,52.9150816],[99.2737021,52.9315241],[98.999776,53.0274058],[99.0620622,53.1037255],[98.918335,53.1550832],[98.8923431,53.1173161],[98.6792441,53.1575664],[98.637103,53.1012221],[98.3088765,53.0946578],[98.290739,53.1464718],[98.3203778,53.210951],[98.2970746,53.2272826],[98.2396738,53.2080209],[98.1888531,53.2474143],[98.0046013,53.2483625],[97.9584054,53.3032955],[97.9819268,53.3483175],[97.5998617,53.3704369],[97.6027589,53.4258947],[97.454332,53.4562991],[97.3290677,53.5888358],[97.1263292,53.6148199],[96.8939927,53.7281579],[96.7423335,53.7267942],[96.7073115,53.709793],[96.7059652,53.6234754],[96.658672,53.5641697],[96.5133286,53.5518863],[96.447962,53.5123852],[96.3519679,53.570392],[96.3746946,53.5937679],[96.2767528,53.5893307],[96.27935,53.6137888],[96.2411328,53.6194641],[96.232057,53.5171466],[96.1128403,53.5125992],[96.1105229,53.4517263],[95.7322244,53.5252204],[95.6568518,53.4863564],[95.6520901,53.4556214],[95.5269844,53.437494],[95.4952753,53.3950169],[95.4305579,53.3973435],[95.4051257,53.3656345],[95.3071837,53.3881444],[95.2841321,53.4100593],[95.3045861,53.4449068],[95.2180017,53.4693659],[95.0358688,53.3661207],[94.954593,53.404864],[94.7505928,53.384626],[94.6183446,53.33111],[94.6038429,53.2935029],[94.6770017,53.2872803],[94.7160705,53.2371196],[94.6024368,53.1678032],[94.6209432,53.1263543],[94.5757063,53.07457],[94.6004895,53.0465947],[94.5147776,52.9388597],[94.5259247,52.9100186],[94.3034184,52.9000075],[94.1418419,52.831178],[94.1593741,52.8131591],[94.1395697,52.7544487],[94.0935751,52.73854],[94.0956317,52.6784228],[93.9415226,52.6133269],[93.9603536,52.5810228],[93.8337333,52.504239],[93.8079766,52.4508856],[93.7675152,52.4513828],[93.7654454,52.3811365],[93.6780018,52.3072748],[93.6558165,52.2409348],[93.6768119,52.2123643],[93.3309333,52.1261106],[93.2425166,52.0409406],[93.1465239,52.0156166],[93.0759638,51.9358576],[92.9576773,51.9157823],[92.8736977,51.8360233],[92.6963755,51.8513392],[92.5295524,51.7910566],[92.2552097,51.8226563],[92.0784584,51.7722574],[91.9388598,51.8073556],[91.8971032,51.8593963],[91.8043994,51.8865792],[91.7392245,51.8657029],[91.5333456,51.9093216],[91.2597464,51.8765638],[91.0723638,51.9518904],[90.8493428,51.9003845],[90.7600697,52.0136153],[90.7517526,52.0703035],[90.5583485,52.1290702],[90.4867326,52.1958711]]]}},{"type":"Feature","properties":{"name":"Tver Oblast"},"geometry":{"type":"Polygon","coordinates":[[[31.4831337,55.7186423],[31.6043523,55.7487293],[31.5968468,55.7291674],[31.7767892,55.6989429],[31.7703506,55.7454245],[31.8760959,55.7865525],[32.0340033,55.7661081],[32.0449867,55.7210611],[32.0622446,55.7472524],[32.0688415,55.7192751],[32.1166394,55.7169723],[32.0425947,55.6897998],[32.0375396,55.6512272],[32.1748303,55.6993656],[32.2590509,55.6700918],[32.3827979,55.7216601],[32.3988367,55.6925221],[32.4336796,55.7161984],[32.4521081,55.6726666],[32.497858,55.740422],[32.5424221,55.7077584],[32.5226829,55.6430463],[32.5774707,55.69537],[32.8919365,55.66097],[32.9086234,55.6320349],[32.9425339,55.6684043],[33.0061005,55.6475224],[33.0702444,55.6689664],[33.1204225,55.636864],[33.2023704,55.7080744],[33.4210766,55.7272718],[33.3915782,55.7477899],[33.5357384,55.783734],[33.5757611,55.848673],[33.6480694,55.8444846],[33.6755364,55.8992127],[33.638774,55.9596508],[33.8025076,55.9329109],[33.8216516,55.9620737],[33.7927318,56.0095236],[33.8638609,56.014426],[33.8636135,56.0598239],[33.9155051,56.0670541],[34.0855314,56.0267888],[34.1727595,56.0625245],[34.3069716,55.9947832],[34.379656,56.0235482],[34.5394188,55.9314081],[34.5969724,55.9430858],[34.6055389,55.9118786],[34.6827418,55.9163846],[34.7450448,55.9778568],[34.8528239,55.9555373],[35.0656084,55.9898453],[35.1049442,55.9527865],[35.1484955,55.9575013],[35.2314049,56.0428073],[35.3380258,56.0926377],[35.2834149,56.1115943],[35.3631294,56.1788714],[35.3157909,56.2279909],[35.5023101,56.2594863],[35.4656976,56.3306214],[35.5203231,56.39541],[35.4176673,56.3829073],[35.4570089,56.4306903],[35.4342706,56.4586556],[35.5184568,56.4303333],[35.6202404,56.4770525],[35.7352719,56.3897207],[35.801089,56.406391],[35.8716253,56.3721202],[36.0499488,56.3732563],[36.0886671,56.3356617],[36.1265917,56.3995134],[36.4256187,56.4736752],[36.537906,56.4726833],[36.6148586,56.517958],[36.6817212,56.498062],[36.6528698,56.5232231],[36.8003708,56.5686151],[36.803018,56.5974755],[37.0555477,56.526247],[37.1475785,56.5868672],[37.1149927,56.6407185],[37.1591022,56.6519861],[37.1300137,56.6691206],[37.1742501,56.6964249],[37.0668314,56.7556214],[37.2430327,56.7869936],[37.2252607,56.7670633],[37.2491964,56.7453807],[37.2809509,56.7754305],[37.4429267,56.7965343],[37.4774222,56.7765864],[37.572519,56.8667903],[37.5319578,56.9094929],[37.6983069,56.9585118],[37.9840009,56.865396],[37.9927099,56.7673216],[38.241535,56.760653],[38.2302944,56.8235961],[38.119697,56.8184988],[38.1521719,56.8458189],[38.1000713,56.8553097],[38.1941995,56.9025335],[38.1975351,56.9507999],[38.1299555,56.9640931],[38.2206792,56.9846902],[38.2581814,57.0421342],[38.2525653,57.0739168],[38.2053931,57.0732155],[38.2492087,57.1111427],[38.1616225,57.1709925],[38.1497269,57.225286],[38.3134268,57.2599137],[38.3253867,57.3079139],[38.2747475,57.3679988],[38.0167971,57.3362861],[37.8711144,57.3991638],[37.8659902,57.4267618],[37.8043095,57.4436146],[37.8522958,57.4708427],[37.8005823,57.501326],[37.8576699,57.5796996],[37.8206865,57.62016],[37.6318927,57.6614065],[37.6491681,57.7030034],[37.4889265,57.8114976],[37.3802192,57.8204457],[37.4338307,57.8692765],[37.3312441,57.8793432],[37.3585007,57.9050054],[37.4932898,57.9085337],[37.3619362,57.9492076],[37.3540078,57.9900455],[37.4990233,57.9686098],[37.5369625,57.986414],[37.5136305,58.0411753],[37.7149825,58.0779877],[37.5834277,58.1362112],[37.5828353,58.1618916],[37.3279086,58.2366444],[37.4351021,58.2760025],[37.3656342,58.3418724],[37.4274172,58.3717083],[37.4180513,58.3907305],[37.5265032,58.3828832],[37.5409897,58.4157895],[37.6651223,58.4507849],[37.4139735,58.5834688],[37.3648949,58.646456],[37.2842655,58.6480637],[37.3196971,58.6958344],[37.2761615,58.6814401],[37.1988245,58.7515935],[37.1917457,58.8200684],[37.0709593,58.8631393],[36.7654467,58.8009437],[36.8291932,58.7421068],[36.6636796,58.7017485],[36.6305044,58.6192547],[36.5870921,58.6266872],[36.5851796,58.601252],[36.507854,58.5805891],[36.5437549,58.5597088],[36.503051,58.5154785],[36.3912991,58.5192963],[36.3497902,58.4773149],[36.2654562,58.5206926],[36.1024468,58.5049542],[36.0197003,58.4591651],[35.9415354,58.4648412],[35.9163087,58.4204296],[35.6448817,58.4601697],[35.5165293,58.4476706],[35.4601227,58.4286589],[35.4706565,58.4099947],[35.3039366,58.4097689],[35.2473099,58.3835712],[35.283327,58.36566],[35.2571675,58.2741991],[35.1184402,58.2124645],[35.0508879,58.1946154],[34.7934836,58.2459718],[34.6894961,58.200132],[34.7366031,58.1721417],[34.7118005,58.1540158],[34.7214947,58.0903025],[34.6716455,58.0734704],[34.5969311,58.1184184],[34.5047162,58.1148223],[34.4724918,58.1547744],[34.3361185,58.1609016],[34.1806943,58.2127545],[34.0260129,58.1842898],[33.998275,58.2133948],[33.928132,58.1632922],[33.8029655,58.1378069],[33.780013,58.1697946],[33.7058737,58.170305],[33.6353165,58.1073346],[33.5859552,58.1204755],[33.5941032,58.0905127],[33.5285636,58.0584089],[33.6927277,57.9904292],[33.6683477,57.9610453],[33.6818908,57.8999909],[33.5473517,57.8511639],[33.5753122,57.8439423],[33.5449912,57.8362576],[33.5465969,57.7626547],[33.5931187,57.7276175],[33.5096639,57.7288088],[33.4765416,57.6793531],[33.4208621,57.7022684],[33.306631,57.6485291],[33.3185865,57.583298],[33.231411,57.5353698],[33.2640333,57.4219199],[33.177577,57.4223115],[33.1849095,57.4539609],[33.1273412,57.4652207],[33.0783503,57.4661131],[33.0504864,57.4298995],[32.7885797,57.4671921],[32.7069194,57.4340253],[32.6316785,57.3348588],[32.5413303,57.3396433],[32.485477,57.2824374],[32.3919484,57.260135],[32.3771294,57.2246486],[32.2363728,57.2551139],[32.2503493,57.2025555],[32.1034015,57.1867135],[31.9266818,57.0802331],[31.8821547,57.0945411],[31.901212,57.1146125],[31.8800867,57.1308351],[31.7557278,57.1140473],[31.6473913,57.026185],[31.696008,56.9900617],[31.6467492,57.0033132],[31.5310031,56.9465776],[31.4417348,56.9544359],[31.3908557,56.9090665],[31.298762,56.9557358],[31.1009482,56.930977],[31.0049288,56.9866408],[30.9354473,56.8657153],[30.879827,56.8857644],[30.8765539,56.8064641],[30.8180436,56.8238409],[30.7283868,56.7807657],[30.7848195,56.7896787],[30.7628697,56.7589721],[30.8348386,56.7550351],[30.7756327,56.7339135],[30.8330616,56.7156401],[30.8096507,56.6991869],[30.8878596,56.6451716],[31.0589694,56.6548013],[31.0495251,56.5723012],[30.9871029,56.4857947],[31.2126021,56.4272215],[31.2285349,56.3397956],[31.5178603,56.3060893],[31.4626625,56.2537827],[31.4618922,56.1976283],[31.5076068,56.1581263],[31.4493941,56.1333853],[31.5084368,56.0498873],[31.3496452,55.9448281],[31.4161481,55.8914331],[31.4037741,55.811084],[31.4831337,55.7186423]]]}},{"type":"Feature","properties":{"name":"Udmurtia"},"geometry":{"type":"MultiPolygon","coordinates":[[[[51.4440082,56.1273758],[51.5682003,56.1420865],[51.6453436,56.1184961],[51.635028,56.0906308],[51.3986772,56.0350188],[51.4079409,56.0088324],[51.3411288,56.0454713],[51.4059529,56.0083498],[51.4734294,55.9114874],[51.4701378,55.9545183],[51.5118594,55.9366233],[51.4870704,55.9601048],[51.647675,55.971199],[51.7084526,55.94135],[51.7427724,55.9815574],[51.7576145,55.9540914],[51.7113874,55.9416829],[51.781854,55.9391496],[51.7809698,55.8865639],[51.8547314,55.9464037],[51.9298554,55.9517428],[51.9524893,55.9898617],[52.0370093,55.9717989],[52.0822288,55.9252584],[52.0688551,55.9024018],[52.1562216,55.9043979],[52.1986732,55.9362336],[52.1793526,55.9503406],[52.2448092,55.9575207],[52.2064347,56.0205998],[52.2616002,56.0365564],[52.2115221,56.091916],[52.2426389,56.0982487],[52.3797182,56.0191359],[52.4157124,56.0360194],[52.4633118,56.0081386],[52.4994034,56.0328978],[52.4270045,56.0580844],[52.4568633,56.082721],[52.7516643,55.9882036],[52.7566074,56.0627805],[52.7125476,56.1301967],[52.8450426,56.0801278],[52.8808564,56.1186921],[52.8188904,56.1205323],[52.8821793,56.1598471],[52.7376289,56.2212474],[52.55531,56.2428635],[52.5937892,56.285455],[52.6539814,56.2742265],[52.7779682,56.3978328],[52.8294004,56.3789339],[52.9639861,56.4284296],[52.9692354,56.4599668],[52.878214,56.5080928],[52.9350592,56.4907238],[52.9670361,56.5202756],[52.948265,56.5423715],[53.0494023,56.5410956],[53.0894953,56.5126566],[53.1448277,56.5246978],[53.087018,56.5110857],[53.0883526,56.4545294],[53.0037464,56.4318718],[52.9595401,56.3413284],[52.9849758,56.3250995],[52.9437301,56.2838336],[52.9908021,56.2857799],[52.9979702,56.2588091],[52.9687396,56.2798934],[52.9633822,56.2404472],[53.0229647,56.2039313],[52.9998663,56.1775523],[53.0429786,56.1706428],[53.0173501,56.1996432],[53.0617045,56.2121978],[53.0251711,56.2176723],[53.0676924,56.2111575],[53.0413461,56.1999163],[53.0488924,56.1692337],[53.0888604,56.1749486],[53.0641477,56.1298083],[53.1015085,56.1146822],[53.0880018,56.1411796],[53.1552317,56.158943],[53.1936531,56.1034655],[53.2631739,56.1076177],[53.3328297,56.0621063],[53.3835014,56.090312],[53.3471101,56.1093312],[53.3509439,56.1658162],[53.3151148,56.2162109],[53.2382511,56.2454135],[53.4337925,56.2761339],[53.488775,56.2329859],[53.5753319,56.2369808],[53.5527478,56.1918861],[53.5806482,56.1462722],[53.5517241,56.1181491],[53.4970021,56.1363954],[53.440391,56.0650235],[53.4752718,56.0394454],[53.4610051,56.0228317],[53.3653947,56.0167297],[53.3899925,55.9934359],[53.3237521,55.9860431],[53.295792,55.9477876],[53.3160419,55.9384655],[53.2000025,55.9260132],[53.2590202,55.8639034],[53.4092222,55.8505778],[53.5476554,55.9121062],[53.681295,55.9163293],[53.7089266,55.9690344],[53.8181919,55.972239],[53.8017303,55.9882993],[53.8453601,56.044852],[54.014881,56.0094741],[54.1951773,56.1982266],[54.3923222,56.2583217],[54.4161486,56.3112388],[54.362895,56.3119709],[54.377579,56.3787016],[54.328795,56.4828947],[54.2440863,56.4581653],[54.1913025,56.5344633],[54.0335735,56.5796969],[54.0824093,56.6354011],[53.8410198,56.5967205],[53.8510044,56.6542173],[53.9017052,56.6790685],[53.8067852,56.7796089],[53.8318733,56.7974461],[53.7940682,56.7991103],[53.8058992,56.8195402],[54.0204119,56.7531962],[54.0864712,56.812081],[54.1542175,56.9788182],[54.3414313,56.9732185],[54.436131,57.0310043],[54.2957105,57.1085311],[54.3478412,57.1584113],[54.3057018,57.185247],[54.3407021,57.2232884],[54.2979935,57.240007],[54.3268311,57.2667452],[54.311169,57.3060434],[54.127582,57.3291413],[54.1491789,57.3718246],[54.1198769,57.3778056],[54.2924748,57.4325295],[54.2738249,57.4612665],[54.143876,57.4839475],[54.1730954,57.5219439],[54.1422032,57.5323755],[54.0318411,57.5238797],[54.0581092,57.5448728],[54.0439127,57.5703637],[53.9918371,57.5593371],[53.98605,57.5869748],[54.1267407,57.6156444],[54.0503864,57.6434213],[54.0560548,57.6805838],[54.155339,57.7054303],[54.1116527,57.7411496],[54.155539,57.7746611],[54.119574,57.8094948],[54.1382679,57.8738264],[54.0856622,57.9184088],[54.1364685,57.9579789],[53.9470803,58.0848373],[53.9458715,58.1465968],[53.8852338,58.1642726],[53.9082044,58.1796821],[53.7854626,58.2366074],[53.8866803,58.31436],[53.7725752,58.4206437],[53.7855993,58.4555384],[53.6209226,58.4742556],[53.5920681,58.4188631],[53.5962131,58.443574],[53.5046656,58.4543527],[53.3736509,58.3842816],[53.2136919,58.4013614],[53.2480198,58.4437352],[53.1606672,58.4504822],[53.1600516,58.5421721],[53.0989809,58.5458421],[53.0905808,58.5222982],[52.892691,58.5336182],[52.8430745,58.3928789],[52.3199515,58.4316963],[52.2969742,58.4628882],[52.1804072,58.489055],[51.9647054,58.4530881],[51.855233,58.3741055],[51.7870137,58.3618318],[51.8234479,58.3345278],[51.8203461,58.2856814],[51.7227803,58.2502841],[51.7437608,58.2154545],[51.6810145,58.1512371],[51.7783511,58.154358],[51.8418739,58.0738413],[51.8142631,58.0216827],[51.9248831,58.0007049],[51.8824297,57.9358591],[51.8246336,57.9138839],[51.8510873,57.8866028],[51.8200762,57.8438145],[51.9276278,57.8289728],[51.9549124,57.7646255],[51.8647771,57.7292994],[51.8831044,57.6975404],[51.8559921,57.6257292],[51.7996478,57.5882062],[51.8467476,57.5964991],[51.8357132,57.5710183],[51.7672671,57.575104],[51.7556597,57.5382034],[51.6952929,57.5152331],[51.6268809,57.5315679],[51.6248103,57.4789951],[51.5900666,57.4607518],[51.1652542,57.4407617],[51.1241646,57.2432772],[51.1792361,57.2419557],[51.1706968,57.2025674],[51.208393,57.2000636],[51.1942497,57.1409564],[51.2456621,57.1353184],[51.2198297,57.0860254],[51.2458309,57.0691464],[51.2166432,57.0449328],[51.3121296,57.0193933],[51.3424856,56.9430607],[51.4303177,56.9354897],[51.3921543,56.9083624],[51.5362321,56.8852293],[51.4834147,56.7990731],[51.3913728,56.7665667],[51.3932016,56.6668951],[51.1804232,56.6846373],[51.1647571,56.5458265],[51.1276926,56.5118283],[51.1866538,56.4276223],[51.2992619,56.4219022],[51.2651414,56.3795289],[51.3036184,56.3513361],[51.2862896,56.3074704],[51.3458006,56.3205864],[51.4037909,56.286327],[51.3497294,56.2034047],[51.4445496,56.2257118],[51.4988642,56.2057285],[51.4410355,56.1921755],[51.4440082,56.1273758]],[[52.1981792,56.0632013],[52.2281386,56.0484464],[52.1981792,56.0632013]],[[53.0824163,56.1975865],[53.0824163,56.1975865]],[[53.0627065,56.1934523],[53.0627065,56.1934523]]],[[[53.8426666,56.6175251],[53.9571275,56.6027855],[54.0956816,56.6549678],[54.0136319,56.6744319],[53.9811166,56.6335685],[53.8893455,56.645707],[53.8426666,56.6175251]]]]}},{"type":"Feature","properties":{"name":"Kaluga Oblast"},"geometry":{"type":"Polygon","coordinates":[[[37.2687091,54.8418015],[37.1655448,54.8665854],[37.1929945,54.9232556],[37.1342978,54.9913977],[37.1566435,55.0004043],[37.0838062,55.05655],[37.1181588,55.0634876],[37.1163222,55.098063],[37.0524268,55.1124107],[36.9494394,55.2402372],[36.8094507,55.1955491],[36.7632458,55.2698276],[36.6141387,55.2694668],[36.6173433,55.3487205],[36.5164304,55.2963007],[36.3849938,55.2944235],[36.3134709,55.1857342],[36.264784,55.1714839],[36.1904508,55.1933753],[36.1392558,55.1741348],[36.1135756,55.2100824],[35.9588793,55.2417997],[35.8428331,55.2323148],[35.7411561,55.2955777],[35.5730798,55.2902669],[35.5606456,55.2504208],[35.4462712,55.2290131],[35.3368241,55.2725509],[35.2955977,55.2500037],[35.3452124,55.2058798],[35.280357,55.1787453],[35.2537313,55.0913394],[35.1146973,55.0376467],[35.1237967,54.9750446],[35.0309239,54.9585613],[34.9830846,54.8939139],[34.9163517,54.9349247],[34.9078694,54.9012497],[34.8689392,54.9026622],[34.8798558,54.8255394],[34.9284617,54.7837103],[34.8243424,54.6971139],[34.7063374,54.7115526],[34.7023865,54.6824684],[34.6258575,54.6606499],[34.4061221,54.6887055],[34.5178703,54.660966],[34.5206895,54.598645],[34.4583127,54.5778148],[34.4355426,54.5102934],[34.2224957,54.5042197],[34.134341,54.5646051],[34.0798456,54.5442795],[33.9521221,54.5844749],[33.889752,54.555341],[33.7711833,54.5738825],[33.6986087,54.5408219],[33.6342315,54.4774135],[33.7022245,54.4658842],[33.6187925,54.4445208],[33.6365933,54.4019031],[33.5743331,54.3947501],[33.6898259,54.3300139],[33.6877771,54.2953323],[33.6033777,54.2588845],[33.6337669,54.1932843],[33.558651,54.1798615],[33.5728626,54.1239014],[33.5237054,54.1052299],[33.5629863,54.1061913],[33.4702307,54.0971968],[33.4414352,54.0548055],[33.4913895,54.0585652],[33.5004419,54.0366525],[33.4586616,54.027775],[33.5211481,53.9982003],[33.5891234,54.034031],[33.8163237,53.9916816],[33.7984947,53.9496895],[33.8377336,53.9418112],[33.8016717,53.9375754],[33.8062203,53.8963904],[33.9115428,53.8672277],[34.0457027,53.8621203],[34.2011817,53.9121524],[34.2319823,53.8356887],[34.2917958,53.8259854],[34.35784,53.7357993],[34.5006634,53.6707406],[34.472592,53.6357719],[34.5120161,53.6166935],[34.5154733,53.5083762],[34.6379428,53.3831614],[34.8607383,53.3895721],[34.8598997,53.3621242],[34.8898407,53.3618267],[34.8639094,53.3419641],[34.9064634,53.3461953],[34.8991448,53.3732529],[34.9827729,53.373791],[35.0842945,53.3247968],[35.0889586,53.2960249],[35.2383809,53.2803512],[35.2398339,53.3274709],[35.3835638,53.3373935],[35.3841617,53.397573],[35.4637842,53.4181182],[35.4402809,53.4442322],[35.5440128,53.4568403],[35.5002135,53.4254993],[35.5402112,53.4345959],[35.612016,53.5385849],[35.6851231,53.5454137],[35.6840636,53.5193354],[35.7720571,53.5059516],[35.8225181,53.5876468],[35.8753312,53.5962657],[35.9253042,53.6523937],[35.9911887,53.6262728],[36.0032683,53.6597629],[36.0740036,53.6818608],[36.0876502,53.7028853],[36.0287517,53.7261622],[35.9584907,53.7184726],[35.91735,53.7769756],[35.9728246,53.8163851],[35.8985554,53.8501821],[36.0007616,53.872674],[35.9835551,53.9081472],[36.0471787,53.95588],[36.141287,53.9403732],[36.1567739,53.9562375],[36.0979723,54.0056751],[36.2171286,54.0891483],[36.0718353,54.1068371],[36.1435056,54.1335262],[36.0667026,54.1290914],[36.0886549,54.1449133],[36.0184765,54.1785085],[35.9631151,54.1623243],[35.9808667,54.1924195],[36.2058666,54.1558685],[36.2637142,54.2251804],[36.3771388,54.202666],[36.5046077,54.2474007],[36.4862857,54.288287],[36.6482033,54.2796179],[36.6856135,54.3092902],[36.7988172,54.2670729],[36.9668461,54.2916582],[36.9697789,54.3317325],[36.9311418,54.3429833],[36.984222,54.3884198],[36.9720748,54.4293659],[36.8918841,54.4276549],[36.8571006,54.4794633],[36.9618758,54.5220839],[36.8949683,54.563494],[36.9824157,54.60535],[37.0510107,54.5898384],[37.0766092,54.5455278],[37.1271824,54.5538871],[37.246346,54.7090293],[37.1954048,54.7328248],[37.2415089,54.7570639],[37.2288305,54.8033962],[37.2687091,54.8418015]]]}},{"type":"Feature","properties":{"name":"Lipetsk Oblast"},"geometry":{"type":"Polygon","coordinates":[[[37.8664693,53.0122167],[37.8319047,52.9496278],[37.8760294,52.8863282],[37.8016134,52.853207],[37.8845921,52.8143328],[37.8912589,52.7404892],[37.8091351,52.70707],[37.8212107,52.6730455],[37.7940502,52.6566361],[37.8265301,52.6569353],[37.8242767,52.6320336],[37.7221688,52.5948457],[37.8455705,52.5537146],[37.8602763,52.5360412],[37.789985,52.4973055],[37.9308329,52.4723076],[37.9329236,52.4461556],[37.8862586,52.4309565],[37.9590003,52.3899565],[37.9935877,52.4030975],[37.9962489,52.3607984],[38.0672135,52.3302132],[38.0126129,52.2820328],[38.0518032,52.2707203],[38.0391224,52.2451097],[37.9566771,52.2494777],[37.759716,52.1615297],[37.798939,52.122741],[37.7380345,52.0190843],[37.8217243,51.9757344],[37.8679126,51.9008852],[38.0504067,51.8876682],[38.1273465,51.9358469],[38.2419501,51.9228971],[38.2984545,51.974586],[38.5555474,52.0555312],[38.6350959,52.0388494],[38.7067694,52.0982417],[38.7867778,52.0292042],[38.8110067,52.0841447],[38.877206,52.0965504],[39.0150115,51.9848125],[39.1036816,51.9933967],[39.0904982,52.0424343],[39.1757748,52.0648072],[39.1454784,52.0826973],[39.2315025,52.073442],[39.2994071,52.1030461],[39.4731718,52.0735494],[39.51724,52.0208351],[39.4878819,51.9778947],[39.7645351,51.9271044],[39.8579303,51.9253789],[39.9130433,51.9828354],[40.0424667,51.9522193],[40.1322344,51.9995356],[40.1553408,51.9614979],[40.221411,51.9759883],[40.3003625,51.9352586],[40.3540185,51.965474],[40.5082175,51.9352059],[40.5378918,51.9497565],[40.5366762,52.0089331],[40.6414223,52.0362222],[40.6127964,52.0569741],[40.6264779,52.0889014],[40.5903032,52.0919789],[40.6504695,52.1390007],[40.6370317,52.1749024],[40.7015714,52.1887672],[40.6963044,52.2297316],[40.7647752,52.2016067],[40.6703091,52.2842838],[40.590336,52.2573967],[40.5636265,52.3322616],[40.5056142,52.3288575],[40.5127909,52.3549027],[40.2933635,52.3919637],[40.2819166,52.415982],[40.3258735,52.4586556],[40.214266,52.4670582],[40.2266151,52.5009612],[40.1732944,52.5021986],[40.1242747,52.5514318],[40.0463646,52.5457865],[40.0196274,52.5647383],[40.0451051,52.5893544],[39.9766778,52.5968023],[39.9495034,52.63353],[39.9521399,52.6646769],[39.9919981,52.6668732],[39.9247753,52.7173808],[40.0502857,52.7512142],[40.0323639,52.7759554],[40.0832708,52.7545943],[40.064398,52.7849162],[40.0978942,52.8004303],[40.0957512,52.8794691],[40.0375742,52.9129026],[40.1211829,52.9403144],[40.1248472,52.9804009],[40.0748832,53.0045132],[40.1572633,53.0533286],[40.1299757,53.168562],[40.0870448,53.213545],[40.0969813,53.2757277],[40.1791459,53.3391452],[40.1199695,53.3648079],[40.1350273,53.3910857],[40.0597268,53.3818438],[39.9899189,53.4039632],[39.9882979,53.4383662],[39.9234745,53.435506],[39.9434614,53.4981742],[39.8369616,53.5677927],[39.7839983,53.5547559],[39.7577654,53.5866538],[39.5549778,53.5283577],[39.5367802,53.4174971],[39.4737975,53.4337648],[39.456745,53.4010967],[39.3268822,53.3912507],[39.3128364,53.4139523],[39.1931994,53.3905634],[39.0539995,53.5792271],[38.9063418,53.5754307],[38.8857793,53.5300294],[38.8669232,53.5547018],[38.7884272,53.5513794],[38.7154547,53.5036719],[38.7589742,53.4798035],[38.7259709,53.4473839],[38.7717802,53.3643279],[38.624095,53.3536014],[38.5289111,53.3022219],[38.6434437,53.215751],[38.5775602,53.1884617],[38.583309,53.1602844],[38.6710489,53.1295685],[38.6163095,53.0692002],[38.6379161,53.0439309],[38.5561883,53.034327],[38.5658629,52.9910798],[38.4827308,53.0393726],[38.3269533,52.9463569],[38.3073994,53.0025009],[38.2660787,53.0197343],[38.230784,52.9945093],[38.1562734,53.0409798],[38.1269051,53.0280823],[38.1222778,53.0544372],[37.9250366,53.055766],[37.8664693,53.0122167]]]}},{"type":"Feature","properties":{"name":"Magadan Oblast"},"geometry":{"type":"MultiPolygon","coordinates":[[[[159.8755544,60.89564811095407],[159.8755544,60.89564811095407]]],[[[150.3933463,59.5717212],[150.4215948,59.5985599],[150.3693981,59.5783592],[150.3933463,59.5717212]]],[[[154.4179372,59.8767143],[154.3689616,59.8293837],[154.4179372,59.8767143]]],[[[155.5636959,59.3238883],[155.6030284,59.3410748],[155.5135305,59.3235666],[155.5636959,59.3238883]]],[[[150.53417038118673,59.0626],[150.4675935,59.002159],[150.6017219,59.0039447],[150.7815618,59.0975313],[150.7059706,59.1454061],[150.652459,59.0878769],[150.53417038118673,59.0626]]],[[[155.5271215,59.2095781],[155.5271215,59.2095781]]],[[[149.0912778,59.3034378],[149.0693359,59.3173314],[149.0912778,59.3034378]]],[[[149.0626,59.19775187772412],[148.9534365,59.131704],[149.0159676,59.1168348],[149.0179921,59.1470419],[149.0996725,59.1634753],[149.141549,59.2090302],[149.0626,59.19775187772412]]],[[[144.7364197,62.0454828],[144.9562461,62.0668508],[145.0524805,61.9968427],[145.144669,62.0021541],[145.2108034,61.9641447],[145.2906137,62.0053602],[145.4619182,61.9882649],[145.4505427,61.9493329],[145.6410792,61.9827785],[145.6489397,62.0581832],[145.820575,62.0011722],[145.9654182,62.0044941],[146.0187459,61.9446644],[146.0915331,61.9574714],[146.1574113,61.9331108],[146.1402715,61.9069773],[146.2382141,61.8990872],[146.2436098,61.8558984],[146.3476967,61.8414452],[146.3886507,61.8060011],[146.3629236,61.7811534],[146.3883056,61.7434058],[146.5954826,61.6372783],[146.6064488,61.5751975],[146.5789162,61.5328311],[146.7403706,61.4680327],[146.686745,61.4041023],[146.7515449,61.4018133],[146.6977199,61.3051449],[146.7534366,61.2351676],[146.7289216,61.1543198],[146.7637762,61.0966014],[146.6893047,61.0936084],[146.6614906,61.0611419],[146.7567468,61.0064388],[146.7029707,60.9487133],[146.4982894,60.9402036],[146.4792676,60.9147291],[146.522454,60.8685562],[146.4954217,60.8549113],[146.5351924,60.843728],[146.480923,60.8093349],[146.4952101,60.7829173],[146.4512589,60.7808908],[146.4693135,60.7366638],[146.4440248,60.671125],[146.3361034,60.652664],[146.1579613,60.7427696],[146.0817215,60.7360389],[145.9824248,60.6583755],[145.9203074,60.6558049],[145.9285211,60.6179615],[145.7136085,60.5949776],[145.6452819,60.5569809],[145.6407215,60.5175418],[145.5305536,60.496357],[145.5250051,60.4555404],[145.5300511,60.422181],[145.6373271,60.4146454],[145.6573226,60.3881403],[145.6587997,60.3603095],[145.5619337,60.3116413],[145.8574111,60.1702718],[146.3815886,60.2489624],[146.4958136,60.1852715],[146.5004422,60.1233499],[146.5336771,60.1249838],[146.5374689,60.0972243],[146.6159228,60.1159425],[146.6891123,60.0872943],[146.6722887,60.0383495],[146.6974949,59.9790759],[146.8007701,59.9050548],[146.9459301,59.9523865],[147.062568,59.9332184],[147.0281125,59.9149961],[147.1160253,59.8888139],[147.165654,59.8389279],[147.1464676,59.7966606],[147.2167799,59.7339],[147.1260499,59.6960045],[147.1768234,59.6438901],[147.1433984,59.606033],[147.1484585,59.5045154],[147.0936363,59.4547304],[147.1097053,59.4089208],[146.9452132,59.3906012],[146.9416411,59.3683841],[147.0920925,59.3571926],[147.1665383,59.3190834],[147.295917,59.3350309],[147.5432691,59.2357045],[147.5377647,59.2761698],[147.6376076,59.3077892],[147.7959428,59.2622184],[147.8477362,59.3022486],[147.785805,59.3432452],[147.8782349,59.3852993],[148.2873299,59.4064628],[148.4017945,59.3757874],[148.4430259,59.2813594],[148.4160674,59.2546305],[148.5735011,59.2389171],[148.7301653,59.2668311],[148.7190867,59.2414609],[148.7681682,59.2373638],[148.7913518,59.2736138],[148.8439525,59.279998],[148.92935,59.2331912],[148.9627374,59.2795415],[148.9257409,59.3197749],[148.9844518,59.3775197],[148.9037012,59.3465946],[148.8961597,59.3911211],[148.8207553,59.3478487],[148.7403651,59.3600344],[148.7195574,59.4615594],[148.7597918,59.4596931],[148.7686001,59.4974983],[148.8753203,59.5509496],[148.9260457,59.5301188],[148.8629369,59.4956673],[148.9318368,59.4526003],[149.0783452,59.485944],[149.2262894,59.4623281],[149.2157221,59.521388],[149.1128675,59.5370811],[149.0979054,59.611781],[149.045346,59.6155387],[149.3793673,59.739089],[149.5895986,59.7585454],[150.4587017,59.6163997],[150.4582492,59.577574],[150.5762223,59.5429515],[150.7709948,59.5636769],[150.7634533,59.5312932],[150.5004681,59.4851236],[150.750994,59.4884239],[150.779906,59.4688189],[150.7420858,59.4568029],[150.7604609,59.4328754],[150.9389679,59.4548587],[150.9607617,59.4821084],[150.9112045,59.4926011],[150.9447774,59.5206089],[150.891108,59.5428843],[150.9150856,59.5658406],[151.1343658,59.5837944],[151.3269019,59.5607986],[151.3620726,59.6036656],[151.4085345,59.6053393],[151.5167027,59.5065701],[151.6681233,59.4537315],[151.6944032,59.3971061],[151.7710479,59.3559367],[151.7178483,59.3269759],[151.7375404,59.2997124],[151.8975987,59.307263],[152.0095023,59.2640743],[152.1405159,59.3047524],[152.142025,59.2822922],[152.17366,59.2978539],[152.3221384,59.2296054],[152.3123058,59.1970483],[152.1975836,59.1956232],[152.0834109,59.1455793],[151.7536078,59.1290682],[151.6489608,59.1641983],[151.4323843,59.1649985],[151.3701427,59.1195058],[151.2196483,59.0865704],[151.1018057,59.105679],[151.2379845,58.9987646],[151.2513144,58.9364799],[151.361756,58.8580532],[151.344228,58.8370935],[152.0677735,58.88709],[152.1448492,58.9196186],[152.1618628,58.9834647],[152.3949833,59.0075437],[152.3558023,59.0596971],[152.4336659,59.0389449],[152.4088637,59.022709],[152.5480476,58.9513464],[152.7267371,58.9062875],[152.8136906,58.927419],[152.9069366,58.9065788],[152.9474844,59.0090348],[153.0144475,59.0663784],[153.3385004,59.0873463],[153.3546178,59.1070112],[153.3079419,59.1181359],[153.350411,59.1336409],[153.2702429,59.1348562],[153.3128722,59.1675214],[153.3500803,59.1500223],[153.3860689,59.2487145],[153.4458207,59.232655],[153.3756814,59.212913],[153.498772,59.2333582],[153.6383126,59.1901336],[153.7862335,59.2451206],[153.6860828,59.1842594],[153.8408661,59.1675045],[153.9280114,59.0760485],[154.0405213,59.0470125],[154.1688335,59.0950656],[154.3554638,59.1091004],[154.3297678,59.1912987],[154.3616071,59.1953207],[154.333947,59.2089181],[154.538407,59.2156193],[154.6758468,59.1471066],[154.8068322,59.126918],[154.7899769,59.1781025],[154.8337345,59.197172],[155.1910053,59.1765605],[155.1335848,59.2236005],[155.2015976,59.2365486],[155.1546551,59.2923799],[155.2192302,59.3079371],[155.2100088,59.3471376],[155.0379548,59.4204726],[154.9734619,59.494808],[154.7927666,59.4639914],[154.6455408,59.5422438],[154.5543463,59.5131636],[154.4120364,59.5501295],[154.4634888,59.5141346],[154.4576305,59.4753398],[154.5392856,59.4344716],[154.5212452,59.4131811],[154.4142074,59.4213913],[154.42511,59.455733],[154.378376,59.4749199],[154.4138747,59.5057687],[154.3921922,59.5355647],[154.346102,59.5195336],[154.347025,59.4708953],[154.3035369,59.4388292],[154.1262758,59.4578829],[154.0721585,59.5192544],[154.1462006,59.5339837],[154.2141217,59.600943],[154.1931055,59.6205882],[154.2269887,59.6630195],[154.2760962,59.6609139],[154.2901711,59.6194332],[154.374041,59.5772351],[154.2292714,59.7329639],[154.2094241,59.8774094],[154.3257764,59.90099],[154.4599737,59.8980906],[154.415219,59.8664862],[154.4785541,59.8852218],[154.4733018,59.9668663],[154.425625,60.0021414],[154.4109229,60.0665993],[154.5839321,60.105197],[154.500441,60.0188182],[154.4841078,59.9316336],[154.5129825,60.0309176],[154.6697451,60.1818605],[154.9353719,60.3529036],[155.1479507,60.4140435],[155.317948,60.5173002],[155.4353862,60.5127805],[155.4842758,60.5341522],[155.4879275,60.5817024],[155.7247411,60.6561975],[155.8076068,60.7272002],[155.905815,60.7089754],[155.9172047,60.8574942],[155.9871097,60.9089623],[155.9285468,60.9297098],[155.9794052,60.9137423],[156.1129142,61.0181642],[156.3875708,61.1537664],[156.5607984,61.2100102],[156.6535559,61.1993999],[156.6229419,61.3739095],[156.6608994,61.4906018],[156.6968516,61.5067935],[156.6723536,61.5191758],[156.8873291,61.5356216],[157.0340065,61.6477134],[157.2584581,61.6942586],[157.3412178,61.678396],[157.3756266,61.7000483],[157.3659642,61.7298738],[157.5049352,61.7902572],[157.8126673,61.7824268],[158.0411547,61.728667],[158.2720871,61.8260733],[158.4826393,61.7892903],[158.5690268,61.8334654],[158.8445611,61.8190869],[158.8478646,61.8618156],[158.9011431,61.8859129],[158.884809,61.9048322],[159.0001056,61.9073931],[158.9732043,61.9302055],[159.3690192,61.8865329],[159.4004754,61.8415058],[159.351493,61.8173827],[159.4712618,61.7636142],[159.5237509,61.7961626],[159.513934,61.8175863],[159.5715339,61.8172188],[159.5377651,61.79994],[159.5123973,61.7078958],[159.5238231,61.6690084],[159.5762632,61.6517196],[159.7071066,61.6857266],[159.6959014,61.7300588],[159.7234636,61.7005342],[159.7912519,61.701022],[159.7980449,61.7299814],[159.8793542,61.705063],[159.9699922,61.7594619],[160.0306599,61.8460132],[160.3658964,61.9386928],[160.3517,61.9125744],[160.4008677,61.8278118],[160.3539387,61.8043092],[160.399359,61.7959702],[160.4102085,61.7615575],[160.254202,61.6923094],[160.3226698,61.66378],[160.2437993,61.5885832],[160.2794508,61.5541962],[160.0358297,61.4545289],[160.1070409,61.4421986],[160.0407508,61.3895615],[160.0829125,61.3772952],[159.9547089,61.378302],[159.9737572,61.3395533],[159.8818757,61.320734],[160.0072875,61.2889005],[159.9647726,61.2638773],[159.8182654,61.2902989],[159.7680846,61.2390342],[159.939222,61.2446097],[159.9519158,61.2253302],[159.9164475,61.2102219],[160.0046846,61.1074983],[159.7932399,60.9302979],[159.8900641,60.9140836],[159.8894217,60.9476094],[159.9502245,60.9400294],[159.9578217,60.9653087],[160.1922348,61.0398248],[160.4441682,61.0335795],[160.3969318,61.0029306],[160.424544,60.9839601],[160.335896,60.9301031],[160.3874469,60.9062938],[160.3016216,60.9020328],[160.3112956,60.8817221],[160.2781211,60.9055849],[160.2431456,60.8777627],[160.256557,60.824921],[160.1751328,60.8268722],[160.2509322,60.7748152],[160.2334945,60.7227707],[160.2545383,60.7131067],[160.2026037,60.7000194],[160.2156914,60.6594672],[160.1446182,60.6549752],[160.1480239,60.5748458],[160.3579914,60.658227],[160.3805688,60.7105883],[160.3483978,60.7280623],[160.4265859,60.7589876],[160.4073289,60.7014804],[160.5565096,60.7415472],[160.6330091,60.7140203],[160.6840538,60.7714911],[160.7941492,60.7184873],[160.9100538,60.8973322],[161.1830505,60.9886409],[161.2151635,61.0555095],[161.3089714,61.0577253],[161.4458355,61.1190296],[161.3979484,61.1559254],[161.4788909,61.1977566],[161.5762345,61.1886881],[161.5952419,61.2458081],[161.5423669,61.2529208],[161.7836704,61.3003467],[161.823682,61.3744137],[161.8975257,61.3388466],[161.9151919,61.3597335],[161.8729226,61.4308881],[161.9030303,61.4260321],[161.9166742,61.3771792],[161.9848599,61.3729473],[162.0590899,61.4177167],[162.0311147,61.4365681],[162.1061157,61.4407437],[162.1310679,61.4950375],[162.2281598,61.5175277],[162.2053165,61.557],[162.3287821,61.5878879],[162.2895669,61.61246],[162.361447,61.6143785],[162.3850669,61.6657748],[162.4664494,61.6657338],[162.4409857,61.700711],[162.4639677,61.7407644],[162.3902443,61.7611914],[162.474504,61.7998875],[162.3864191,61.8255807],[162.3762111,61.8958745],[162.2937128,61.9415148],[162.3695137,61.9639341],[162.4438753,61.9420709],[162.4984523,61.9621767],[162.490955,62.0023104],[162.5423391,62.0035862],[162.5140962,62.0359807],[162.5244722,62.0832153],[162.2897351,62.1038045],[162.1628755,62.1662808],[162.595765,62.2723061],[162.7144088,62.2572257],[162.7862347,62.3117851],[162.7915947,62.3542926],[162.7609464,62.4209065],[162.7789046,62.4567674],[162.6811902,62.5712773],[162.8005428,62.6204486],[162.8201901,62.6906825],[162.6576982,62.6913795],[162.5539378,62.7471817],[162.6285396,62.7780816],[162.5645587,62.8302128],[162.2795585,62.9033284],[162.2565462,62.9345771],[162.3192485,63.024353],[162.2986173,63.059272],[162.379768,63.1080776],[162.5781712,63.1117448],[162.5972188,63.1234502],[162.5742064,63.1530125],[162.7559445,63.1660049],[162.7769809,63.237826],[162.7357153,63.2656029],[162.7841289,63.3062745],[162.6769944,63.3449646],[162.6582126,63.3845805],[162.8765934,63.4150965],[162.9710385,63.4803691],[162.9480277,63.5285812],[162.99962,63.620242],[162.8926829,63.6454408],[162.860147,63.672424],[162.8752291,63.7141873],[162.7776857,63.7247764],[162.7256362,63.7495053],[162.7571851,63.7840267],[162.7045729,63.7928121],[162.7730628,63.8497966],[162.9460721,63.872114],[162.9034177,63.897907],[162.9542109,63.9229048],[162.9327871,63.9665535],[162.8234832,64.0086622],[162.8519472,64.0873863],[162.8060425,64.0990191],[162.8085378,64.1295534],[163.0021756,64.186505],[163.1797474,64.1573111],[163.2288079,64.2047697],[163.2208915,64.2529317],[163.2796589,64.2737541],[163.2624146,64.2978354],[163.3532457,64.2969396],[163.3720292,64.3433127],[163.4956937,64.3581298],[163.3974542,64.3723117],[163.4264562,64.3999053],[163.4144516,64.445768],[163.1925557,64.5368577],[163.2209176,64.5501433],[163.171991,64.5744806],[163.2038026,64.5914709],[163.1773606,64.6190654],[163.2628021,64.6945864],[162.7524805,64.6621859],[162.6725999,64.6873611],[162.6501067,64.7409798],[162.3189794,64.7436611],[162.224432,64.7859329],[161.835725,64.8273175],[161.7989067,64.8404502],[161.824628,64.8647316],[161.7561465,64.907003],[161.7180851,65.0030012],[161.475827,65.0629565],[161.3613115,65.1351102],[161.0370757,65.1779308],[160.8528262,65.1427498],[160.5019784,65.1780385],[160.5122882,65.2034104],[160.4393448,65.2244228],[160.4564921,65.2380006],[160.4159594,65.2759602],[160.2088264,65.3621889],[160.2042712,65.4048061],[160.2409447,65.4329527],[160.0926818,65.5022327],[159.811506,65.5112562],[159.7289529,65.5752823],[159.5775159,65.6181001],[159.2274611,65.6591371],[158.9108555,65.7404634],[158.9341038,65.7666757],[158.8982301,65.8138525],[158.948976,65.8269342],[158.921327,65.8566675],[158.9609726,65.8711369],[158.926682,65.888878],[159.0249063,65.9475494],[159.035411,66.0045644],[159.1088604,66.0242589],[159.0969695,66.0492347],[159.2575385,66.1496302],[159.2245433,66.2377888],[158.7830079,66.265943],[158.7172012,66.2943885],[158.7231004,66.3159943],[158.5398014,66.3346258],[158.4325608,66.2608584],[158.4379932,66.2224539],[158.4033462,66.2197399],[158.4725781,66.1705181],[158.507274,66.0954102],[158.2842126,66.1008428],[158.1882912,66.1426034],[157.7386245,66.0986418],[157.6555013,66.0340272],[157.4380116,65.9978187],[157.4081445,65.9686501],[157.4588176,65.9372764],[157.4475489,65.9110232],[157.3351585,65.8918272],[157.143852,65.9009844],[156.9600467,65.9574358],[157.0343833,66.0073346],[156.926616,66.0365045],[156.6740038,66.1890431],[156.4331554,66.0339168],[156.145336,66.0704777],[156.0606425,66.0462241],[155.7479721,66.161196],[155.6486151,66.1205874],[155.5281765,66.1442201],[155.3982207,66.1254487],[155.2626796,66.1814039],[155.170693,66.1824834],[155.057722,66.1603381],[155.0753295,66.1281032],[154.8949728,66.1093225],[154.8870252,66.1501437],[154.8430255,66.1682457],[154.517161,66.2183178],[154.3958691,66.1838449],[154.3649563,66.1033992],[154.2673301,66.0886212],[154.2289444,66.0479785],[154.4300583,65.9943567],[154.3786893,65.9741697],[154.4118057,65.9225263],[154.2653459,65.8053315],[154.1068649,65.7765273],[154.0874329,65.8502635],[153.9566732,65.8730488],[153.7547273,65.8708521],[153.5311564,65.8095943],[153.4837063,65.7479717],[153.5492808,65.7368894],[153.5805762,65.6979601],[153.5149285,65.6670039],[153.5406015,65.6355792],[153.4413109,65.4834932],[153.5906018,65.4076696],[153.5005334,65.3457365],[153.4399164,65.3580921],[153.2026972,65.3007208],[153.1529976,65.2438634],[152.9339736,65.2557376],[152.7978211,65.2068309],[152.7173736,65.2211828],[152.7160914,65.1824245],[152.6614704,65.1684827],[152.6302237,65.0605082],[152.5257357,64.9938622],[152.5410424,64.9353879],[152.5187138,64.9163838],[152.5859152,64.8112923],[152.7497939,64.7730785],[152.8472834,64.7013926],[152.7270618,64.6231757],[152.3768111,64.5329005],[152.3583511,64.5087815],[152.4355098,64.4677845],[152.4407149,64.3879086],[152.1409307,64.352269],[152.144173,64.3845802],[152.0715382,64.4522854],[151.9725822,64.4890939],[151.4968738,64.4258124],[151.4053829,64.3299111],[151.326476,64.372636],[151.2517,64.344147],[150.6566625,64.3399156],[150.5868879,64.3045746],[150.6753309,64.2679976],[150.6426071,64.2223976],[150.6616763,64.1758464],[150.5488196,64.166332],[150.3851135,64.2134405],[150.2109728,64.2188307],[150.2016295,64.2640349],[150.0927781,64.2818113],[150.0167709,64.350929],[150.1350267,64.4289087],[150.1437226,64.4694716],[149.9941935,64.4960753],[149.9782218,64.5420859],[149.8740669,64.5620134],[149.5833919,64.4726672],[149.5011447,64.4050076],[149.3579049,64.4190533],[149.3666222,64.380223],[149.3394921,64.3767547],[149.1952112,64.3818174],[149.1840664,64.4234916],[149.0411354,64.4314749],[148.7087233,64.4022031],[148.5557132,64.4503643],[148.5011986,64.5098103],[148.327615,64.5280792],[148.2397458,64.4812259],[148.2249114,64.4422302],[148.0484073,64.4101541],[148.0886858,64.3933278],[148.069663,64.3506549],[148.1250898,64.293751],[148.3145047,64.2206961],[148.2609415,64.2007642],[148.2635174,64.1527851],[148.1596924,64.1025039],[148.1773286,64.0240593],[148.085413,64.0060417],[148.0183431,63.9361357],[147.8950414,63.9697603],[147.7884053,63.9536475],[147.7776395,63.9813388],[147.8046444,63.9952126],[147.7741782,64.0106538],[147.6708158,64.0113458],[147.6532485,64.0350446],[147.6804026,64.052988],[147.6517689,64.0669432],[147.7329255,64.1164283],[147.6437736,64.1780013],[147.3467528,64.114529],[147.3865342,64.086028],[147.2946152,64.0187287],[147.0120517,64.1334244],[146.3715364,64.1917258],[146.3334877,64.0700999],[146.2290771,64.0186727],[146.2298813,63.9784021],[146.1723,63.9293527],[145.8309778,63.8812524],[145.5675068,63.8078652],[145.6687407,63.7747619],[145.6493451,63.7198935],[145.6751866,63.6717075],[145.482224,63.5442385],[145.4924813,63.4993194],[145.4606566,63.4774132],[145.4404576,63.3786985],[145.3977522,63.3583898],[145.3931193,63.3082172],[145.2578624,63.2428751],[145.2756069,63.1872185],[145.2493195,63.1597037],[145.316205,63.0506424],[145.2827523,63.0209756],[145.3432419,63.0078889],[145.4095154,62.8666726],[145.3530524,62.7466965],[145.4565748,62.7074035],[145.390963,62.6833667],[145.4502655,62.632283],[145.3885154,62.606996],[145.4843896,62.5401342],[145.3845111,62.4994772],[145.2779979,62.5243728],[145.2170121,62.4736033],[145.1376539,62.4785391],[145.1894671,62.4384586],[145.1492307,62.3972671],[145.2075172,62.3336961],[145.2093247,62.301887],[145.1654035,62.2992878],[145.1995953,62.2788716],[145.0989843,62.2346104],[144.9902043,62.2389154],[145.0171002,62.2054367],[144.9769767,62.1820992],[144.9868453,62.1566057],[144.8762852,62.1577866],[144.8768466,62.1333955],[144.7341114,62.0943445],[144.7364197,62.0454828]]]]}},{"type":"Feature","properties":{"name":"Ulyanovsk Oblast"},"geometry":{"type":"Polygon","coordinates":[[[45.8136335,53.9757159],[45.904709,53.9816354],[45.8927313,54.0070813],[45.9323991,53.9831006],[45.9614649,54.03078],[45.9756716,53.9855961],[46.0830368,53.975646],[46.1004316,53.9326468],[46.1482329,53.9355424],[46.2177475,53.8850961],[46.1436079,53.7995134],[46.2851789,53.7882533],[46.2468734,53.7549091],[46.3206025,53.752363],[46.3764811,53.670359],[46.453417,53.6526576],[46.479751,53.6179906],[46.4449549,53.6035052],[46.4490505,53.5138287],[46.5213208,53.46439],[46.6699328,53.4823946],[46.6750544,53.4288392],[46.7918338,53.3726778],[46.9081633,53.3626054],[46.8988756,53.2787572],[46.9581897,53.2750304],[46.8725217,53.2387806],[46.8641727,53.1777127],[46.9374328,53.1753905],[46.9735927,53.119696],[46.904627,53.0867379],[46.9387363,53.0840164],[46.926556,52.9166103],[46.8847019,52.8903179],[46.9373389,52.8255145],[46.9813651,52.8207501],[46.9401434,52.7219637],[46.8182971,52.6976165],[46.8009824,52.6131329],[46.9807631,52.6377204],[46.9873865,52.5831278],[47.049943,52.5742794],[47.0528738,52.5326688],[47.0602057,52.5766576],[47.1633636,52.5955816],[47.1553793,52.5583044],[47.2065746,52.5475067],[47.2312034,52.5705892],[47.4426308,52.5632716],[47.5329549,52.5933365],[47.4982655,52.6209081],[47.722508,52.5682894],[47.7724405,52.6024767],[47.7523954,52.6193645],[47.7786748,52.6998788],[47.8289392,52.7032756],[47.8026954,52.700814],[47.8124106,52.7363388],[47.8971016,52.7245959],[47.9337412,52.6465792],[48.0637983,52.6759763],[48.0921516,52.732734],[47.9933299,52.7449639],[48.0892869,52.7935658],[48.1970225,52.7686027],[48.2641337,52.8122594],[48.3067801,52.7797791],[48.5924764,52.8846868],[48.5165259,52.9522753],[48.359834,52.9573242],[48.3717549,52.9931501],[48.3251218,52.9973449],[48.3637754,53.0553589],[48.3274086,53.0693665],[48.2491915,53.0656203],[48.2245485,53.0047467],[48.1231507,53.0515709],[48.2122017,53.1374321],[48.1077909,53.1797806],[48.1608318,53.2329099],[48.0568734,53.2680104],[47.9304408,53.3615992],[48.0054475,53.4327743],[48.0303177,53.4228066],[48.0358169,53.4713054],[48.3693885,53.4738506],[48.3821281,53.5455549],[48.4652943,53.5562444],[48.3452026,53.5934756],[48.3493967,53.6530994],[48.4163104,53.6228476],[48.3973618,53.6483758],[48.5329474,53.6668705],[48.4964827,53.6951611],[48.5170218,53.7345787],[48.482172,53.7355965],[48.4889103,53.7706627],[48.6695172,53.7053108],[48.7253433,53.7328718],[48.9948077,53.706596],[48.9956093,53.8749451],[49.0821805,53.8903741],[49.1906108,53.8778314],[49.2482002,53.8367627],[49.2998303,53.831872],[49.3116129,53.87249],[49.5935428,53.8400597],[49.6005358,53.8024943],[49.8165933,53.8897568],[49.8504465,53.8319962],[50.0358574,53.8191459],[50.0372747,53.8802855],[49.9311958,53.9052688],[49.97804,53.9787723],[50.0609336,53.9584504],[50.0811074,54.007111],[50.1886875,54.0198346],[50.2242538,54.0703507],[50.1919966,54.1439228],[50.2434006,54.2195283],[50.2085924,54.2770835],[50.242466,54.2839199],[50.1970493,54.361487],[50.1498624,54.3748959],[50.155801,54.4211013],[50.103772,54.4237065],[50.0924594,54.5065998],[49.9671431,54.5007185],[49.9415656,54.535254],[49.7374566,54.5768065],[49.5601472,54.562065],[49.5841515,54.5974929],[49.5304796,54.628804],[49.551035,54.6680609],[49.4797294,54.6885621],[49.5258161,54.7235978],[49.3779654,54.8277038],[49.405554,54.839052],[49.2882986,54.8914462],[49.2395841,54.8803095],[49.2715254,54.8613264],[49.2389706,54.8415593],[49.148209,54.8418253],[49.0895406,54.7882706],[49.032398,54.8154601],[48.8817796,54.7960204],[48.8817414,54.625206],[48.4651534,54.6252108],[48.3342463,54.7034234],[48.2806832,54.6634256],[48.2296861,54.701703],[48.277954,54.7308697],[48.1526437,54.7238385],[48.0980012,54.7385634],[48.1034152,54.7665232],[48.0560098,54.7425012],[48.0809696,54.7138716],[47.9207089,54.7196144],[47.9286914,54.6404568],[47.816598,54.6416914],[47.7701688,54.6828775],[47.8355588,54.6897363],[47.8229846,54.7283887],[47.717752,54.7350285],[47.6706763,54.6737288],[47.692094,54.6557828],[47.6129666,54.6129489],[47.6337577,54.5816466],[47.594611,54.5401797],[47.4505611,54.567324],[47.405316,54.5331574],[47.4245617,54.4985452],[47.3968552,54.4964095],[47.3281802,54.6692325],[47.1697195,54.6524213],[47.0340941,54.7054963],[46.826185,54.6320649],[46.7764435,54.6841643],[46.6584356,54.6731002],[46.4430232,54.7616591],[46.408997,54.7395646],[46.4559722,54.7197551],[46.4217256,54.6883012],[46.5348422,54.6321154],[46.4035479,54.5742717],[46.5203889,54.5882986],[46.5385633,54.5726536],[46.4960987,54.5606621],[46.5467835,54.5543276],[46.4599796,54.4796528],[46.5820741,54.4971683],[46.5008071,54.4697753],[46.4980425,54.4325832],[46.5358833,54.3991427],[46.676167,54.3790716],[46.7295683,54.4021738],[46.6855522,54.3335133],[46.7051997,54.3253581],[46.6544914,54.2878147],[46.540123,54.2835044],[46.546494,54.2616156],[46.4378179,54.2630889],[46.3394155,54.1906203],[46.3190068,54.2082024],[46.1571457,54.1546373],[46.0771363,54.1763778],[46.0158455,54.1216814],[45.9643055,54.1528839],[45.9618417,54.0979422],[45.8945057,54.0616331],[45.8760331,54.0036886],[45.8045739,53.9968293],[45.8136335,53.9757159]]]}},{"type":"Feature","properties":{"name":"Vladimir Oblast"},"geometry":{"type":"Polygon","coordinates":[[[41.7927633,55.10142],[41.8051719,55.1517715],[41.8734462,55.1647349],[41.8664881,55.1940061],[41.9083364,55.2102817],[41.8605275,55.2411095],[41.9725209,55.2866048],[41.942443,55.3441298],[42.0022085,55.325096],[42.0591537,55.4165307],[42.0929326,55.4020235],[42.1668709,55.4439947],[42.0854696,55.4963744],[42.103603,55.528165],[42.0648296,55.587369],[42.0751553,55.6208824],[42.1442399,55.6221682],[42.1287844,55.6783533],[42.188331,55.6770397],[42.2746583,55.7677006],[42.3967106,55.7899576],[42.5038524,55.8783586],[42.5306844,55.9543722],[42.5765818,55.9246949],[42.6642086,55.981649],[42.7185452,55.9692201],[42.7119271,56.0465369],[42.6806516,56.0482373],[42.6713063,56.0892554],[42.961152,56.1403685],[42.976134,56.1673544],[42.9067364,56.1852171],[42.9107055,56.2090576],[42.8311667,56.1788],[42.8036385,56.1950967],[42.8320585,56.2089921],[42.757138,56.1956035],[42.7841239,56.2198182],[42.7408019,56.262393],[42.8031104,56.2906229],[42.7241945,56.3683916],[42.6311605,56.4071018],[42.2042403,56.4501808],[42.2058382,56.4087117],[42.1173319,56.3685408],[41.9604393,56.3608972],[41.9806642,56.3890113],[41.9386757,56.4504925],[41.959843,56.4854864],[41.8829413,56.5281111],[41.585362,56.4736812],[41.5448079,56.4723391],[41.5266057,56.5062257],[41.2789536,56.4820473],[41.2018121,56.502266],[41.1502136,56.4737173],[41.0348242,56.4889375],[41.0195579,56.5209066],[40.8859206,56.5056399],[40.8301867,56.5737542],[40.7672337,56.594363],[40.6069294,56.5798924],[40.5650852,56.6032884],[40.4808266,56.579797],[40.4584371,56.5349351],[40.2674137,56.4880618],[40.222918,56.4392428],[40.102725,56.4802229],[39.9493044,56.4668879],[39.9142016,56.4958445],[39.9561144,56.5340093],[39.8806351,56.5962937],[39.8217179,56.6021015],[39.8694539,56.6238615],[39.9009418,56.7702051],[39.7951303,56.7664909],[39.6740906,56.8124271],[39.5746107,56.8096574],[39.4979432,56.746304],[39.3470527,56.7568735],[39.3422994,56.7055027],[39.3684818,56.6952336],[39.3159415,56.6743651],[39.332853,56.5955854],[39.2943091,56.5859364],[39.2730244,56.5366738],[39.1634723,56.580688],[38.972406,56.5352275],[38.8552495,56.5675309],[38.8546479,56.6013729],[38.7705369,56.6105781],[38.7650643,56.5721089],[38.7153803,56.5972124],[38.6143728,56.5794239],[38.5803693,56.5343441],[38.5317087,56.5901816],[38.5622591,56.6138018],[38.43697,56.6534655],[38.422891,56.7008902],[38.3174608,56.6668272],[38.3629157,56.5814518],[38.2681027,56.5247685],[38.339228,56.5151778],[38.2984363,56.4949604],[38.3542849,56.4527986],[38.3943478,56.4597645],[38.4152146,56.4330691],[38.3817863,56.4006346],[38.4462512,56.3870797],[38.4129629,56.3277814],[38.4358048,56.2922281],[38.3961834,56.2661774],[38.4594541,56.2026174],[38.5280326,56.2134657],[38.5010911,56.1894725],[38.5103523,56.1327097],[38.530566,56.078399],[38.6125211,56.0153611],[38.5732421,55.9943187],[38.5979813,55.9812553],[38.7314302,55.9798749],[38.8382112,55.913746],[38.885039,55.9451996],[39.0442017,55.9501167],[39.0080758,55.9362133],[39.0612951,55.9379994],[39.0288814,55.9082862],[39.0775187,55.880623],[39.0591702,55.8573439],[39.2596305,55.8406302],[39.3271743,55.8648631],[39.295963,55.8320328],[39.3258435,55.7730178],[39.4372779,55.7807799],[39.4828414,55.7449934],[39.5211385,55.7452268],[39.5234244,55.7873539],[39.7034096,55.7874352],[39.7321047,55.8423529],[39.8891021,55.8331955],[39.9030523,55.7418959],[40.0931635,55.6076894],[40.0468293,55.5818841],[40.0488709,55.5264979],[40.167802,55.5266203],[40.2001031,55.4983198],[40.1940293,55.4619133],[40.140777,55.4396051],[40.2123311,55.344476],[40.3638667,55.349775],[40.3257287,55.308121],[40.3812731,55.2897308],[40.5678965,55.356139],[40.5849304,55.3435494],[40.5271953,55.3023474],[40.6077038,55.2406004],[40.6002509,55.2004827],[40.8184206,55.2388278],[40.8483774,55.2164029],[40.9031384,55.2376511],[40.9057287,55.2752973],[41.0020913,55.2718809],[41.0800396,55.1714598],[41.085302,55.2144344],[41.2944163,55.2336963],[41.426141,55.1365838],[41.5372402,55.172984],[41.6290932,55.1514309],[41.6384179,55.1153427],[41.7718336,55.1336109],[41.7927633,55.10142]],[[42.7851209,56.2873364],[42.7851209,56.2873364]]]}},{"type":"Feature","properties":{"name":"Vologda Oblast"},"geometry":{"type":"Polygon","coordinates":[[[47.0721637,60.8444806],[46.8204439,60.8815628],[46.7936135,60.9227239],[46.8236771,60.9631258],[46.5428569,60.9822656],[46.5523995,61.0230295],[46.5247604,61.0439149],[46.4843473,61.0405033],[46.4740576,61.0086275],[46.3128211,60.9958486],[46.2995236,60.9687421],[45.7594135,61.0112187],[45.8090082,61.1615338],[45.3384055,61.1951177],[45.3264176,61.1587039],[45.36165,61.1552504],[45.3497357,61.1182912],[45.3146761,61.1203631],[45.2511365,60.8940405],[44.1598025,60.9650345],[44.180954,61.0614927],[43.954963,61.0574774],[43.7829489,61.0371818],[43.7677575,60.9347673],[43.7325268,60.9138694],[43.7663783,60.896254],[43.544626,60.8579098],[43.5237345,60.7663757],[43.1531041,60.8119641],[43.0776777,60.7444645],[42.9949785,60.7298914],[42.8875671,60.8322528],[42.658296,60.8879468],[42.5401707,60.8002105],[42.5704825,60.7731826],[42.523075,60.7669645],[42.5342988,60.7985698],[42.4292091,60.7683878],[42.1736894,60.7862588],[42.1288114,60.8127033],[42.1332724,60.8429056],[41.9268886,60.8436796],[41.9528762,60.9148346],[41.8246418,60.9163869],[41.7933829,60.9023109],[41.8185126,60.8874586],[41.7285348,60.8583564],[41.5676564,60.8988532],[41.3776831,60.85032],[41.4246612,60.8180249],[41.3466054,60.708183],[41.3699251,60.641519],[41.3099944,60.6682874],[41.1408311,60.6358162],[40.8951536,60.6842561],[40.9035286,60.7038583],[40.7851379,60.7153413],[40.7932538,60.7343391],[40.7544812,60.7382243],[40.7711447,60.7754425],[40.5907572,60.7189651],[40.4289276,60.7832952],[40.28248,60.6796696],[40.19319,60.6945209],[40.1859379,60.6713781],[40.0488092,60.674312],[40.0104704,60.6467649],[39.8856037,60.6539301],[39.7851699,60.7328981],[39.6814179,60.7183892],[39.6451044,60.7502095],[39.3749161,60.6861424],[39.1935903,60.7227091],[39.1591915,60.6959239],[39.1843844,60.6396872],[38.955,60.765],[38.88775,60.7725],[38.8072835,60.7084909],[38.6199587,60.7163616],[38.5867278,60.7976756],[38.4049459,60.8067274],[38.4094296,60.8769983],[38.3671686,60.914128],[38.2528374,60.9146443],[38.1813324,60.9851069],[38.2172558,60.9757814],[38.1884105,61.0258655],[38.2697519,61.0680069],[38.2113777,61.063861],[38.1766614,61.0989196],[38.1989397,61.109455],[38.1236487,61.1605075],[38.0079591,61.1417054],[38.0181727,61.2247917],[37.9535586,61.2294064],[37.9527438,61.2669246],[37.8729078,61.2904871],[37.8807403,61.3660328],[37.8431305,61.3756534],[37.8238882,61.4004395],[37.8497853,61.4324172],[37.8072246,61.4520171],[37.8364883,61.5016092],[37.8167399,61.5298114],[37.3046105,61.5101189],[37.2923604,61.5505562],[37.1707949,61.5572212],[37.0299721,61.6142319],[36.8739329,61.539284],[36.6959126,61.5600663],[36.584329,61.5394596],[36.4954895,61.4409797],[36.5168382,61.427001],[36.4593389,61.4071577],[36.4498862,61.3322073],[36.3416871,61.2724693],[36.4391083,61.197962],[36.4006388,61.1494557],[36.2043214,61.0715358],[36.1008733,61.0833312],[36.0168848,60.9652712],[35.8090717,60.9399276],[35.6932603,60.8914101],[35.5261669,60.9206332],[35.4616781,60.8569363],[35.2616108,60.8464211],[35.2000443,60.7992529],[35.1841432,60.7510957],[35.2375234,60.7313356],[35.2087203,60.6980929],[35.2584136,60.6894931],[35.2725488,60.610176],[35.2987609,60.6014393],[35.2744245,60.3362655],[35.1626278,60.2560323],[35.1850049,60.245507],[35.1555019,60.1519273],[35.2139537,60.0740126],[35.1401379,60.042845],[35.1455546,60.0207795],[35.4463858,59.9775933],[35.4471031,59.9167733],[35.3750267,59.8579005],[35.4073514,59.7194252],[35.6152363,59.712406],[35.6055738,59.6143815],[35.4946596,59.6519007],[35.4936867,59.5357015],[35.4094804,59.5300438],[35.5126218,59.5034585],[35.3163168,59.5202749],[35.3182497,59.4864726],[35.4466209,59.4118535],[35.2972053,59.3509296],[35.3962226,59.3175609],[35.2468904,59.3018802],[35.1307657,59.2489553],[34.9160111,59.2403949],[34.927675,59.2133141],[34.8492601,59.2010956],[34.8345926,59.1272535],[34.7190928,59.077804],[34.8971151,59.0491055],[34.8543638,59.005326],[34.9640186,58.9723896],[34.9622712,58.9482699],[35.0501428,58.9496928],[35.0074723,58.9265683],[35.1788602,58.9488188],[35.199426,58.918847],[35.1383088,58.885517],[35.128426,58.8152497],[35.2267712,58.8299274],[35.2244815,58.7913755],[35.2890175,58.7674876],[35.3666833,58.8273813],[35.3448048,58.8424067],[35.4614278,58.8611231],[35.5525671,58.8473331],[35.5792604,58.8103159],[35.7563303,58.8423178],[35.8287758,58.8126633],[35.7449925,58.8221298],[35.7832029,58.7536981],[35.9734427,58.7492567],[35.9164765,58.7393765],[35.9958892,58.7350225],[35.9709113,58.7225837],[35.9952289,58.7040589],[36.019766,58.7283734],[36.1111389,58.7224373],[36.1535565,58.6328272],[36.1276886,58.6239724],[36.2289187,58.6001787],[36.1997836,58.5353601],[36.1734051,58.5355377],[36.2192512,58.5021982],[36.2654562,58.5206926],[36.3497902,58.4773149],[36.3912991,58.5192963],[36.503051,58.5154785],[36.5437549,58.5597088],[36.507854,58.5805891],[36.5851796,58.601252],[36.5870921,58.6266872],[36.6305044,58.6192547],[36.6636796,58.7017485],[36.8291932,58.7421068],[36.7654467,58.8009437],[37.0709593,58.8631393],[37.1917457,58.8200684],[37.1988245,58.7515935],[37.2761615,58.6814401],[37.3196971,58.6958344],[37.2842655,58.6480637],[37.3648949,58.646456],[37.4139735,58.5834688],[37.6280474,58.4830954],[37.71639,58.5546368],[37.7121462,58.6256771],[37.8968179,58.6113194],[37.9548165,58.6774966],[38.0229711,58.6894458],[37.9834815,58.7071152],[38.0645543,58.730111],[38.412961,58.726816],[38.4869108,58.6998903],[38.5652212,58.7517119],[38.5572912,58.7728275],[38.6871905,58.7279625],[38.719124,58.7536022],[38.9232629,58.7333315],[38.9200875,58.8071583],[39.0360621,58.8556553],[38.9262167,58.8969671],[38.989808,58.9560117],[39.0238179,58.9280684],[39.1241245,58.9509897],[39.2425205,58.8949327],[39.3342663,58.9261631],[39.3778334,58.8832788],[39.4308407,58.9056769],[39.5714039,58.8758566],[39.6041195,58.9049253],[39.7197302,58.8204385],[39.793261,58.8370574],[39.8709576,58.7524058],[40.0200751,58.7412227],[40.0484921,58.656204],[40.1302279,58.6427459],[40.0808676,58.6027374],[40.2040018,58.5492585],[40.4694087,58.5382287],[40.6822836,58.5938288],[40.9976265,58.5842985],[41.0915604,58.6485831],[41.1653648,58.6569489],[41.1894114,58.712239],[41.2206638,58.7133262],[41.2300566,58.7410445],[41.1558851,58.8030865],[41.221765,58.8195003],[41.1995477,58.848404],[41.2588102,58.8381784],[41.2711076,58.8869297],[41.1817115,58.8954041],[41.1900058,58.9560259],[41.3054874,58.9912396],[41.3490271,58.9519442],[41.7285204,59.1109051],[41.9068414,59.0735503],[41.948905,59.0786427],[41.9270848,59.1017081],[41.9586914,59.1223817],[42.0574483,59.1228948],[42.0382645,59.136328],[42.0903393,59.1559197],[42.0986631,59.2498199],[42.0291996,59.2419639],[41.8939433,59.2930057],[41.9622001,59.2817075],[41.986462,59.3929004],[42.0348625,59.4295489],[42.216254,59.4084831],[42.2027667,59.3275476],[42.2792226,59.2615375],[42.5076838,59.338405],[42.5570649,59.3134556],[42.636381,59.3281847],[42.6734752,59.3151408],[42.6527799,59.3005117],[42.6832341,59.2737415],[42.6549281,59.2643086],[42.6923988,59.2235034],[42.8665321,59.1611727],[42.9089787,59.2006362],[43.0281811,59.2028966],[43.0844823,59.2501429],[43.1408467,59.2491462],[43.1438182,59.2925476],[43.21068,59.2358796],[43.2639191,59.2469369],[43.3345686,59.1981447],[43.3825706,59.2044064],[43.3374304,59.2661581],[43.5040479,59.3058877],[43.5084544,59.2595466],[43.5442958,59.2573135],[43.5570651,59.2176895],[43.5253884,59.2075765],[43.5349616,59.1785],[43.6108971,59.1898009],[43.6369287,59.2176174],[43.6092634,59.2345496],[43.7763773,59.268368],[43.9481697,59.2080917],[44.1711079,59.2373288],[44.2077736,59.2256995],[44.1902208,59.1701201],[44.286491,59.173273],[44.3526293,59.1325408],[44.40025,59.1586912],[45.0396438,59.1218125],[45.0562626,59.1982976],[45.3338961,59.1838839],[45.3404683,59.2160421],[45.6059676,59.1771359],[45.6921591,59.1993307],[45.9790284,59.1716485],[46.020292,59.3239468],[46.1630718,59.3136122],[46.1657655,59.353715],[46.368871,59.3424842],[46.4089108,59.6186453],[47.1178224,59.5989686],[47.1528776,59.7522331],[46.9223493,59.7654974],[47.0347724,60.1263806],[46.9205868,60.1232278],[46.8908201,60.0757953],[46.7788338,60.0410489],[46.6515021,60.0846646],[46.5983077,60.0645135],[46.4978848,60.1063052],[46.3526854,60.1104492],[46.3779758,60.1320925],[46.3265612,60.1661732],[46.3408215,60.2073032],[46.2637837,60.2371544],[46.4158222,60.2689163],[46.7630253,60.2336791],[46.8163414,60.2974479],[46.794365,60.3247292],[46.8435366,60.3582309],[46.7584567,60.3647805],[46.7793515,60.3960429],[46.8717273,60.4142044],[46.8356544,60.432903],[46.8887545,60.4541333],[46.8738358,60.513505],[47.0380226,60.5446036],[47.0016183,60.5577049],[47.0131406,60.6245411],[46.9602905,60.6518867],[47.0060893,60.6699414],[46.9764842,60.6923302],[47.0156134,60.7086812],[46.9829508,60.7218142],[47.0330801,60.7256826],[47.0721637,60.8444806]],[[38.6845352,58.7790767],[38.700425,58.805354],[38.7265289,58.7785567],[38.6845352,58.7790767]]]}},{"type":"Feature","properties":{"name":"Yaroslavl Oblast"},"geometry":{"type":"MultiPolygon","coordinates":[[[[40.9300717,58.5763356],[40.6944401,58.5943234],[40.4694087,58.5382287],[40.2040018,58.5492585],[40.0808676,58.6027374],[40.1302279,58.6427459],[40.0484921,58.656204],[40.0200751,58.7412227],[39.8709576,58.7524058],[39.793261,58.8370574],[39.7197302,58.8204385],[39.6041195,58.9049253],[39.5714039,58.8758566],[39.4308407,58.9056769],[39.3778334,58.8832788],[39.3342663,58.9261631],[39.2425205,58.8949327],[39.1241245,58.9509897],[39.0238179,58.9280684],[38.989808,58.9560117],[38.9262167,58.8969671],[39.0360621,58.8556553],[38.9200875,58.8071583],[38.9232629,58.7333315],[38.719124,58.7536022],[38.6871905,58.7279625],[38.5572912,58.7728275],[38.5652212,58.7517119],[38.4869108,58.6998903],[38.412961,58.726816],[38.0645543,58.730111],[37.9834815,58.7071152],[38.0229711,58.6894458],[37.9548165,58.6774966],[37.8968179,58.6113194],[37.7121462,58.6256771],[37.71639,58.5546368],[37.6280474,58.4830954],[37.6651223,58.4507849],[37.5409897,58.4157895],[37.5265032,58.3828832],[37.4180513,58.3907305],[37.4274172,58.3717083],[37.3656342,58.3418724],[37.4351021,58.2760025],[37.3279086,58.2366444],[37.5828353,58.1618916],[37.5834277,58.1362112],[37.7149825,58.0779877],[37.5136305,58.0411753],[37.5369625,57.986414],[37.4990233,57.9686098],[37.3540078,57.9900455],[37.3619362,57.9492076],[37.4932898,57.9085337],[37.3585007,57.9050054],[37.3312441,57.8793432],[37.4338307,57.8692765],[37.3802192,57.8204457],[37.4889265,57.8114976],[37.6491681,57.7030034],[37.6318927,57.6614065],[37.8206865,57.62016],[37.8576699,57.5796996],[37.8005823,57.501326],[37.8522958,57.4708427],[37.8043095,57.4436146],[37.8659902,57.4267618],[37.8711144,57.3991638],[38.0167971,57.3362861],[38.3025819,57.3586358],[38.3134268,57.2599137],[38.1497269,57.225286],[38.1616225,57.1709925],[38.2492087,57.1111427],[38.2053931,57.0732155],[38.2525653,57.0739168],[38.2581814,57.0421342],[38.2206792,56.9846902],[38.1299555,56.9640931],[38.1975351,56.9507999],[38.1941995,56.9025335],[38.1000713,56.8553097],[38.1521719,56.8458189],[38.1142637,56.8202177],[38.2286981,56.8245169],[38.2982901,56.7658674],[38.3181307,56.658578],[38.422891,56.7008902],[38.43697,56.6534655],[38.5622591,56.6138018],[38.5317087,56.5901816],[38.5803693,56.5343441],[38.6143728,56.5794239],[38.7153803,56.5972124],[38.7650643,56.5721089],[38.7705369,56.6105781],[38.8546479,56.6013729],[38.8552495,56.5675309],[38.972406,56.5352275],[39.1634723,56.580688],[39.2730244,56.5366738],[39.2943091,56.5859364],[39.332853,56.5955854],[39.3159415,56.6743651],[39.3684818,56.6952336],[39.3417025,56.751296],[39.4053191,56.7724164],[39.3740366,56.8199614],[39.4004257,56.864658],[39.4708438,56.8585849],[39.4846769,56.8767135],[39.4393821,56.906599],[39.5534212,56.9599244],[39.5553297,56.9987645],[39.519802,57.0159502],[39.6058105,57.0294049],[39.6576105,57.0826657],[39.7650777,57.0765804],[39.7737503,57.1052983],[39.8575827,57.0848417],[39.8216463,57.1431047],[39.8533345,57.1741903],[39.9368324,57.1671225],[40.031508,57.2087308],[40.1502209,57.1908299],[40.2435296,57.246199],[40.1829323,57.2634175],[40.4388737,57.2891634],[40.4469013,57.3788034],[40.3901028,57.3987284],[40.4446484,57.4205818],[40.4056299,57.4934517],[40.5070378,57.5107909],[40.4426037,57.5344827],[40.4477373,57.5594152],[40.5918241,57.5975205],[40.6319845,57.5688201],[40.718094,57.6621025],[40.655755,57.6970053],[40.6775405,57.7293917],[40.6470845,57.7275182],[40.6574685,57.7593144],[40.6133069,57.7812114],[40.6511894,57.7990449],[40.6221099,57.8451184],[40.6397113,57.8630826],[40.5976725,57.8971095],[40.6759877,57.9855599],[40.823426,58.0195649],[40.7708079,58.0610069],[40.896585,58.1083048],[40.8826574,58.1777793],[40.9065428,58.1989608],[40.9584593,58.193351],[41.03652,58.2834498],[41.1934982,58.3410022],[41.1481531,58.3753003],[41.1785501,58.382546],[41.0483412,58.441757],[41.1038093,58.4631485],[41.0416549,58.484808],[41.0580903,58.5067331],[41.0192011,58.5417391],[40.9300717,58.5763356]]],[[[38.6845352,58.7790767],[38.7265289,58.7785567],[38.700425,58.805354],[38.6845352,58.7790767]]]]}},{"type":"Feature","properties":{"name":"Voronezh Oblast"},"geometry":{"type":"Polygon","coordinates":[[[42.880894,51.2330252],[42.9473374,51.2672198],[42.8581063,51.3166729],[42.8601836,51.3970615],[42.8325327,51.3924617],[42.7504497,51.4924119],[42.5661247,51.5380442],[42.4828178,51.6313687],[42.3442934,51.5880843],[42.2983511,51.6192608],[42.2652789,51.6016572],[42.2683727,51.6626828],[42.3078232,51.6896231],[42.2291416,51.7191986],[42.1191165,51.7304762],[42.1392956,51.6304598],[42.0990682,51.6277418],[42.0200647,51.6679308],[41.8388894,51.6740301],[41.8538293,51.7137844],[41.7331939,51.7058097],[41.7228388,51.7362038],[41.6359089,51.7329958],[41.4821914,51.804557],[41.462097,51.8016311],[41.4814135,51.7697217],[41.3071156,51.8019484],[41.2807077,51.7919689],[41.2961993,51.7383011],[41.0063787,51.7156623],[40.9694032,51.7467576],[40.8819312,51.7389077],[40.9462601,51.8890081],[40.8456971,51.9219825],[40.8120282,51.8934498],[40.752964,51.9373035],[40.3540185,51.965474],[40.3003625,51.9352586],[40.221411,51.9759883],[40.1553408,51.9614979],[40.1322344,51.9995356],[40.0424667,51.9522193],[39.9130433,51.9828354],[39.8751932,51.9342107],[39.8161244,51.9202915],[39.4878819,51.9778947],[39.51724,52.0208351],[39.4731718,52.0735494],[39.2994071,52.1030461],[39.2315025,52.073442],[39.1454784,52.0826973],[39.1757748,52.0648072],[39.0932388,52.0450235],[39.1036816,51.9933967],[39.073572,51.9831598],[39.0150115,51.9848125],[38.877206,52.0965504],[38.8110067,52.0841447],[38.7867778,52.0292042],[38.7067694,52.0982417],[38.6350959,52.0388494],[38.5555474,52.0555312],[38.3206399,51.9836084],[38.2926106,51.9659404],[38.3183869,51.919466],[38.4291178,51.9447498],[38.4484924,51.9219444],[38.410039,51.8648008],[38.4453187,51.8319353],[38.3990563,51.7820032],[38.4632656,51.7402352],[38.5192703,51.7479711],[38.4451595,51.691451],[38.2241857,51.6999483],[38.2347338,51.6589855],[38.1611897,51.6704203],[38.1377516,51.632316],[38.2980023,51.5214561],[38.2805332,51.4930345],[38.3185115,51.4448403],[38.2804821,51.4348523],[38.2934668,51.3940891],[38.37615,51.3879748],[38.330237,51.3476144],[38.3585493,51.3031486],[38.2890021,51.2964678],[38.3352773,51.2561434],[38.4342917,51.28578],[38.4559602,51.2167439],[38.5193896,51.2110233],[38.52222,51.1634951],[38.3803527,51.1502075],[38.4072499,51.1300243],[38.3876861,51.0770564],[38.5121817,51.0734833],[38.5020007,51.0493613],[38.6332579,50.9982368],[38.6993554,51.0221275],[38.6892624,51.0597884],[38.8034955,51.0766927],[38.8645878,51.0059231],[38.8047842,50.9838526],[38.8912044,50.9370826],[38.8681907,50.9204702],[38.8896615,50.8918987],[38.7743587,50.9179291],[38.7261054,50.900035],[38.7503456,50.8750509],[38.7209359,50.877304],[38.7414787,50.8518224],[38.7114818,50.7919797],[38.8466481,50.7892908],[38.7942756,50.7784743],[38.7789868,50.7189654],[38.9885407,50.6981168],[38.9648517,50.6532679],[39.1192702,50.6245934],[39.0457159,50.6186486],[39.0836194,50.606249],[39.0810082,50.5307497],[39.1253305,50.534467],[39.1270462,50.5072778],[39.0475484,50.4921955],[38.9814478,50.4386177],[39.1015948,50.339723],[39.0343823,50.2874013],[39.1177916,50.2680591],[39.1033285,50.2386923],[39.1381669,50.2250593],[39.1395386,50.188403],[39.1164411,50.156293],[39.1950162,50.0893708],[39.2385258,50.1021292],[39.2070973,50.0755466],[39.2184604,50.0467387],[39.2807694,50.0353952],[39.2059238,49.969683],[39.1873893,49.9431807],[39.2114292,49.9265934],[39.1774939,49.8978643],[39.25089,49.77648],[39.36521,49.73991],[39.44366,49.76],[39.61052,49.73373],[39.59129,49.71828],[39.6579,49.61666],[39.80604,49.55795],[40.0649602,49.5989679],[40.1606702,49.643123],[40.5358007,49.5778374],[40.5931116,49.6337778],[40.639862,49.6370895],[40.6159514,49.6435867],[40.6369672,49.6729919],[40.9210054,49.7004876],[41.0407903,49.799562],[41.083709,49.9452127],[41.3843499,50.0811105],[41.3729917,50.1278976],[41.2889344,50.1632396],[41.3502546,50.2144769],[41.4009945,50.2028059],[41.3821541,50.2272099],[41.5221765,50.362572],[41.420479,50.4988927],[41.5390969,50.5743815],[41.5173405,50.6089733],[41.447823,50.6062207],[41.3466781,50.711609],[41.1681048,50.7745133],[41.4205342,50.832276],[41.4283371,50.915927],[41.4688968,50.9488929],[41.7743804,51.016145],[41.8200002,51.1184102],[41.9280966,51.1941254],[42.1747429,51.1358761],[42.5530006,51.1447353],[42.7083918,51.2476078],[42.880894,51.2330252]]]}},{"type":"Feature","properties":{"name":"Yamalo-Nenets Autonomous Okrug"},"geometry":{"type":"MultiPolygon","coordinates":[[[[71.6348499,66.8939399],[71.60832,66.90168],[71.6348499,66.8939399]]],[[[71.4690225,66.8926192],[71.3912524,66.8998196],[71.4690225,66.8926192]]],[[[79.1643501,67.5076201],[79.09459,67.5283001],[79.1643501,67.5076201]]],[[[78.68806,67.51546],[78.6183801,67.5307],[78.68806,67.51546]]],[[[71.3810199,66.9156199],[71.4203501,66.92769],[71.3810199,66.9156199]]],[[[79.1003,67.5322001],[79.12052,67.5467601],[79.1003,67.5322001]]],[[[79.09603,67.5186],[79.0809701,67.54783],[78.99189,67.5569801],[79.09603,67.5186]]],[[[78.9859201,67.5406699],[79.0117299,67.54393],[78.9515701,67.5511099],[78.9859201,67.5406699]]],[[[78.7499,67.5312979793848],[78.6082501,67.55485],[78.7017699,67.5119501],[78.7499,67.5312979793848]]],[[[78.58544,67.5422299],[78.6368049,67.5332661],[78.5263101,67.5607799],[78.58544,67.5422299]]],[[[78.71007,67.56894],[78.6619799,67.55972],[78.7457701,67.5445401],[78.71007,67.56894]]],[[[78.62902,67.5846999],[78.66158,67.5909199],[78.62902,67.5846999]]],[[[78.9482699,67.5583499],[78.9913899,67.56286],[78.8722099,67.58538],[78.9482699,67.5583499]]],[[[78.8212701,67.5818901],[78.85189,67.5730901],[78.7745701,67.59763],[78.8212701,67.5818901]]],[[[78.84048,67.61732],[78.7821699,67.61666],[78.87448,67.59743],[78.84048,67.61732]]],[[[77.33124,68.47484],[77.2732799,68.47971],[77.33124,68.47484]]],[[[67.32514,68.76319],[67.40807,68.7720499],[67.3064099,68.81478],[67.17561,68.8149501],[67.32514,68.76319]]],[[[69.16346,68.9423401],[69.0434101,68.92495],[69.16346,68.9423401]]],[[[65.85136,69.07716],[65.8639099,69.09953],[65.8377601,69.0970101],[65.85136,69.07716]]],[[[65.9462799,69.06903],[65.89929,69.07995],[65.9462799,69.06903]]],[[[67.6100568,69.4686329],[67.5819051,69.4753654],[67.6100568,69.4686329]]],[[[66.77239,70.4163499],[66.89912,70.3848799],[66.69319,70.4493699],[66.77239,70.4163499]]],[[[66.65276,70.45563],[66.6052001,70.4799399],[66.65276,70.45563]]],[[[67.1785401,69.41612],[66.9282901,69.4567899],[67.0812501,69.36636],[67.0530301,69.38177],[67.16718,69.36179],[67.1785401,69.41612]]],[[[67.21819,69.5691701],[67.03032,69.47152],[67.26578,69.4336301],[67.37605,69.5093501],[67.34979,69.5801701],[67.21819,69.5691701]]],[[[66.16568,69.06563],[66.54804,68.9150001],[66.21873,69.06471],[65.9730401,69.0876701],[66.16568,69.06563]]],[[[74.7492001,69.07416],[74.7905601,69.07315],[74.72927,69.0775301],[74.7492001,69.07416]]],[[[66.5429301,70.51747],[66.62062,70.49855],[66.50665,70.5446],[66.5429301,70.51747]]],[[[66.4979101,70.57184],[66.43138,70.63587],[66.5025999,70.5463299],[66.4979101,70.57184]]],[[[66.52697,70.5917999],[66.55744,70.60052],[66.49263,70.59274],[66.52697,70.5917999]]],[[[78.54486,70.9186],[78.5845899,70.92616],[78.54486,70.9186]]],[[[66.7501601,70.98296],[66.65995,70.99642],[66.7501601,70.98296]]],[[[66.79859,71.0620401],[66.7956699,71.0880799],[66.72492,71.09312],[66.6242101,71.00006],[66.65529,71.02466],[66.8048801,70.99154],[66.8148999,71.01442],[66.75514,71.0425999],[66.79859,71.0620401]]],[[[66.5061599,70.85965],[66.56972,70.9262199],[66.4551001,70.82929],[66.5061599,70.85965]]],[[[66.70066,70.9703399],[66.6188801,70.9987099],[66.5462999,70.93537],[66.60858,70.9217401],[66.61361,70.96438],[66.70066,70.9703399]]],[[[67.97129,71.51329],[68.00863,71.5387899],[67.97129,71.51329]]],[[[76.9093801,72.1793601],[76.8919001,72.19398],[76.9195099,72.20147],[76.8823601,72.2104199],[76.9093801,72.1793601]]],[[[75.70675,72.20157],[75.7280399,72.22526],[75.6852199,72.2059],[75.70675,72.20157]]],[[[75.6761901,72.2099401],[75.7168099,72.23591],[75.6761901,72.2099401]]],[[[77.27729,72.2243099],[77.31131,72.2342901],[77.1972001,72.2267499],[77.27729,72.2243099]]],[[[77.0254,72.22668],[76.98183,72.2380799],[77.0254,72.22668]]],[[[78.44576,71.06278],[78.48092,71.08333],[78.40829,71.07825],[78.44576,71.06278]]],[[[78.36854,71.08076],[78.39845,71.0870601],[78.36854,71.08076]]],[[[66.4495601,70.6445701],[66.42137,70.6899499],[66.43051,70.63663],[66.4495601,70.6445701]]],[[[67.3612001,70.6861899],[67.4061299,70.69911],[67.3612001,70.6861899]]],[[[67.4999,70.69920533609977],[67.5217599,70.69778],[67.41844,70.7048401],[67.4999,70.69920533609977]]],[[[67.38205,70.7054199],[67.4249199,70.71077],[67.38205,70.7054199]]],[[[66.47155,70.8070101],[66.4212101,70.69123],[66.4654,70.7146101],[66.4267701,70.7202099],[66.47155,70.8070101]]],[[[76.37497707960482,73.1251],[76.6967199,73.13245],[76.6009799,73.1691],[76.1131201,73.19014],[76.18968,73.14736],[76.37497707960482,73.1251]]],[[[71.5152437,73.1425396],[71.548069,73.1464949],[71.5152437,73.1425396]]],[[[69.98998424404972,73.1251],[69.941698,73.0516788],[69.96182,73.0090248],[70.1063986,72.9985263],[70.1382269,73.0053435],[70.022437,73.0499191],[70.0907517,73.0782912],[70.1783191,73.0628245],[70.1939435,73.0226036],[70.4149516,73.0117019],[70.9570012,73.1151942],[71.0926726,73.0958847],[71.3704569,73.1546457],[71.6825617,73.1573312],[71.604496,73.2387994],[71.437791,73.3176977],[71.461645,73.3071067],[71.4317621,73.2983554],[71.5264771,73.2805799],[71.3183118,73.2733427],[71.2806889,73.2536445],[71.3049375,73.2123407],[71.2825658,73.2055216],[71.2975289,73.2204926],[71.2472857,73.2555913],[70.9285101,73.2451101],[71.147534,73.2873609],[71.0848605,73.3362313],[71.0309947,73.3316732],[71.1356448,73.3652533],[71.0788395,73.3911277],[71.0980265,73.4252518],[71.2660966,73.4081467],[70.8193796,73.4770855],[70.7544399,73.44451],[70.7757263,73.472627],[70.5372814,73.4534312],[70.5932001,73.4456701],[70.0800453,73.3460476],[70.0447431,73.3066613],[70.2187147,73.2915787],[70.0464226,73.3024349],[70.0371128,73.2007784],[69.98998424404972,73.1251]]],[[[71.1838712,73.3576684],[71.1536387,73.3479506],[71.1756298,73.3180222],[71.1326684,73.2659646],[71.2591393,73.2693361],[71.2124191,73.2989686],[71.2937124,73.304014],[71.2192448,73.3101762],[71.2453258,73.3147476],[71.1838712,73.3576684]]],[[[76.039005,73.5224301],[75.592205,73.5032851],[75.4239633,73.4432341],[75.3680097,73.3889051],[75.4018669,73.3669384],[75.444584,73.4317298],[75.5801028,73.4773071],[75.5992006,73.4308086],[75.5601502,73.4246788],[75.8840622,73.4295223],[75.919124,73.4372478],[75.8800039,73.4493246],[75.8897839,73.4794792],[76.1065994,73.516478],[76.039005,73.5224301]]],[[[76.0896741,73.5129432],[76.0473144,73.4863935],[76.3178951,73.482339],[76.7518005,73.3972195],[76.589862,73.4568072],[76.0896741,73.5129432]]],[[[70.0401475,73.3329983],[70.16126,73.37492],[70.0103118,73.3771433],[70.0401475,73.3329983]]],[[[71.3584237,73.3228132],[71.3224568,73.358896],[71.2017593,73.3598871],[71.2264528,73.321052],[71.3783538,73.3135536],[71.3584237,73.3228132]]],[[[71.3517046,73.3580185],[71.2543743,73.3766776],[71.3517046,73.3580185]]],[[[70.2238218,73.3896109],[70.1818919,73.3798311],[70.2238218,73.3896109]]],[[[70.176707,73.3820828],[70.5222936,73.4516439],[70.1215968,73.3970587],[70.176707,73.3820828]]],[[[78.48494503865368,72.3666945044762],[78.38396,72.38009],[78.2987401,72.3541401],[78.4210599,72.32087],[78.48494503865368,72.3666945044762]]],[[[77.8672899,72.33209],[78.23586,72.4407401],[78.19631,72.4472199],[78.35327,72.4518],[78.35449,72.4753399],[78.1756,72.55831],[77.6234699,72.60079],[77.36368,72.5280399],[77.23672,72.4384101],[77.2600201,72.4364199],[76.9663099,72.36577],[76.86583,72.3043],[76.94355,72.27084],[77.6271399,72.28525],[77.59204,72.3000001],[77.61564,72.3065401],[77.5963201,72.2995601],[77.8032499,72.28727],[77.8672899,72.33209]]],[[[74.7662,72.7970701],[74.7806701,72.8280901],[74.74341,72.8096499],[74.7662,72.7970701]]],[[[72.7934199,72.60536],[72.8456799,72.61371],[72.7934199,72.60536]]],[[[72.87629,72.60877],[72.9817191,72.5459303],[72.9042499,72.61923],[72.9606887,72.6644726],[72.8421001,72.68084],[72.8253801,72.6598507],[72.87629,72.60877]]],[[[70.9876601,72.8145201],[70.93505,72.8078799],[71.05908,72.8115101],[71.11068,72.85648],[71.0455901,72.88195],[70.96859,72.8482787],[71.0461301,72.8379801],[70.9876601,72.8145201]]],[[[74.6911701,72.8467899],[74.7272603,72.8566661],[74.6911701,72.8467899]]],[[[74.33594,73.1059399],[74.1527401,73.0501299],[74.1220713,73.006586],[74.22631,73.00826],[74.1792001,72.97357],[74.15716,72.97747],[74.1844351,72.9932609],[74.1108645,72.9952793],[74.5307447,72.8685934],[74.59374,72.88584],[74.5331099,72.86938],[74.6431317,72.836396],[74.68311,72.85548],[74.6427001,72.8546401],[74.6896301,72.8837701],[74.62454,72.94176],[74.68893,72.98666],[74.6835399,73.04017],[74.75564,73.0761201],[74.33594,73.1059399]]],[[[71.12092,72.84436],[71.1521239,72.8531681],[71.1343199,72.8835899],[71.1035101,72.86908],[71.12092,72.84436]]],[[[70.99082,72.86574],[70.95302,72.8728801],[70.99082,72.86574]]],[[[71.0013607,72.865145],[71.0272378,72.8777003],[71.0013607,72.865145]]],[[[71.15527,72.8703301],[71.1879299,72.8820001],[71.15527,72.8703301]]],[[[72.28352,66.30477],[72.3917399,66.3405901],[72.3532599,66.3506399],[72.28352,66.30477]]],[[[72.2523099,66.32668],[72.31573,66.34402],[72.22566,66.3174999],[72.2531801,66.30388],[72.22855,66.3177001],[72.2523099,66.32668]]],[[[72.19032,66.33743],[72.2472901,66.3518599],[72.20645,66.3639699],[72.19032,66.33743]]],[[[70.0834701,66.4392299],[70.02384,66.43427],[70.0280001,66.4112199],[70.10634,66.4290901],[70.0834701,66.4392299]]],[[[70.8923999,66.4370199],[70.93261,66.4445799],[70.8709616,66.4397746],[70.8923999,66.4370199]]],[[[69.88374,66.46516],[69.80161,66.5069],[69.88374,66.46516]]],[[[70.0525899,66.47985],[70.07221,66.4896801],[70.0525899,66.47985]]],[[[70.6220199,66.5052799],[70.5392099,66.5236299],[70.6220199,66.5052799]]],[[[70.1201699,66.5167001],[70.15201,66.5259301],[69.98881,66.5339499],[70.0410299,66.4942401],[70.0859499,66.5110599],[70.06864,66.52601],[70.1201699,66.5167001]]],[[[71.6389,66.68997],[71.6372999,66.7233901],[71.6389,66.68997]]],[[[69.4335301,66.6919201],[69.39766,66.70889],[69.3915199,66.6882],[69.4335301,66.6919201]]],[[[71.4197099,66.6808299],[71.46157,66.70576],[71.4197099,66.6808299]]],[[[71.4263601,66.6105],[71.37554,66.6142199],[71.4263601,66.6105]]],[[[71.4956499,66.6273301],[71.5285599,66.6310199],[71.44921,66.6333],[71.4956499,66.6273301]]],[[[69.3790899,66.6353],[69.33808,66.6504799],[69.4128,66.6296],[69.3790899,66.6353]]],[[[69.33942,66.6307899],[69.37258,66.63072],[69.3122699,66.64798],[69.33942,66.6307899]]],[[[69.36444,66.6463301],[69.4089501,66.6497999],[69.3408101,66.66198],[69.36444,66.6463301]]],[[[70.1235001,66.61896],[70.102,66.64187],[70.0892,66.6220199],[70.1235001,66.61896]]],[[[71.3671399,66.6173],[71.44047,66.62627],[71.32549,66.6228999],[71.3671399,66.6173]]],[[[71.04663,66.55644],[71.0176801,66.54403],[71.13148,66.55736],[71.04663,66.55644]]],[[[71.015525,66.58709557923281],[71.07111,66.5727499],[71.0317901,66.5635399],[71.1306301,66.5699],[71.015525,66.58709557923281]]],[[[70.12442,66.53968],[70.1649601,66.54246],[70.1002,66.55801],[70.12442,66.53968]]],[[[69.609275,66.57435079568839],[69.67932,66.5690899],[69.5759699,66.5996699],[69.609275,66.57435079568839]]],[[[70.02015,66.5787599],[70.0356,66.54081],[70.0712499,66.5418499],[70.0490001,66.5619401],[70.10555,66.5411],[70.02015,66.5787599]]],[[[70.7657501,66.5079499],[70.68388,66.5103799],[70.98795,66.5375099],[70.62051,66.51642],[70.71968,66.49042],[70.7657501,66.5079499]]],[[[69.7225801,66.5328499],[69.9297299,66.49801],[69.84406,66.5025801],[69.8853601,66.47499],[69.96611,66.4944601],[69.90652,66.5111799],[69.9259599,66.51669],[70.00204,66.4881],[69.94981,66.5372601],[69.7471899,66.58349],[69.67005,66.5589],[69.7225801,66.5328499]]],[[[71.3243001,66.5793001],[71.3749199,66.59095],[71.29493,66.5849799],[71.3243001,66.5793001]]],[[[71.15152,66.57371],[71.18799,66.5790899],[71.1315301,66.58038],[71.15152,66.57371]]],[[[70.0012199,66.57146],[70.0232001,66.58257],[69.9854101,66.59406],[70.0012199,66.57146]]],[[[70.1034801,66.5596499],[70.0188899,66.59513],[70.1034801,66.5596499]]],[[[70.3126,66.57266068187499],[70.2593501,66.60694],[70.3126,66.57266068187499]]],[[[70.3126,66.58408132530121],[70.60248,66.51034],[70.93995,66.5473099],[70.65044,66.55378],[70.6824901,66.5561701],[70.5388,66.6173201],[70.6441,66.55837],[70.7983599,66.5335299],[71.0119299,66.5522901],[70.89657,66.5846699],[71.0139001,66.5686301],[70.5952001,66.6769001],[70.4156501,66.65138],[70.4637099,66.6138601],[70.39792,66.64553],[70.29809,66.6342399],[70.3126,66.58408132530121]]],[[[71.17297,66.60948],[71.1118501,66.6098],[71.17297,66.60948]]],[[[71.5174,66.6638199],[71.5696801,66.6702699],[71.48283,66.6729399],[71.5174,66.6638199]]],[[[69.2956801,66.66195],[69.33619,66.6535601],[69.3148001,66.69475],[69.2850199,66.6874],[69.2956801,66.66195]]],[[[70.0446799,66.61951],[70.08229,66.61861],[70.0807199,66.64151],[69.99027,66.66742],[70.09412,66.65343],[69.95413,66.70011],[69.97349,66.63428],[70.0446799,66.61951]]],[[[70.1583199,66.64786],[70.12712,66.67033],[70.1583199,66.64786]]],[[[70.13069,66.6495899],[70.10119,66.68177],[69.9972099,66.6954999],[70.13069,66.6495899]]],[[[68.7393501,66.7808899],[68.7930401,66.7895401],[68.7393501,66.7808899]]],[[[71.4735001,66.8505],[71.49338,66.8541599],[71.4174601,66.86889],[71.4735001,66.8505]]],[[[71.4628401,66.86411],[71.5433599,66.85963],[71.4433801,66.8743799],[71.4628401,66.86411]]],[[[71.3457999,66.8678001],[71.45054,66.8809201],[71.3457999,66.8678001]]],[[[70.8669,66.77992],[70.9213001,66.8002399],[70.8357199,66.7874499],[70.8669,66.77992]]],[[[69.609475,66.78472480100582],[69.6548701,66.7867899],[69.5333999,66.8031001],[69.609475,66.78472480100582]]],[[[69.6819001,66.79204],[69.73533,66.7905201],[69.66308,66.8028601],[69.6819001,66.79204]]],[[[69.8019,66.80425],[69.8415501,66.80725],[69.70598,66.80651],[69.8339901,66.8043499],[69.8019,66.80425]]],[[[69.609475,66.79896974672907],[69.3940601,66.84799],[69.2977901,66.8191399],[69.1063301,66.8563699],[69.05525,66.82264],[69.609475,66.79896974672907]]],[[[68.90615,66.79147825927473],[69.062947,66.8153974],[69.0918595,66.8558329],[68.9310823,66.8588317],[68.8065051,66.8032042],[68.90615,66.79147825927473]]],[[[68.90615,66.8314150880464],[68.9256701,66.8620101],[68.85412,66.8700101],[68.8119301,66.8199901],[68.90615,66.8314150880464]]],[[[71.6177001,66.7153999],[71.5963601,66.7307301],[71.6177001,66.7153999]]],[[[69.4404101,66.71568],[69.4084101,66.73443],[69.4823699,66.7303901],[69.40066,66.7347101],[69.4404101,66.71568]]],[[[71.4700601,66.70665],[71.4438201,66.71576],[71.4700601,66.70665]]],[[[71.6042601,66.6799299],[71.63009,66.7012501],[71.53349,66.71801],[71.58678,66.7288401],[71.5226599,66.75967],[71.3310099,66.7294901],[71.5433201,66.72356],[71.5188,66.6902799],[71.6042601,66.6799299]]],[[[70.60031,66.7159699],[70.63963,66.72899],[70.60031,66.7159699]]],[[[70.5605,66.7303099],[70.5309601,66.73367],[70.5849999,66.7392701],[70.51636,66.73279],[70.6086899,66.73545],[70.5605,66.7303099]]],[[[71.015525,66.64650135124684],[70.7092901,66.71253],[70.61782,66.6872799],[70.98982,66.5929701],[71.1002099,66.59768],[71.0349201,66.6095401],[71.09233,66.6187601],[71.015525,66.64650135124684]]],[[[69.60928,66.62026],[69.6283201,66.5845201],[69.7195999,66.57403],[69.67118,66.62448],[69.8185,66.56281],[70.03206,66.54058],[69.9092699,66.5779],[69.98747,66.5649],[69.93088,66.6143399],[69.55333,66.6800399],[69.6236501,66.6928199],[69.5184801,66.7105901],[69.5470699,66.71842],[69.5184,66.73692],[69.54155,66.7309599],[69.54298,66.76726],[69.47187,66.75624],[69.60928,66.62026]]],[[[71.015525,66.70616914376211],[70.8636299,66.7367399],[70.71426,66.7236001],[71.1935799,66.59871],[71.2546001,66.6224],[71.2287001,66.6353],[71.3165599,66.63762],[71.015525,66.70616914376211]]],[[[69.609475,66.70692675058822],[69.82748,66.6205401],[70.0435699,66.60085],[69.9090201,66.63237],[69.9560501,66.64129],[69.9071501,66.6694501],[69.8304499,66.67064],[69.9168201,66.67809],[69.7702701,66.7474001],[69.58737,66.75534],[69.5740799,66.7265099],[69.609475,66.70692675058822]]],[[[69.88675,66.69399],[69.9787599,66.6455],[69.94192,66.7017199],[69.83982,66.71866],[69.88675,66.69399]]],[[[69.3149101,66.67865],[69.4007,66.65775],[69.3453999,66.6671],[69.39122,66.6692699],[69.36998,66.71535],[69.3149101,66.67865]]],[[[71.015525,66.75877175198144],[70.842,66.74159],[71.3464301,66.6264301],[71.5873501,66.6510399],[71.35482,66.6705601],[71.52248,66.6820301],[71.4807499,66.7038],[71.4136099,66.67785],[71.44367,66.71423],[71.015525,66.75877175198144]]],[[[70.3126,66.67536964550115],[70.5798999,66.68997],[70.4441,66.7081601],[70.54248,66.7212801],[70.42376,66.73633],[70.1557301,66.71666],[70.3126,66.67536964550115]]],[[[71.58186,66.73121],[71.58186,66.73121]]],[[[69.21657,66.7568],[69.3064601,66.7252],[69.3340301,66.7323099],[69.2791001,66.73523],[69.3498499,66.754],[69.19248,66.7793299],[69.2847899,66.7797],[69.2687799,66.7966],[69.15853,66.7883201],[69.21657,66.7568]]],[[[69.3807301,66.7422999],[69.43515,66.7474001],[69.3807301,66.7422999]]],[[[69.609475,66.76904757401398],[69.67628,66.7641901],[69.609475,66.76904757401398]]],[[[69.86863,66.7660601],[69.7859899,66.7634299],[69.91074,66.7141799],[69.8732499,66.73178],[70.08064,66.7136199],[69.86863,66.7660601]]],[[[70.3124,66.73039798655466],[70.3662199,66.7308301],[70.3090401,66.7559899],[70.2547099,66.7315001],[70.3124,66.73039798655466]]],[[[70.4918201,66.7493901],[70.5120601,66.75226],[70.40428,66.7519899],[70.53537,66.7420601],[70.4918201,66.7493901]]],[[[70.58016,66.7545299],[70.47723,66.75413],[70.6032101,66.7457399],[70.5531801,66.7475101],[70.58016,66.7545299]]],[[[69.32688,66.7780901],[69.2850299,66.7722901],[69.3483601,66.7401999],[69.5179299,66.77681],[69.45873,66.7973201],[69.32688,66.7780901]]],[[[69.609275,66.77546890009184],[69.70118,66.77457],[69.5801601,66.7788899],[69.609275,66.77546890009184]]],[[[71.015525,66.79599248316454],[70.8394601,66.78548],[70.72891,66.7341799],[71.1137599,66.76427],[71.2760899,66.72659],[71.5355699,66.76548],[71.47759,66.8051199],[71.4993101,66.80392],[71.48826,66.82942],[71.36885,66.8437901],[71.50203,66.84021],[71.41456,66.86587],[71.2379101,66.8616801],[71.015525,66.79599248316454]]],[[[71.6813099,66.87219],[71.7109999,66.88179],[71.6813099,66.87219]]],[[[71.2843818,66.8848418],[71.2573518,66.8706517],[71.4359719,66.9135323],[71.2843818,66.8848418]]],[[[84.4408595,62.1956567],[84.7141077,62.4004964],[84.937841,62.482899],[84.9358403,62.5261776],[84.8949829,62.5527392],[84.9187605,62.5768059],[85.1001681,62.6316832],[85.0645007,62.6673282],[85.1531641,62.7070924],[85.2176988,62.8017342],[85.3615748,62.8778923],[85.5194804,62.9008039],[85.5399315,62.9389554],[85.5029622,62.9816261],[85.6185888,63.0314808],[85.5729115,63.0604762],[85.6002181,63.0644378],[85.570747,63.0992671],[85.5158889,63.114143],[85.502097,63.1810165],[85.5645082,63.2015338],[85.5678726,63.2836843],[85.7067061,63.3574676],[85.6077959,63.3800326],[85.4210987,63.364179],[85.3742218,63.3934273],[85.4203302,63.4344675],[85.2980738,63.5249594],[85.2316546,63.495216],[85.2212488,63.5229351],[85.0817146,63.5320658],[85.0559585,63.5612462],[85.0837829,63.566966],[85.0232345,63.5811636],[85.0620472,63.5964485],[85.1452574,63.5627333],[85.1801693,63.6102075],[85.3025406,63.6476491],[85.3331546,63.7560408],[85.3824226,63.770933],[85.3262186,63.7995027],[85.3871769,63.8339951],[85.3660934,63.8549945],[85.4812674,63.8700055],[85.5062126,63.9282714],[85.9677755,64.0495467],[85.9305292,64.122539],[85.9829656,64.1787613],[86.007285,64.2720845],[85.921623,64.4316463],[85.8042869,64.496899],[85.907891,64.5765261],[85.8193722,64.6799252],[85.8337133,64.7843345],[85.5296228,64.8525828],[85.364297,64.795039],[85.1332827,64.763997],[85.1092902,64.800335],[85.1317971,64.8270573],[84.9448632,64.8364238],[84.9224652,64.8633202],[85.032414,64.9151269],[84.9212581,64.9541489],[84.5871941,64.9082202],[84.4078738,64.9277648],[84.3818678,64.8992426],[84.27232,64.9352909],[84.3542876,64.977971],[84.3255543,64.9956966],[84.3609682,64.9948437],[84.3947378,65.0573003],[84.3504524,65.0509319],[84.3324508,65.0892416],[84.3007653,65.0586919],[84.2840929,65.1021044],[84.3917243,65.2076659],[84.535386,65.2394706],[84.5546567,65.2694707],[84.5512247,65.3493574],[84.4854577,65.4087377],[84.5203543,65.4280426],[84.5075896,65.4797979],[84.4216403,65.5474802],[84.1710534,65.5864304],[84.2827373,65.617595],[84.3027078,65.6841787],[84.1514552,65.6947785],[83.999658,65.7871807],[83.5633949,65.7619789],[83.4735049,65.8145292],[83.5312083,65.8484733],[83.5043842,65.8811589],[83.5514568,65.9027408],[83.3674349,65.9564806],[83.293915,66.0024536],[83.3052086,66.0402927],[83.2669261,66.0435769],[83.3670427,66.082916],[83.3518973,66.119241],[83.542522,66.1836791],[83.25687,66.3757534],[83.1160568,66.4038219],[83.0735483,66.4647689],[83.0905197,66.5946741],[83.3277097,66.658633],[83.2772747,66.6667608],[83.1236805,66.8405982],[82.1171435,67.2339971],[82.211337,67.2487425],[82.1973779,67.2839487],[82.2807966,67.2792697],[82.2255747,67.2994916],[82.3667453,67.3195691],[82.3039943,67.3333239],[82.2905836,67.3542321],[82.3449177,67.356636],[82.2318248,67.409169],[82.2909994,67.4189727],[82.2516321,67.4322492],[82.3172676,67.4459102],[82.2894868,67.4623647],[82.3926462,67.4675026],[82.3406097,67.48987],[82.4003526,67.5024791],[82.3968408,67.5257429],[82.3382394,67.5233891],[82.3708112,67.5556966],[82.2902334,67.5331548],[82.2978881,67.5553768],[82.2621655,67.5377375],[82.113949,67.5963243],[82.0276254,67.644631],[82.105246,67.6779453],[82.057936,67.68449],[82.098844,67.7196739],[81.8704228,67.7853426],[81.7737716,67.8614495],[81.7836169,67.8829408],[81.7245263,67.8939813],[81.7675612,67.9475413],[82.3620374,67.9398936],[82.3979339,67.9711323],[82.3647638,68.0238975],[82.3798248,68.0692271],[82.337415,68.1139323],[82.5522085,68.1670674],[82.5310466,68.2047391],[82.5557129,68.2623095],[82.6397229,68.278564],[82.686904,68.3338768],[82.7146374,68.4025234],[82.6209697,68.5477601],[82.6285153,68.5904134],[82.8378215,68.6418511],[82.870239,68.6844525],[82.8006769,68.7591947],[82.5661883,68.8190596],[82.4937015,68.9716155],[82.314493,69.0498318],[82.4734859,69.0803993],[82.5052096,69.1106179],[82.4551282,69.1159861],[82.4661696,69.1520819],[81.835159,69.1985977],[81.8052566,69.253679],[81.9524601,69.3233234],[81.961172,69.3525488],[81.7143281,69.4551107],[81.6409916,69.413596],[81.6530927,69.367954],[81.6112901,69.3326083],[81.6764598,69.3166102],[81.5855067,69.2695222],[81.4379381,69.2482049],[81.3350783,69.284426],[80.9608669,69.2004272],[80.8983286,69.233507],[80.9313734,69.2378133],[80.7922646,69.2715288],[80.7655187,69.3167865],[80.5388241,69.3056634],[80.2366674,69.3659878],[80.120282,69.3478961],[80.1215318,69.3700754],[79.8243947,69.3455358],[79.8698685,69.3665315],[79.7648814,69.3931932],[79.7954727,69.4244675],[79.6169085,69.4565172],[79.6472585,69.4741845],[79.5853251,69.484629],[79.6266983,69.5063377],[79.5690152,69.5327588],[79.5869784,69.5482837],[79.55472,69.5933969],[79.4475722,69.6078594],[79.5100433,69.6270082],[79.4513695,69.636525],[79.4653861,69.6598877],[79.0453746,69.6936566],[79.1665681,69.7412942],[79.0879411,69.7503329],[79.1245225,69.7866149],[78.9926983,69.810004],[79.0448415,69.8346293],[78.8805286,69.8800997],[78.9904579,69.8865457],[79.2032183,69.9728707],[79.1427601,69.9898709],[79.1704114,70.0058794],[79.1165937,69.9971914],[79.2390845,70.0113943],[79.2001476,70.0329551],[79.2206031,70.0601607],[79.3695044,70.0455579],[79.3220238,70.0870025],[79.3580669,70.1073869],[79.3333721,70.1496505],[79.5496354,70.117016],[79.6513491,70.1894203],[79.6662339,70.2328154],[79.7907498,70.2366569],[79.7303557,70.2590213],[79.7550673,70.2757096],[79.9072513,70.2633327],[80.0133396,70.3280289],[80.1242832,70.3424953],[80.1093655,70.387333],[80.2169419,70.3906013],[80.2172893,70.4346391],[80.6176803,70.4539171],[80.6822757,70.4193841],[80.6445038,70.3980943],[80.7400948,70.3762777],[80.8209368,70.3791847],[80.7856168,70.4080717],[80.8844881,70.4271793],[80.734221,70.4371948],[80.7072335,70.4784915],[80.6361068,70.4886503],[80.7353886,70.5130778],[80.7149961,70.5239794],[80.757659,70.5429828],[80.7147232,70.5676702],[80.7719476,70.5685098],[80.7819309,70.6155152],[80.8217898,70.6313492],[80.6398752,70.6925377],[80.7151958,70.8094683],[80.6387327,70.8330514],[80.5839824,71.0431888],[79.9969629,71.1164619],[79.433874,71.2961421],[79.2202338,71.3074168],[79.1286896,71.3876359],[79.3136368,71.4543358],[79.3716753,71.5283448],[79.3122961,71.5865909],[79.3667138,71.6062369],[79.823935,71.5806773],[79.9707068,71.6036479],[79.9853523,71.6178423],[79.956454,71.6238553],[80.0223731,71.6289482],[80.0183899,71.6551432],[80.1430051,71.6646372],[80.1763896,71.6855415],[80.1077804,71.7206425],[80.1434433,71.7343271],[80.0724965,71.7504269],[80.1482663,71.7574195],[80.0915218,71.7877637],[80.1269638,71.7964085],[80.0395287,71.7995517],[80.0744161,71.8233272],[80.0365383,71.8283613],[80.1637429,71.8355367],[80.182614,71.8650339],[80.2811944,71.8465655],[80.3561768,71.882002],[80.2285104,71.905803],[80.2410392,71.9365661],[80.0666028,71.9473306],[80.090225,71.9572832],[80.0472029,71.9836475],[79.8754903,71.9777706],[79.8714214,72.0205622],[79.7701152,72.0284417],[79.7942909,72.0409244],[79.371037,72.0319698],[79.3865018,72.0533293],[79.1839987,72.0786224],[79.0544548,72.0609011],[78.9917385,72.0930182],[79.0285886,72.1056082],[78.8679734,72.1114777],[78.8924529,72.1306044],[78.5422151,72.2007633],[78.640101,72.2151311],[78.5861805,72.2295529],[78.6578297,72.2449823],[78.5973324,72.2581196],[78.6119114,72.2857398],[78.3060701,72.34734],[78.0906499,72.3558001],[77.88902,72.3066899],[77.7083199,72.19835],[77.7954799,72.18291],[77.4631301,72.20765],[77.5217301,72.17441],[77.3965401,72.0969099],[77.4333401,72.0635499],[77.5308799,72.0526399],[77.8082499,72.0996],[78.05524,72.08671],[78.2410851,71.9630914],[78.1841893,71.8995288],[78.0925564,71.8650168],[77.8266901,71.81246],[77.55629,71.82625],[76.89165,72.0527699],[76.3891801,72.00246],[76.38403,71.9664701],[76.52874,71.9096601],[76.48799,71.9025699],[76.5814199,71.89781],[76.61162,71.86034],[76.57702,71.8971901],[76.48105,71.90062],[76.52388,71.9093],[76.3688599,71.96433],[76.3872801,72.00011],[75.992,71.88646],[76.07875,71.87593],[76.13819,71.73419],[76.2686701,71.66716],[76.28782,71.6436399],[76.2509801,71.6040301],[76.30443,71.5633401],[76.9511999,71.4139299],[77.11945,71.43141],[77.0947001,71.44447],[77.1283901,71.47281],[77.0847099,71.48104],[77.1300799,71.47438],[77.0997001,71.4456001],[77.1219,71.43121],[77.0702301,71.41478],[77.1983399,71.3493101],[77.6862601,71.2647299],[77.72989,71.2656199],[77.6808399,71.2801],[77.7069401,71.30002],[77.87635,71.3151801],[77.89469,71.3252099],[77.83322,71.33493],[77.99741,71.36818],[78.0191301,71.3466601],[77.9359999,71.3315],[77.90166,71.29411],[77.9156399,71.2388299],[78.01042,71.2686201],[78.22411,71.2492601],[78.12379,71.27436],[78.15208,71.2795299],[78.26667,71.24912],[78.3116499,71.22854],[78.2512999,71.13559],[78.29723,71.1349801],[78.25098,71.13226],[78.2676299,71.07803],[78.4095801,71.0266099],[78.52874,71.03845],[78.33863,71.0775199],[78.4656201,71.0980899],[78.49846,71.0787101],[78.4677201,71.05732],[78.5406601,71.04066],[78.46412,71.0181499],[78.4189301,70.9011601],[78.48114,70.89715],[78.4725299,70.91878],[78.5634401,70.9519701],[78.73526,70.9215399],[78.7096,70.9269799],[78.8838701,70.96817],[78.7836099,70.9713499],[78.8078399,70.9931201],[78.91315,70.96173],[78.9818397,70.9632272],[79.0391257,71.0076764],[79.1041874,70.9847538],[79.0097946,70.9471865],[78.94607,70.95762],[79.0505915,70.9263721],[78.8977778,70.9123112],[78.9666453,70.8830355],[78.8935955,70.898231],[78.90562,70.9439999],[78.8510999,70.91282],[78.36741,70.9009501],[78.3436799,70.88859],[78.3753301,70.8765099],[78.3243299,70.86708],[78.3541101,70.8601],[78.2814299,70.86722],[78.37286,70.8775099],[78.33985,70.88802],[78.37338,70.9030799],[78.35883,70.91848],[78.2531501,70.9307501],[78.23519,70.88009],[78.1664,70.87547],[78.23497,70.8816299],[78.2529301,70.9238401],[78.1698999,70.9494499],[78.1142901,70.90468],[78.1268,70.9280701],[78.04997,70.90469],[78.15305,70.94407],[77.9225301,70.9738999],[77.88192,71.00265],[77.9166499,70.9965701],[77.88944,71.06699],[77.7697501,71.1312199],[75.9444701,71.2101201],[75.4176101,71.29456],[75.2922299,71.33462],[75.2153091,71.4208107],[75.4078608,71.4399792],[75.4186892,71.4959234],[75.50461,71.51849],[75.41591,71.59778],[75.3597099,71.5816901],[75.4806047,71.646656],[75.2609899,71.7282399],[75.2162899,71.7813],[75.2156199,71.8462701],[75.26723,71.8946599],[75.2402447,71.9190539],[75.25502,71.9469199],[75.32371,71.96754],[75.27045,71.9374401],[75.3731401,71.94487],[75.41086,71.9762401],[75.3882501,72.01422],[75.46438,72.07283],[75.52876,72.1947399],[75.7014699,72.2503099],[75.69796,72.28897],[75.5549865,72.3745303],[75.55729,72.4175299],[75.48925,72.4955401],[75.53497,72.52743],[75.65113,72.5259001],[75.3050288,72.6844166],[75.345955,72.7305627],[75.40832,72.7043799],[75.46114,72.74045],[75.00077,72.86993],[74.7662499,72.8038699],[74.97765,72.6417692],[75.0638501,72.46225],[75.07337,72.2602099],[74.9923,72.16312],[74.5983501,72.0129301],[73.51957,71.8032601],[73.46042,71.7664799],[73.5281701,71.71302],[73.4806484,71.6374072],[73.0026535,71.3984813],[73.3583623,71.3022888],[73.5893972,71.1960856],[73.7454289,71.0263162],[73.9107076,70.9554181],[73.8754801,70.89034],[73.9186305,70.8404082],[74.2178501,70.6989468],[74.2986466,70.595946],[74.3029789,70.5191013],[74.245579,70.4428856],[73.6759331,70.1141923],[73.7825201,70.07522],[73.72722,69.9875301],[73.7535001,69.9535199],[73.68453,69.89745],[73.66831,69.83306],[73.56591,69.7906401],[73.5322701,69.7410401],[73.6526752,69.6033149],[73.82843,69.5114899],[73.9012235,69.411001],[73.9081701,69.3616299],[73.780533,69.1641265],[73.873544,69.0772135],[73.9389818,69.0685666],[74.3651354,69.1325377],[74.80218,69.0736601],[75.12764,69.10016],[75.1055,69.1173799],[75.1721499,69.15709],[75.4960099,69.2479801],[76.02211,69.2444301],[76.42926,69.12261],[76.7329499,69.12684],[76.8086599,69.0915699],[76.8480197,69.0495008],[76.82925,69.03625],[76.9368716,69.0039952],[77.2341201,68.97499],[77.3669422,68.9115845],[77.6312401,68.8975401],[77.6883999,68.8692299],[77.6789198,68.7840699],[77.7507501,68.6762001],[77.6966201,68.62859],[77.7775,68.56617],[77.77993,68.51503],[77.9526799,68.49702],[77.9516501,68.46335],[77.8625199,68.45569],[77.91735,68.4339401],[77.95463,68.37398],[78.07534,68.3441499],[78.0476199,68.3122001],[78.1672101,68.25159],[77.7310125,68.2079698],[77.5283281,68.1201632],[77.4898626,68.0777088],[77.5239709,68.0240326],[77.4775598,67.9703587],[77.5117061,67.935737],[77.6114877,67.924232],[77.4601319,67.8832103],[77.4873419,67.799414],[77.4589988,67.7629755],[77.637846,67.7060666],[77.7395501,67.7313019],[77.755326,67.7672114],[77.797171,67.7180992],[77.9861162,67.7029104],[77.8087961,67.6591923],[77.9731335,67.6808844],[78.0944978,67.6362912],[78.3110926,67.6618909],[78.3840132,67.6208262],[78.3802165,67.6629923],[78.4235331,67.7077268],[78.4633981,67.6436743],[78.5333176,67.6678931],[78.6406429,67.6337088],[78.4263709,67.6108979],[78.5928679,67.5837049],[78.66825,67.5946],[78.68501,67.64254],[78.84015,67.6355999],[78.85637,67.6196999],[78.82202,67.6210301],[78.8777601,67.5982401],[79.1420101,67.54573],[79.1021001,67.5304299],[79.17698,67.52592],[79.1811404,67.498801],[78.7486601,67.5810299],[78.7641599,67.5233099],[78.6913256,67.5030757],[78.5368701,67.5493001],[78.06053,67.53701],[77.6248001,67.60365],[77.5548582,67.6492786],[77.07618,67.77028],[77.09833,67.82407],[77.2043406,67.8160757],[77.2942501,67.88547],[77.1945499,67.9466799],[77.18079,67.98886],[77.22774,68.03577],[77.1988225,68.0978409],[77.2890599,68.14571],[77.3369899,68.2263999],[77.1231646,68.2704979],[77.2923476,68.3643352],[77.2263699,68.45792],[77.2903701,68.49237],[77.1780701,68.56845],[77.0843,68.5802501],[77.1426299,68.56687],[77.0383201,68.55497],[77.07456,68.5658099],[77.0178024,68.5841498],[77.0410199,68.5972701],[76.9904201,68.63322],[76.65319,68.74421],[76.6203299,68.77667],[76.69997,68.84735],[76.59849,68.9636099],[76.20645,68.9758399],[75.3295636,68.8796155],[74.6842901,68.76631],[74.4723149,68.6976657],[74.44023,68.5830201],[74.47055,68.50305],[74.3149244,68.3619751],[74.5979962,68.2333763],[74.8032956,68.0154149],[74.8053745,67.9021708],[74.8335283,67.9029858],[74.7550123,67.6986436],[74.1400895,67.4435511],[73.99575,67.3203199],[73.9252577,67.2977353],[73.9122473,67.2499933],[73.95291,67.1840099],[73.9090699,67.1130799],[73.9269539,67.0741771],[73.8765999,67.0484601],[73.8599945,66.9903972],[73.6247442,66.9310991],[73.5122319,66.8288867],[73.0073395,66.720648],[72.97434,66.6686701],[72.8747068,66.6319827],[72.4844385,66.5937106],[72.39991,66.52075],[72.3052758,66.4974802],[72.39689,66.4892],[72.35997,66.44598],[72.41167,66.37702],[72.3948499,66.36356],[72.4249799,66.3623901],[72.32374,66.2913799],[72.003358,66.2271776],[71.8019626,66.2369715],[71.7012001,66.30243],[71.3125118,66.3466657],[70.3886232,66.3261531],[70.1668799,66.35535],[69.89174,66.4026],[69.78446,66.46096],[69.4369899,66.4855801],[69.203368,66.5727733],[69.12686,66.6132101],[69.1830501,66.73281],[69.14675,66.76915],[68.7287154,66.7748398],[68.83113,66.8105501],[68.80965,66.82075],[68.8356,66.8217999],[68.84048,66.86987],[68.75232,66.8753799],[68.84415,66.90643],[68.9290071,66.863798],[69.19058,66.911],[69.20726,66.88107],[69.32784,66.85031],[69.65862,66.80581],[69.89295,66.81195],[69.86087,66.8221001],[69.92131,66.85884],[70.08519,66.7435001],[70.1937177,66.7335029],[70.3174366,66.7604282],[70.7375877,66.7608028],[70.8568299,66.81815],[71.06976,66.8108999],[71.1465499,66.85054],[71.11115,66.8545999],[71.37463,66.91687],[71.3175499,66.94048],[71.39009,66.9683101],[71.5221199,66.90602],[71.5990375,66.938163],[71.7461001,66.90447],[71.90861,67.0134],[72.0301601,67.0380001],[71.9842401,67.06151],[72.0247201,67.0915901],[71.92171,67.1196101],[72.16664,67.1523001],[72.10293,67.1945],[72.12427,67.20649],[72.2078399,67.1402199],[72.2295299,67.19173],[72.18845,67.2475801],[72.0282701,67.2512],[72.0357399,67.29456],[72.2299,67.33138],[72.25124,67.30121],[72.39988,67.3167],[72.4465599,67.38994],[72.4059799,67.45274],[72.5507299,67.51772],[72.55721,67.56314],[72.52642,67.58583],[72.8604201,67.63276],[72.8851582,67.6855181],[73.0677899,67.7163101],[73.0073899,67.7306726],[73.0983523,67.7243067],[73.10621,67.6948501],[73.0497981,67.7896988],[73.1746053,67.8358502],[73.19246,67.9116401],[73.0362599,68.0610043],[73.0395301,68.1042099],[73.10186,68.1497999],[73.07486,68.20296],[73.4197799,68.3688299],[73.47496,68.4567699],[73.5873199,68.47114],[73.57506,68.4106299],[73.6039701,68.4553001],[73.58605,68.50782],[73.4711399,68.5783],[72.7378399,68.8232801],[72.60104,68.9030199],[72.5240611,68.9967782],[72.4814,69.0905601],[72.4903968,69.1958777],[72.6158351,69.274306],[72.517835,69.3883607],[72.6143099,69.42416],[72.64091,69.48017],[72.4937,69.6429801],[72.6448601,69.7327199],[72.6742499,69.7807499],[72.6427,69.8702301],[72.48251,70.0108899],[72.5875103,70.1341081],[72.4014199,70.2471201],[72.4917141,70.3261277],[72.73886,70.3965699],[72.74441,70.51599],[72.6821399,70.5699899],[72.6786799,70.6143401],[72.7490599,70.66743],[72.7641601,70.79127],[72.8028301,70.84321],[72.57944,70.98563],[72.56769,71.00966],[72.6169501,71.05964],[72.67874,71.04665],[72.5642501,71.1318],[72.2332099,71.20997],[72.1892799,71.18727],[72.2253801,71.21062],[72.0410701,71.2858301],[71.8180004,71.4825877],[71.89007,71.5396501],[72.1444287,71.598231],[72.1732874,71.6699615],[72.3185059,71.7026888],[72.32477,71.8569899],[72.46139,71.8876],[72.5910899,72.0748701],[72.70218,72.11298],[72.67939,72.14283],[72.71373,72.2077201],[72.83379,72.2535301],[72.7777928,72.4108925],[72.7781701,72.45784],[72.8218601,72.4698],[72.8197401,72.49595],[72.72218,72.52186],[72.6866899,72.5898201],[72.81694,72.62347],[72.7111399,72.65847],[72.7288001,72.6773399],[72.70497,72.69083],[72.8388999,72.69397],[72.0581999,72.8234499],[72.20843,72.79734],[71.9119801,72.7869799],[71.85805,72.73097],[71.7202299,72.7418299],[71.7521201,72.71966],[71.7193201,72.7443999],[71.8477,72.73086],[71.91093,72.79902],[71.8625499,72.8178699],[72.01091,72.8177599],[71.6248399,72.8893599],[71.1866,72.87818],[70.9999299,72.8007301],[70.9208852,72.8085223],[71.03933,72.83906],[70.95691,72.8414101],[70.9798632,72.8597823],[70.9324322,72.8721264],[69.58427,72.85229],[69.5944101,72.8962201],[69.8376899,72.91809],[69.7841999,72.94679],[69.41238,72.9461],[69.2341219,72.7790732],[68.9836012,72.6532763],[68.9469201,72.545],[68.84123,72.4143901],[68.7314837,72.1634301],[68.53304,71.84334],[68.3520101,71.68669],[68.0091401,71.51349],[68.0411699,71.50115],[67.95308,71.4927501],[67.94603,71.5186501],[67.4189499,71.3606888],[66.9409,71.2740799],[66.74969,71.10058],[66.96405,71.0682601],[66.8730201,71.0434701],[66.90012,71.00696],[66.62915,70.8510401],[66.7243999,70.80494],[66.6921501,70.7477699],[67.2473501,70.8316099],[67.3437188,70.7871312],[67.3647319,70.73479],[67.5276119,70.6991],[67.3936999,70.6951701],[67.3602001,70.67953],[67.38084,70.6533899],[67.2783701,70.60286],[67.2800599,70.5604399],[67.2340001,70.5165299],[67.3490701,70.4483401],[67.21661,70.36579],[67.1279799,70.2168701],[67.2913801,70.17606],[67.30889,70.12765],[67.3851199,70.08975],[67.3628,70.0396999],[67.3830001,70.0109801],[67.02671,69.94591],[66.9523299,69.9902001],[67.02172,70.00658],[66.9825201,70.02941],[67.0190101,70.0507801],[66.9514001,70.01883],[66.84897,69.89923],[66.8076899,69.7035999],[66.8270001,69.5690899],[66.89789,69.4848099],[66.84864,69.54686],[66.9545399,69.52511],[66.84485,69.60614],[67.02742,69.63782],[66.9705201,69.66849],[67.0274799,69.69255],[67.38384,69.60427],[67.50323,69.61593],[67.69749,69.5810601],[67.7056399,69.5433],[67.96771,69.4733301],[68.0526199,69.4803301],[68.0098199,69.50796],[68.1276,69.5358101],[68.1068601,69.5251],[68.1390046,69.5169235],[68.13338,69.43807],[68.1800499,69.4249999],[68.12418,69.42294],[68.0896201,69.3830262],[68.1148701,69.37535],[68.03543,69.344],[68.0390699,69.31922],[68.07535,69.27405],[68.0641801,69.2986601],[68.13982,69.2861399],[68.07435,69.2636899],[68.48668,68.9689101],[68.77129,68.90308],[69.17035,68.94532],[69.14743,68.9200299],[69.1665199,68.9097899],[68.97352,68.88482],[69.1149199,68.85761],[69.1403601,68.81243],[69.0661099,68.79433],[68.9195899,68.6059401],[68.5919101,68.3570101],[68.5991799,68.31792],[68.65302,68.30015],[68.58396,68.29973],[68.5434699,68.26946],[68.5930401,68.2552801],[68.3148166,68.1722704],[68.16583,68.23055],[68.17719,68.27879],[68.23187,68.2946501],[68.19533,68.31237],[68.26503,68.3155],[68.1817836,68.3850481],[67.79854,68.4494001],[67.7134101,68.48716],[67.84624,68.47061],[67.38275,68.6593099],[67.17572,68.7016899],[67.0409001,68.7993999],[67.1471099,68.8177201],[66.3466186,68.935249],[66.2949101,68.9863701],[66.09807,69.0250999],[65.78722,69.0507699],[65.5514,69.1360101],[65.94668,69.0918099],[65.2956669,69.1897553],[65.0955514,69.2595191],[65.0250406,69.193918],[64.8546904,69.1712666],[64.720055,69.1124313],[64.6967289,69.0722009],[64.5389476,69.0287952],[64.5192408,68.9770904],[64.6287332,68.948163],[64.551408,68.9106638],[64.5762807,68.8953148],[64.5572607,68.8676156],[64.7468792,68.8531115],[64.7885409,68.8935768],[65.1291656,68.8027391],[65.3460715,68.8123002],[65.3474242,68.7883388],[65.400418,68.791138],[65.3516305,68.727552],[65.4416104,68.7368586],[65.469064,68.7096352],[65.4030887,68.6829311],[65.4375688,68.675074],[65.4373519,68.6458107],[65.6576494,68.5818984],[65.6592492,68.5403233],[65.5925361,68.5143839],[65.6089957,68.489149],[65.5151249,68.4647192],[65.3583756,68.2760833],[65.2746764,68.2345663],[65.3162532,68.1842349],[65.2889581,68.1539819],[65.3524237,68.1081267],[65.3194472,68.0131575],[65.3549034,67.9523951],[65.4321827,67.9096598],[65.5502217,67.9329177],[65.7501526,67.9177738],[65.9099488,67.9616064],[66.1335094,67.9146824],[66.0571762,67.879331],[66.0742985,67.831083],[66.0217253,67.8095046],[66.2363627,67.7484566],[66.2206954,67.6848843],[66.1612571,67.6494242],[65.9912713,67.6773033],[65.7857897,67.6420544],[65.8367913,67.6016113],[65.7872755,67.5741437],[65.8207732,67.5394214],[66.0500086,67.5802082],[66.0868404,67.4833915],[66.0084811,67.4084732],[65.698554,67.3807957],[65.7467734,67.3339381],[65.1813657,67.1500234],[65.2446707,67.0929256],[65.0817816,67.0397759],[65.1407609,66.9566783],[65.1358983,66.9062232],[64.877128,66.8348488],[64.5610826,66.799888],[64.553114,66.7654779],[64.5060802,66.7508597],[64.5341725,66.7154889],[64.3950683,66.7221505],[64.2636156,66.645543],[63.9850815,66.6378374],[63.8045517,66.5325055],[63.6308759,66.5195583],[63.5103627,66.4575383],[63.4184823,66.4666172],[63.3238222,66.417351],[63.2926635,66.3390467],[63.2296648,66.330948],[63.3119654,66.2477922],[63.2784124,66.2194572],[63.1094823,66.2479816],[62.9866382,66.1723676],[62.972626,66.1153407],[62.9334344,66.1105844],[62.9552796,66.0998908],[62.7923074,66.0009081],[62.9044889,65.9655612],[62.7761648,65.904132],[62.8396117,65.8839616],[62.8075261,65.8597091],[62.4967087,65.847722],[62.0004438,65.7177356],[62.1628449,65.6413824],[62.2652814,65.6323445],[62.3129699,65.5351568],[62.4254054,65.5037016],[62.366543,65.4321105],[62.4551101,65.3388067],[62.8721144,65.2905891],[62.8172932,65.1946898],[62.8237413,65.0546067],[62.6952848,64.87343],[62.8070123,64.8407152],[62.8115343,64.7364485],[62.589629,64.640373],[62.5576427,64.558547],[62.7148074,64.4966284],[62.8347493,64.5052586],[62.9143901,64.4673689],[63.0523536,64.5156676],[63.2473284,64.5204178],[63.4775176,64.4561453],[63.5169727,64.3631559],[63.410065,64.333669],[63.6112597,64.2705141],[63.9134226,64.2877072],[64.0433107,64.3593531],[64.4823317,64.3710829],[64.6038169,64.4426773],[65.1772705,64.4680932],[65.3762514,64.5557546],[65.9330927,64.5552382],[66.1990996,64.5906861],[66.4555608,64.5269508],[66.7027046,64.5547309],[66.956808,64.5173363],[66.9803604,64.4796355],[66.9390582,64.4673914],[66.9896394,64.4511609],[66.8469353,64.3401654],[66.8368325,64.2121109],[67.1991656,64.1605123],[67.1719907,64.1225711],[67.2867775,64.1097658],[67.2584451,64.0823804],[67.2814941,64.074664],[67.3762709,64.0954161],[67.6796957,64.0770377],[67.7828108,64.0194201],[67.9452766,64.1134707],[68.1323791,64.1524313],[68.4521166,64.2882796],[68.9119103,64.2243797],[68.9178263,64.2696331],[69.0445353,64.3306456],[68.9700683,64.348302],[68.858472,64.4385393],[69.2682611,64.479349],[69.3967562,64.3868619],[69.7249479,64.3959079],[69.8885283,64.3216942],[70.2923037,64.3425143],[70.4492418,64.2492473],[70.662501,64.2390106],[70.7709339,64.1911133],[70.7664959,64.112367],[70.5589034,64.0152818],[70.6878803,63.9423833],[70.706206,63.8868081],[70.8256533,63.8219111],[70.9226917,63.7027922],[71.4558562,63.6833083],[71.5632307,63.570765],[71.5361581,63.4692785],[71.6454841,63.1927517],[71.9981859,63.2480626],[72.128306,63.296786],[72.664714,63.2817909],[72.8710059,63.3557128],[72.8960468,63.3969146],[73.0542972,63.4267915],[73.1251839,63.3977684],[73.1061534,63.3781957],[73.2632687,63.334776],[73.3637957,63.2322421],[73.4981828,63.187955],[74.2531941,63.1730274],[74.5243218,63.0363641],[74.9415486,63.0253223],[75.3170015,63.0979384],[75.6049618,63.0880844],[75.7784078,63.1171481],[76.2667142,63.0131984],[76.3400498,62.9513441],[76.6669423,63.0348098],[77.025564,62.9719835],[77.1368192,62.8114223],[77.3781024,62.7078973],[77.8704228,62.5759485],[78.0929057,62.4640984],[78.4059627,62.5603552],[78.7394619,62.6022127],[79.8434403,62.6085568],[79.9246488,62.7940861],[80.093017,62.8179333],[80.4813437,62.9884043],[80.5519126,62.9895211],[80.5887873,63.0102079],[80.5883812,63.0781386],[80.6809187,63.115941],[80.9219485,63.1566356],[81.0370185,63.1474589],[81.0420818,63.0666952],[81.0963198,63.0112045],[81.3198589,62.9099137],[81.2912495,62.8585473],[81.638742,62.779396],[81.6654607,62.7305533],[81.7411753,62.7050047],[81.8412871,62.6958569],[82.1593247,62.8130082],[82.2912879,62.7659298],[82.7618637,62.7494462],[82.7589962,62.6599549],[83.0493169,62.5893469],[83.0234823,62.5263341],[83.3242477,62.4580295],[83.5532672,62.5273739],[83.5637305,62.4982394],[83.6226879,62.5031689],[83.8140284,62.5698759],[83.9603886,62.4901594],[84.006946,62.4087723],[84.1020607,62.3773056],[84.23908,62.3814682],[84.3021539,62.3230188],[84.2969813,62.2705645],[84.4013642,62.2453128],[84.4408595,62.1956567]]]]}},{"type":"Feature","properties":{"name":"Altai Republic"},"geometry":{"type":"Polygon","coordinates":[[[84.0804183,50.639877],[84.2487069,50.5155657],[84.2039747,50.4689746],[84.2695591,50.3537549],[84.2506785,50.2925126],[84.3625226,50.2054649],[84.4568009,50.2472563],[84.5675221,50.1968412],[84.6281869,50.2106789],[84.7577173,50.1368998],[84.8253745,50.1429846],[84.8139079,50.120772],[84.8507,50.0939],[84.9458311,50.0966095],[85.0355435,50.0524943],[85.0492582,50.0103974],[84.9780463,49.9762943],[84.9854889,49.9067722],[85.0596988,49.8850363],[85.1487477,49.7679097],[85.2033689,49.7452678],[85.2101246,49.6270855],[85.2646714,49.6197876],[85.2575191,49.5885235],[85.38844,49.6348027],[85.4902051,49.5981292],[85.5899141,49.6143806],[85.6776892,49.5503959],[85.75689,49.5771504],[85.826225,49.5442537],[85.9442813,49.5613256],[85.9294085,49.5358659],[85.9689905,49.4871162],[86.1129225,49.5243832],[86.2020375,49.4661128],[86.2716,49.5827],[86.4200029,49.60759],[86.5822921,49.7241416],[86.6105005,49.7689291],[86.5899075,49.8070677],[86.7810989,49.7943469],[86.7529975,49.7423948],[86.7789236,49.6960165],[86.6997247,49.6849729],[86.6155494,49.6285236],[86.6182488,49.5703775],[86.8271741,49.5454254],[86.855415,49.4991404],[86.8333774,49.4522466],[86.9473282,49.4096239],[86.9264692,49.3488781],[87.0307157,49.2528804],[87.309671,49.233885],[87.28579,49.115872],[87.427347,49.071318],[87.503232,49.09253],[87.492854,49.138516],[87.988438,49.18302],[88.054756,49.258389],[88.170112,49.293567],[88.160451,49.362761],[88.118763,49.390801],[88.184379,49.415928],[88.165591,49.445452],[88.221784,49.47966],[88.4059,49.4946],[88.4949,49.4719],[88.5992,49.5009],[88.8429,49.4416],[88.8801,49.4781],[88.8571,49.4918],[88.8696149,49.5467406],[88.9000904,49.558961],[88.9845,49.4637],[89.2009,49.5228],[89.2327,49.5537],[89.1914689,49.5860199],[89.1936369,49.6346834],[89.2506,49.6423],[89.36,49.5844],[89.4615641,49.6662166],[89.7192,49.7283],[89.7118805,49.7900976],[89.6244625,49.8063691],[89.6510371,49.8264402],[89.6117415,49.86352],[89.6308796,49.899345],[89.5917205,49.912627],[89.6247903,49.9708552],[89.5246955,50.0393496],[89.592042,50.0841919],[89.511507,50.1193095],[89.5201748,50.191731],[89.4406031,50.203696],[89.4034847,50.1779316],[89.3084283,50.2079371],[89.4065953,50.3140321],[89.3814789,50.3388887],[89.4968353,50.3639125],[89.5029098,50.4598015],[89.6551635,50.369729],[89.8188998,50.4112006],[89.8656495,50.4720459],[89.8487567,50.5265194],[89.6494568,50.5769359],[89.6398247,50.6428931],[89.5827761,50.6458008],[89.4534154,50.7925696],[89.3902173,50.8099246],[89.3986631,50.8505251],[89.2677475,50.8804563],[89.2680435,50.9159818],[89.1924721,50.9829574],[89.0542213,51.047136],[89.0222884,51.102517],[89.049849,51.159806],[88.9610898,51.2226697],[89.0088756,51.3942587],[88.919894,51.4639201],[88.8638826,51.4678836],[88.7915312,51.5537609],[88.658053,51.5280499],[88.7008785,51.39093],[88.6313847,51.3853488],[88.5903834,51.3233473],[88.4454889,51.2851257],[88.3151012,51.3444126],[88.1563948,51.3484953],[88.1252094,51.3940572],[88.1411061,51.4285435],[87.9413984,51.4789265],[87.900397,51.5515475],[88.0039428,51.5892696],[88.0191445,51.664388],[88.0760426,51.6748338],[88.1100945,51.7402665],[87.8847609,51.7809855],[87.8914497,51.8125618],[87.9996863,51.913306],[87.9768402,51.952266],[88.0875959,52.0000212],[88.0576267,52.0168083],[88.0666609,52.0496876],[88.1517908,52.0959878],[88.2524699,52.0458003],[88.2862613,52.1117325],[88.3782536,52.1246105],[88.380374,52.2732145],[88.4639445,52.3415028],[88.4060315,52.3783412],[88.445685,52.4329557],[88.3172713,52.4642438],[88.2315291,52.4000575],[88.0211118,52.5110549],[87.8913689,52.5394791],[87.8451219,52.4910262],[87.7553048,52.4848677],[87.6533271,52.4224157],[87.6116214,52.47148],[87.3718064,52.498746],[87.3743392,52.5725035],[87.1725698,52.5796612],[87.0527532,52.660268],[86.8449448,52.6264002],[86.8098159,52.6480984],[86.8211921,52.6086406],[86.7751376,52.5958008],[86.7949166,52.5148083],[86.6279382,52.5268304],[86.6794266,52.4368297],[86.6229798,52.4060214],[86.6896101,52.341377],[86.6935792,52.2947994],[86.7833934,52.2930244],[86.723874,52.1972026],[86.8056392,52.1877549],[86.8010444,52.1587222],[86.7401587,52.1713585],[86.6488309,52.1056691],[86.4564206,52.1283901],[86.4525558,52.0742274],[86.4030439,52.0362193],[86.2417705,52.0422026],[86.2286495,52.0135925],[86.1728924,52.0197428],[86.1438879,52.0842578],[85.9188426,52.1056625],[85.9127699,52.0598191],[85.798574,52.0516728],[85.8907514,52.026239],[85.8175299,51.9711542],[85.8650487,51.8966929],[85.7211902,51.8449974],[85.7773356,51.8201835],[85.687668,51.7188408],[85.626286,51.7472466],[85.5823195,51.6972224],[85.4852115,51.693557],[85.4442581,51.5633895],[85.3058819,51.5555563],[85.1955705,51.4855017],[85.1110375,51.5240955],[84.9896273,51.5136245],[84.92057,51.4828684],[84.8979866,51.4377527],[84.7161565,51.4267991],[84.6337151,51.3470503],[84.4588914,51.3170248],[84.4129145,51.2712823],[84.2564708,51.2826126],[84.1923222,51.247157],[84.1206559,51.0712374],[84.0696912,51.1106088],[84.096635,51.143349],[83.9329189,51.1380873],[83.9431166,51.0691478],[84.4906964,50.9480592],[84.4382706,50.908374],[84.4373573,50.8599165],[84.589885,50.8239919],[84.5112984,50.7654563],[84.5143537,50.7214373],[84.473729,50.6870783],[84.3977392,50.7100534],[84.0804183,50.639877]]]}},{"type":"Feature","properties":{"name":"Ivanovo Oblast"},"geometry":{"type":"Polygon","coordinates":[[[40.430464,57.2858292],[40.1829323,57.2634175],[40.2435296,57.246199],[40.1502209,57.1908299],[40.031508,57.2087308],[39.9368324,57.1671225],[39.8533345,57.1741903],[39.8216463,57.1431047],[39.8575827,57.0848417],[39.7737503,57.1052983],[39.7650777,57.0765804],[39.6308436,57.0740305],[39.6058105,57.0294049],[39.519802,57.0159502],[39.5553297,56.9987645],[39.5534212,56.9599244],[39.4393821,56.906599],[39.4845791,56.8739683],[39.4004257,56.864658],[39.3790692,56.7772356],[39.4979432,56.746304],[39.5746107,56.8096574],[39.6740906,56.8124271],[39.7951303,56.7664909],[39.8980776,56.7722261],[39.8694539,56.6238615],[39.8217179,56.6021015],[39.8806351,56.5962937],[39.9561144,56.5340093],[39.9142016,56.4958445],[39.9842983,56.4609841],[40.102725,56.4802229],[40.222918,56.4392428],[40.3130583,56.5079373],[40.4584371,56.5349351],[40.486857,56.5830028],[40.7672337,56.594363],[40.8301867,56.5737542],[40.8859206,56.5056399],[41.0195579,56.5209066],[41.0348242,56.4889375],[41.1502136,56.4737173],[41.2018121,56.502266],[41.2789536,56.4820473],[41.5266057,56.5062257],[41.5448079,56.4723391],[41.585362,56.4736812],[41.8872615,56.5275352],[41.959843,56.4854864],[41.9386757,56.4504925],[41.9806642,56.3890113],[41.9604393,56.3608972],[42.0297197,56.3801235],[42.0496019,56.3523108],[42.2058382,56.4087117],[42.2042403,56.4501808],[42.4057689,56.4477724],[42.60037,56.3993176],[42.6151908,56.4304166],[42.6780561,56.441325],[42.6458751,56.4673058],[42.8972871,56.4703421],[42.9027095,56.5116075],[42.8211335,56.5159313],[42.9249104,56.5693638],[42.9273358,56.6349382],[42.8591458,56.6366186],[42.7974469,56.6917274],[42.8708136,56.8094286],[43.1052791,56.8292296],[43.1523363,56.8790274],[43.2365151,56.8512821],[43.2594967,56.8006538],[43.3005965,56.8208312],[43.2147345,56.9786152],[43.1048954,57.0858279],[43.0867666,57.1667659],[43.3246122,57.4189039],[43.238683,57.4132538],[43.1989856,57.444504],[43.2316899,57.4674087],[43.2284213,57.5189799],[43.1857677,57.5772886],[43.1794637,57.5353377],[43.2100962,57.5162625],[43.1740991,57.4127017],[42.8847897,57.3743596],[42.8137917,57.4308077],[42.8489734,57.4324587],[42.82525,57.45275],[42.8670145,57.4752746],[42.8067944,57.5267746],[42.8737743,57.5671269],[42.8514283,57.6223387],[42.8840485,57.6550533],[42.7808554,57.6906294],[42.7419294,57.6845409],[42.7150058,57.6137916],[42.4600685,57.6362233],[42.3748469,57.594698],[42.3823649,57.5657977],[42.2105399,57.5548662],[42.0232118,57.588587],[42.0187875,57.6299181],[41.9303393,57.6346484],[41.8957246,57.6934025],[41.5991776,57.7401278],[41.5698979,57.6341409],[41.6191815,57.6236414],[41.5884285,57.5987055],[41.6245314,57.5964015],[41.5945531,57.5775136],[41.6196307,57.5666596],[41.5902907,57.5514136],[41.632585,57.5384816],[41.5673867,57.4525305],[41.4222371,57.4797553],[41.4182537,57.438892],[41.3126409,57.4148082],[41.1515756,57.4229566],[41.1528351,57.3901176],[41.0288793,57.3511228],[41.0183095,57.3181797],[40.9276764,57.3150547],[40.8642465,57.3531176],[40.8302237,57.3195818],[40.7554346,57.3286931],[40.6390602,57.2860041],[40.563659,57.3135486],[40.4923016,57.2749998],[40.430464,57.2858292]]]}},{"type":"Feature","properties":{"name":"Jewish Autonomous Oblast"},"geometry":{"type":"Polygon","coordinates":[[[130.6299698,48.8814543],[130.6812262,48.8523837],[130.5210615,48.6131615],[130.5994349,48.585015],[130.6255707,48.4884678],[130.7581971,48.4972857],[130.7320601,48.4302581],[130.8356469,48.301678],[130.6544234,48.0959682],[130.6826967,48.0477747],[130.8639711,47.9362246],[130.949798,47.825461],[130.9574947,47.7203175],[131.0264686,47.6879429],[131.4248489,47.7433794],[131.5475156,47.7266399],[131.5522286,47.6825384],[131.5944325,47.6565182],[131.7101398,47.7084722],[131.8122129,47.6671685],[131.9020112,47.6908491],[131.952136,47.6623942],[131.9995115,47.7112387],[132.2528236,47.7080661],[132.3091865,47.756778],[132.5487282,47.7143226],[132.6036772,47.7420925],[132.598655,47.8103357],[132.6804877,47.8720795],[132.666225,47.9558781],[132.8157923,47.935005],[132.8630603,47.9917265],[133.0078184,48.0404716],[133.0494733,48.1048743],[133.2866995,48.0927618],[133.5432442,48.1265838],[133.5933983,48.1982513],[133.6943307,48.1821793],[133.7464041,48.2567535],[133.9941194,48.3021697],[134.0337676,48.3439681],[134.1399789,48.3382441],[134.1883145,48.3837178],[134.408687,48.3881698],[134.5012575,48.4252932],[134.6880989,48.4080729],[134.7662016,48.3640449],[134.8512274,48.3966089],[134.9362023,48.5139261],[134.9957846,48.5326809],[134.9485313,48.6271139],[134.8687246,48.6360739],[134.7357335,48.5704192],[134.6613744,48.6257221],[134.5562613,48.5991956],[134.5786294,48.63086],[134.4936866,48.6508896],[134.4575035,48.7219923],[134.4148153,48.7181627],[134.4079078,48.7462038],[134.3398597,48.7233237],[134.2924231,48.7420109],[134.252861,48.7148908],[134.2659517,48.6663037],[134.2405619,48.6831829],[134.1144554,48.6325516],[133.9624197,48.6374473],[133.9612235,48.6624886],[133.9253488,48.6355291],[133.7190693,48.7600238],[133.7019541,48.7186654],[133.6971648,48.7466699],[133.5892766,48.7295026],[133.463447,48.8290972],[133.2813506,48.8484584],[133.2235933,48.9611168],[133.2746014,48.9841265],[133.2803087,49.0317305],[133.0552267,49.2146386],[132.9360398,49.2270145],[132.9085321,49.2555114],[132.8111252,49.2362649],[132.7734127,49.3348222],[132.6589311,49.2825053],[132.5636942,49.3096179],[132.4880847,49.2649087],[132.3850112,49.2959931],[132.3665256,49.3342527],[132.407715,49.3702993],[132.3846292,49.4139062],[132.2774475,49.4347621],[132.2403184,49.489318],[132.1113706,49.4941038],[132.066048,49.4632723],[132.063027,49.4115375],[132.0949255,49.3848104],[131.9931811,49.3768572],[132.0235584,49.3379201],[131.9742145,49.3082832],[132.0031508,49.2848185],[131.9886284,49.255894],[131.8844292,49.2732286],[131.8015489,49.3388299],[131.6647598,49.3124156],[131.5143056,49.2490403],[131.4873698,49.2097858],[131.4579333,49.2442822],[131.3515908,49.2630085],[131.3012175,49.2356346],[131.2747705,49.2561199],[131.1107861,49.2332181],[131.0164452,49.0365639],[131.0454711,48.9754054],[130.7812914,48.97839],[130.6299698,48.8814543]]]}},{"type":"Feature","properties":{"name":"Kalmykia"},"geometry":{"type":"MultiPolygon","coordinates":[[[[47.006272,46.0744969],[47.116645,46.0537043],[47.1289388,46.1125124],[47.006272,46.0744969]]],[[[46.937644,45.7690339],[46.937732,45.719035],[46.9622474,45.7203931],[46.9845897,45.7808553],[46.937644,45.7690339]]],[[[43.711218,47.4742256],[43.7867434,47.3542112],[43.7934975,47.2678201],[43.9395129,47.2587501],[43.925687,47.3287336],[43.9641328,47.4002299],[44.1326114,47.413516],[44.135132,47.544901],[44.2341022,47.5490539],[44.2328944,47.4785437],[44.3122383,47.4778715],[44.3241519,47.1423944],[44.2659483,46.9094657],[44.1568789,46.8232316],[44.0868358,46.8355016],[44.0335941,46.7645451],[43.9122454,46.7144377],[43.8820262,46.623488],[43.812758,46.5718638],[43.9305689,46.5350447],[43.9155438,46.4200399],[43.9724562,46.3580822],[43.9587354,46.3191021],[43.8592812,46.2698925],[43.889661,46.3138217],[43.81841,46.3819616],[43.7388352,46.4080468],[43.7509572,46.3611538],[43.6303367,46.1753838],[43.3392286,46.1671364],[42.9317296,46.4469146],[42.7810819,46.4027843],[42.7691065,46.3686819],[42.6798875,46.3683311],[42.5739396,46.3924136],[42.3970838,46.5111225],[42.2003656,46.5584041],[42.0497227,46.5461641],[42.100658,46.3744597],[42.1739023,46.3635712],[42.17037,46.2978137],[41.9623241,46.2980078],[41.962787,46.2550981],[41.9111392,46.2550881],[41.9106456,46.2033572],[41.9624337,46.2032235],[41.9626496,46.1764003],[41.8864039,46.1758046],[41.8625682,46.1442296],[41.7031775,46.2169504],[41.687034,46.1856451],[41.6368226,46.1873556],[41.71441,45.9824283],[42.1515694,45.9430799],[42.1706684,46.1099034],[42.3219373,46.1354493],[42.3180347,45.9697239],[42.5567887,46.0080411],[42.6720445,46.0898914],[42.737763,46.0910085],[42.862964,46.1778457],[42.8487032,46.2009806],[42.9317874,46.2360616],[43.0017463,46.1693216],[43.2817374,46.1040317],[43.4697402,45.988886],[43.9152155,45.9465956],[43.9229361,45.9030131],[44.001739,45.8806599],[44.0911577,45.7963906],[44.1714113,45.6442545],[44.3159918,45.5527489],[44.4708637,45.5033787],[44.5749149,45.506114],[44.7428139,45.4348722],[44.8306221,45.4372856],[44.8951126,45.3874317],[45.5900272,45.1257838],[45.7051159,44.9773628],[45.9824738,44.9891213],[46.5045787,44.9342965],[46.7698152,44.8263101],[46.7560616,44.7988013],[46.8207446,44.7597697],[46.8136805,44.8077237],[46.942512,44.830945],[46.9763293,45.0057421],[47.0128931,44.8707405],[47.0431055,44.8822967],[47.0604433,44.8372752],[47.1045603,44.8741467],[47.0657648,44.9764842],[47.0331492,44.9910543],[47.1491923,44.945632],[47.202064,45.0723359],[47.2432627,45.0747604],[47.2412028,45.1503544],[47.2624888,45.1341295],[47.2820582,45.1723838],[47.2569956,45.2492987],[47.2964777,45.2405966],[47.3424389,45.3410929],[47.3795618,45.3191091],[47.4152674,45.3668882],[47.3679087,45.4313433],[47.52714510625149,45.517248648746154],[47.4915737,45.6094309],[47.53783337035607,45.61788850862476],[47.5203414,45.6606553],[47.2959912,45.6767832],[47.2123804,45.6182056],[46.969002,45.6188674],[46.854357,45.5688587],[46.769149,45.5772374],[46.7496692,45.615088],[46.6834006,45.6194747],[46.6938838,45.6484696],[46.4777182,45.7004604],[46.5498151,45.798013],[46.4119318,45.8159581],[46.2954323,45.9144253],[46.3106359,45.9630106],[46.4549294,45.9654482],[46.449329,46.1776323],[46.5012444,46.2809492],[46.4008324,46.3206181],[46.504665,46.3757765],[46.560863,46.3542657],[46.6629674,46.4409194],[46.9646729,46.4454705],[46.9503268,46.5244522],[46.8662085,46.6196303],[46.9572396,46.7153699],[46.9621776,46.9742199],[46.8170647,46.992215],[46.5362576,47.4034067],[46.8732142,47.5473392],[46.761097,47.6075749],[46.685458,47.6016555],[46.3988874,47.4133023],[46.2672072,47.4207447],[46.0079695,47.5647578],[45.9216779,47.6446798],[45.8998712,47.7169518],[45.8412563,47.7201671],[45.7839597,47.814407],[45.7401725,47.8302618],[45.7138656,47.9312193],[45.7566315,48.0013326],[45.6985438,48.0322744],[45.550385,47.9937796],[45.3794059,48.0997549],[45.2660532,48.1054724],[45.2385049,48.1648779],[45.1456723,48.1877128],[45.1676307,48.2220169],[44.9609783,48.2708558],[44.9097483,48.2193895],[44.9374737,48.1947321],[44.9256618,48.1202484],[44.8097674,48.0506324],[44.6630614,48.0863317],[44.6489871,48.0538463],[44.5410605,48.0504868],[44.5441569,48.1880732],[44.4357669,48.2062304],[44.381122,48.2504495],[44.3264088,48.2387968],[44.3251324,48.0413284],[44.4238565,48.0423628],[44.3920118,47.8894828],[44.3590569,47.8516498],[44.0825899,47.8994351],[43.9458313,47.7530959],[43.7168348,47.7190015],[43.6675966,47.5488881],[43.711218,47.4742256]],[[46.4440474,45.4526555],[46.4572763,45.4828672],[46.6463734,45.5045983],[46.6600547,45.5473848],[46.884463,45.5237084],[46.8551614,45.45052],[46.6386649,45.480541],[46.625217,45.43882],[46.577223,45.4299225],[46.4440474,45.4526555]]]]}},{"type":"Feature","properties":{"name":"Kamchatka Krai"},"geometry":{"type":"MultiPolygon","coordinates":[[[[167.5201788625,54.84173907213914],[167.4370087,54.8623616],[167.4526018,54.8185216],[167.5594361,54.7506771],[168.10257,54.4998834],[167.9421632,54.6039259],[167.9352361,54.6548295],[167.8805966,54.6446115],[167.8351283,54.6959065],[167.7765353,54.6865025],[167.7312509,54.7628613],[167.5399844,54.7991508],[167.5650677,54.8254192],[167.5201788625,54.84173907213914]]],[[[165.98475964502916,55.19484290547815],[166.0771027,55.1308942],[166.0774795,55.0618657],[166.1551583,55.0145386],[166.1790115,54.9559112],[166.2896014,54.9138065],[166.3771287,54.820762],[166.4986676,54.8325144],[166.4864049,54.7886072],[166.6718371,54.6793747],[166.6433565,54.865991],[166.5870415,54.8908183],[166.5932912,54.9140462],[166.4447417,54.9625213],[166.2482739,55.1798467],[166.2424348,55.265452],[166.2997723,55.3008355],[165.9667379,55.3647256],[165.9224389,55.3246339],[165.7531167,55.2856362],[165.920802,55.2509605],[165.9914884,55.2175735],[165.98475964502916,55.19484290547815]]],[[[164.11549434566936,59.0624],[163.6881474,58.9877234],[163.950724,59.0128982],[163.7731192,58.8853971],[163.7671899,58.8088021],[163.5939255,58.5962974],[163.414424,58.5540643],[163.4413977,58.4877654],[163.489571,58.4484263],[163.5883536,58.5747195],[164.1538321,58.8052606],[164.6400312,58.8711369],[164.6989708,58.9133926],[164.6859557,58.9698491],[164.733518,59.0337635],[164.6404772,59.1293753],[164.639289,59.1794267],[164.5956324,59.1873639],[164.5908097,59.2396647],[164.3951048,59.1761086],[164.336122,59.1215362],[164.11549434566936,59.0624]]],[[[163.1912904,59.5233022],[163.216458,59.5619183],[163.1912904,59.5233022]]],[[[164.6801347,59.6162475],[164.6416204,59.6196713],[164.66888,59.5894837],[164.6801347,59.6162475]]],[[[163.7714746,59.9869492],[163.8043867,60.0007243],[163.7714746,59.9869492]]],[[[162.9529153,59.1410168],[162.9529153,59.1410168]]],[[[162.9767336,59.1426704],[163.0048746,59.1428497],[162.9767336,59.1426704]]],[[[162.9431703,59.1705613],[162.9753165,59.1329195],[162.9431703,59.1705613]]],[[[162.4659339,61.6648445],[162.7539758,61.5911882],[162.7797541,61.5987762],[162.7481489,61.6270536],[162.6492505,61.6262855],[162.6160311,61.6630818],[162.8355512,61.7153586],[162.9420795,61.6463617],[162.8525504,61.6027548],[162.9676095,61.5771289],[163.0189379,61.5131318],[163.1117236,61.5480817],[163.0739089,61.581484],[163.1180991,61.6174479],[163.2255799,61.6098972],[163.2138382,61.6430932],[163.3245231,61.6584881],[163.3368204,61.7100747],[163.0401003,61.7688548],[162.9640695,61.8111291],[163.0671548,61.9179265],[163.0127319,61.9284124],[163.0819031,61.9424447],[163.0613811,61.9662136],[163.1956172,62.0591373],[163.1002514,62.088568],[163.142408,62.1178021],[163.0834472,62.2207676],[163.2402015,62.2843714],[163.2354802,62.313973],[163.3729757,62.3343202],[163.2284922,62.3837798],[163.2179672,62.4217727],[163.1531467,62.4156948],[163.2619583,62.4605156],[163.2456962,62.5111189],[163.2748598,62.5263763],[163.78775,62.6066004],[163.9289963,62.5853666],[164.0459041,62.6535879],[164.4390641,62.6938634],[164.6105964,62.681783],[164.7197317,62.5740901],[165.0330611,62.5083552],[165.1152255,62.4484629],[165.0814331,62.4101143],[165.0025596,62.4013118],[164.7352025,62.4558054],[164.5324334,62.4405067],[164.4484436,62.3990697],[164.4332765,62.3555184],[164.2375476,62.3135697],[164.1366261,62.2557527],[164.1035373,62.1688125],[164.1242152,62.1254512],[164.0762016,62.0962284],[164.1108898,62.0207248],[164.0724543,61.9910439],[164.0983165,61.9026958],[164.0464969,61.8422201],[164.0751005,61.800199],[164.057815,61.6849439],[163.8705352,61.6510321],[163.8397046,61.5619853],[163.7503105,61.4640057],[163.7755427,61.4133961],[163.8677416,61.4477146],[163.9571849,61.4264231],[164.028059,61.3459632],[163.9479487,61.273499],[163.935831,61.2219367],[163.6219791,61.1172598],[163.6219519,61.0571215],[163.4871009,61.0062862],[163.7725703,60.9166763],[163.7286658,60.8708457],[163.3893639,60.8022043],[163.2012502,60.8070727],[163.1037784,60.7795216],[163.1429124,60.7711568],[163.1272526,60.7536259],[163.0096476,60.7759957],[162.8908152,60.7522957],[162.7757027,60.6378913],[162.6958167,60.6048362],[162.5189845,60.6088396],[162.4011462,60.5392666],[162.2066841,60.5281694],[162.1641828,60.4854091],[161.9482068,60.4230975],[161.8887265,60.296303],[161.9192049,60.3149817],[161.9472169,60.2874151],[161.9202097,60.2072926],[161.7809448,60.1293609],[161.4927863,60.0424332],[161.2654154,59.8463264],[160.9451337,59.7022064],[160.9425529,59.6664054],[160.8791614,59.6186909],[160.494254,59.5554129],[160.3962779,59.3884117],[160.1969122,59.3295309],[159.8579635,59.1276437],[159.719246,58.9778605],[159.7613644,58.9481537],[159.7381776,58.8762147],[159.6783555,58.831004],[159.6354505,58.8369584],[159.5296754,58.7251961],[159.2195394,58.5564642],[159.0835917,58.4317308],[158.6649953,58.2610552],[158.3345305,58.0753333],[158.0119755,57.9823305],[157.6770946,58.0163498],[157.6524206,58.0026561],[157.6679211,57.9775952],[157.5747409,57.9333168],[157.5879543,57.8971088],[157.5277655,57.8226883],[157.3607925,57.7726772],[157.1180617,57.7832431],[157.0341151,57.8111319],[157.0046132,57.8548611],[156.8547698,57.8015664],[156.7743978,57.7241246],[156.865076,57.708273],[156.9684329,57.5839868],[157.0033459,57.4513852],[156.9592195,57.3651473],[156.7327686,57.1097786],[156.7298193,57.0695163],[156.6674491,57.0594063],[156.5519102,57.1007418],[156.5443612,57.0361295],[156.4767672,56.9599167],[156.2193204,56.8535301],[156.1976788,56.7959226],[156.1473681,56.7975996],[156.179966,56.8336654],[156.1083535,56.8040436],[155.9593143,56.632953],[155.651243,55.9660354],[155.6332302,55.7201234],[155.555777,55.3642202],[155.5579231,55.1994781],[155.7372011,54.427435],[155.9781962,53.700289],[156.1470038,52.8482411],[156.3938515,52.3655552],[156.4604578,52.1586711],[156.5004538,51.8278383],[156.4841972,51.5219085],[156.5345265,51.3207999],[156.5533678,51.2779444],[156.7152644,51.1986144],[156.702118,51.090626],[156.7607191,51.0723518],[156.7683756,50.9946055],[156.6635494,50.8653898],[157.0903899,51.1523628],[157.2331092,51.2089145],[157.3619189,51.3412577],[157.4720505,51.3591728],[157.4917398,51.4355464],[157.5626164,51.5007095],[157.7711229,51.554076],[157.9111368,51.628758],[158.0187787,51.7749536],[158.1069438,51.8079629],[158.2744664,51.9638311],[158.2686119,52.0099807],[158.3262417,52.0677498],[158.3062661,52.1183856],[158.3771023,52.1293696],[158.4133214,52.1707503],[158.3926064,52.2258965],[158.4593688,52.2529967],[158.4433016,52.2707621],[158.5489832,52.2904304],[158.5556993,52.3291468],[158.4830325,52.3449912],[158.5716266,52.3809848],[158.5612971,52.4165781],[158.5078153,52.4366235],[158.4053886,52.4057301],[158.5262801,52.48002],[158.4906827,52.4913323],[158.5263841,52.5283767],[158.5125667,52.5621417],[158.4125092,52.5996819],[158.4588976,52.6141738],[158.3884146,52.6498563],[158.5481322,52.625468],[158.6021876,52.6939157],[158.4865512,52.7375401],[158.4806833,52.769541],[158.5651438,52.7761686],[158.5186481,52.8019245],[158.5653504,52.8050216],[158.5258679,52.8332409],[158.5647266,52.8318493],[158.5706955,52.791341],[158.6464733,52.8445904],[158.599347,52.8658231],[158.6451123,52.8970009],[158.4947683,52.9334938],[158.4680475,52.9292938],[158.5521801,52.8900345],[158.4300261,52.8937074],[158.415168,52.9509816],[158.4707929,52.9628027],[158.3988068,53.0049789],[158.5278667,53.0653427],[158.6109518,53.0507272],[158.7088613,52.9627103],[158.6458005,52.957948],[158.6824928,52.9449083],[158.7041641,52.8849361],[158.9089122,53.0264612],[159.0914705,53.1079089],[159.2378988,53.1551956],[159.3936289,53.1517658],[159.4750125,53.2275583],[159.5795206,53.2525867],[159.7182404,53.2203198],[159.8143784,53.2761676],[159.8515589,53.2702973],[159.7431363,53.2050793],[160.0362905,53.0979476],[160.0464701,53.2016213],[159.9968559,53.2305435],[160.0227772,53.2638276],[159.9644044,53.2522727],[159.9472119,53.210384],[159.9031777,53.2558267],[159.9733755,53.3275216],[159.9100573,53.3282776],[159.896015,53.3503307],[159.9324949,53.3826684],[159.8599539,53.3903913],[159.8378787,53.4338443],[159.8666115,53.4810852],[159.936755,53.4724343],[159.9568614,53.4977662],[159.9555832,53.5746323],[159.9013699,53.6362805],[159.9140941,53.6714815],[159.852871,53.6894086],[159.8410509,53.778385],[159.8891884,53.9280576],[159.990984,54.0810744],[159.9660161,54.1225637],[159.992559,54.1615666],[160.0367863,54.1634296],[159.9893819,54.110844],[160.1255284,54.2253755],[160.2478157,54.264773],[160.7062477,54.5246822],[161.0711348,54.59325],[161.1976916,54.5829981],[161.2025824,54.5244184],[161.2875998,54.4813838],[161.4831377,54.5137549],[161.714829,54.5052782],[162.0001655,54.6962864],[162.1395613,54.7530952],[162.1043947,54.8125588],[162.1543423,54.8527826],[162.0805402,54.8867092],[162.0482507,54.9505593],[161.8294517,55.1285939],[161.7411611,55.3982961],[161.7724837,55.6074169],[162.0750894,56.0154384],[162.0523654,56.0480981],[162.0842543,56.0865167],[162.2499543,56.1601594],[162.6175331,56.2279592],[162.7421342,56.1516022],[162.8178153,56.061454],[163.0527288,56.0063837],[163.1586703,56.1233568],[163.3618822,56.1836011],[163.3334358,56.264647],[163.3533103,56.326889],[163.2498933,56.4412289],[163.2781428,56.465654],[163.246018,56.539347],[163.2721808,56.567099],[163.2336075,56.6177046],[163.2843175,56.6875585],[163.2285206,56.7113619],[163.2344268,56.7393594],[163.0689794,56.7413062],[162.9345263,56.6931323],[162.776967,56.7798449],[162.853,57.0370703],[162.7751005,57.1965876],[162.7831175,57.3500037],[162.908053,57.435465],[163.0971287,57.4840763],[163.1449095,57.5690888],[163.2239323,57.5890127],[163.2329294,57.6696454],[163.321777,57.7250221],[163.2123516,57.8187814],[163.0523596,57.8192555],[162.6981428,57.9500799],[162.5534088,57.9308139],[162.4938823,57.8492046],[162.5308768,57.752043],[162.3552927,57.6619049],[162.449436,57.7398258],[162.4522124,57.7732134],[162.3984743,57.7740467],[162.4829695,57.7731189],[162.1358286,57.84691],[162.0286788,57.9432423],[161.9938552,58.0253906],[162.0006651,57.9273795],[161.9785273,57.9804137],[161.8975349,57.974602],[161.9808148,58.0021321],[162,58.1334385],[162.1292042,58.3642616],[162.4105385,58.6558146],[162.5333701,58.7417532],[162.8143394,58.860191],[162.7778089,58.8363951],[162.7369318,58.8573216],[162.7643164,58.8311698],[162.7275736,58.8191335],[162.6859579,58.8287646],[162.6822403,58.8622407],[162.8039954,58.8674408],[162.8477946,58.9262982],[162.9310075,58.9461438],[162.9001705,58.9688924],[162.9917346,58.9416709],[162.8695756,58.926403],[162.8234703,58.8800602],[163.0663121,58.9831201],[163.0667638,59.0216673],[163.0696067,58.9975157],[163.0119706,59.007525],[162.9068624,59.1077675],[162.9580861,59.1462186],[162.9413394,59.180261],[163.0241861,59.1492893],[163.0451354,59.1839121],[163.0337064,59.1397053],[163.2409832,59.0809825],[163.2202473,59.0465677],[163.1579028,59.0421137],[163.2232985,59.0382446],[163.2505567,59.083416],[163.2294758,59.1402183],[163.0788411,59.1744303],[163.0758163,59.2504202],[163.3379962,59.2857757],[163.2720492,59.2161782],[163.3428671,59.2730382],[163.348287,59.3239415],[163.3136447,59.4239517],[163.1899353,59.4921811],[163.275094,59.549649],[163.192975,59.5106545],[163.2147156,59.5662464],[163.1888587,59.5592354],[163.4172054,59.6224231],[163.3701407,59.7320963],[163.4458792,59.845069],[163.5319442,59.8919302],[163.6913649,59.877065],[163.8351014,59.9923202],[163.7487117,59.9810166],[163.7572662,59.9505398],[163.6959926,59.9561061],[163.6395761,59.9877858],[163.6474034,60.0099429],[163.8302248,60.0425908],[163.9274054,60.0237914],[163.8366746,60.0036064],[163.9988788,60.0281867],[164.1534947,59.9781209],[164.2239239,59.9863277],[164.066774,59.8948961],[164.0834855,59.8644288],[164.2038272,59.8531697],[164.1231759,59.8967134],[164.1421827,59.9340645],[164.3440236,59.9937608],[164.2986548,60.0376567],[164.3440443,60.0900777],[164.3579987,60.0552918],[164.3777691,60.0926224],[164.4842058,60.1017809],[164.6046126,60.0195364],[164.7193325,59.9962862],[164.7792941,59.9298631],[164.7957639,59.8254514],[164.8368107,59.7823651],[165.0699522,59.8553353],[165.2151283,59.9867085],[165.1396897,60.0300346],[165.1639038,60.0801458],[165.026169,60.0526561],[165.0266504,60.1016172],[165.1289838,60.098577],[165.1706997,60.1434512],[165.1887828,60.129479],[165.1519074,60.1099733],[165.2273267,60.087289],[165.360921,60.1577132],[165.7711344,60.2670931],[165.8314082,60.3148869],[166.0102259,60.3624667],[166.0978965,60.4307574],[165.9171525,60.3372916],[165.9673024,60.3569613],[165.9506944,60.3874373],[165.9887253,60.4161756],[166.2338309,60.4450977],[166.1599717,60.440769],[166.2729244,60.4734803],[166.3805942,60.4551752],[166.3574328,60.4403132],[166.3884446,60.4083229],[166.2670705,60.3608423],[166.2577833,60.3947126],[166.313364,60.1950611],[166.2839653,60.1464654],[166.208071,60.1274726],[166.1629489,60.0116831],[166.1794776,59.9734021],[166.0993014,59.876802],[166.0895974,59.8121404],[166.2859428,59.8095799],[166.427101,59.9312848],[166.7376162,60.0976039],[166.8611048,60.2142905],[166.7874849,60.2272166],[166.8868139,60.2227365],[166.9826776,60.2984329],[167.0737206,60.306803],[167.0557326,60.410634],[167.0030234,60.4150672],[167.1175609,60.4085384],[167.0675205,60.4041244],[167.2282008,60.3386144],[167.3783666,60.3770467],[167.4028757,60.4103268],[167.7868643,60.4695422],[167.8069161,60.4867666],[167.7753405,60.5182696],[167.7987313,60.5313591],[167.8727806,60.5018843],[168.2035117,60.5770881],[168.4929289,60.596481],[168.7150162,60.5410936],[168.7569205,60.5643734],[169.2342249,60.5501287],[169.6680583,60.4245277],[169.7471695,60.3871604],[169.7360716,60.3329063],[169.7805337,60.3092101],[169.7810155,60.2698677],[169.873929,60.2336744],[169.8836669,60.1681907],[169.9581091,60.0723693],[170.1418401,60.022204],[170.1588963,60.0060791],[170.1265002,59.971564],[170.3231036,59.9308374],[170.4268213,59.9696316],[170.5156214,60.2479345],[170.6906906,60.3132384],[170.6915676,60.3455231],[170.6168239,60.3553193],[170.6613228,60.3756503],[170.6263745,60.3885001],[170.6428309,60.4096417],[170.7347403,60.4036472],[170.8762462,60.4885949],[171.3949076,60.6139588],[171.4854798,60.7005355],[171.6344245,60.7187508],[171.6556419,60.7484614],[171.6236415,60.7809861],[171.7126917,60.8341867],[171.9449056,60.8281102],[171.9801293,60.8425617],[171.9660425,60.8822201],[172.0027318,60.8870232],[172.0735982,60.8371108],[172.1321163,60.9215791],[172.2148148,60.9477448],[172.1654897,61.02665],[172.100042,61.0157123],[172.1505952,61.0410822],[172.0074561,61.0868007],[172.1537751,61.0668702],[172.2777988,61.0047973],[172.4232575,61.0120122],[172.483984,61.0501393],[172.4719,61.0722637],[172.403669,61.0442552],[172.426853,61.0964038],[172.4062715,61.1098943],[172.3076212,61.100552],[172.2413754,61.1310754],[172.4306435,61.1216903],[172.4438757,61.138857],[172.3398303,61.1989524],[172.3741727,61.2200436],[172.6503066,61.1661715],[172.787329,61.2619319],[172.9703768,61.2841923],[172.930106,61.3116982],[172.9578099,61.3239894],[172.939624,61.3415869],[172.738673,61.4007618],[172.7904921,61.438734],[172.9108005,61.4636235],[172.9254675,61.4331249],[173.0716147,61.3825669],[173.1706044,61.3937887],[173.3138228,61.4565971],[173.319199,61.5228952],[173.5071018,61.5555735],[173.4721413,61.6349256],[173.5136199,61.6531087],[173.4911924,61.7068232],[173.5198429,61.7234591],[173.6459749,61.7392559],[173.8367941,61.64433],[174.1748683,61.788395],[174.4754051235718,61.80817361608636],[174.4409169,61.8484144],[174.4969642,61.8379805],[174.5188722,61.8701615],[174.4373362,61.9108477],[174.4908704,61.9739756],[174.447632,61.9867866],[174.4518976,62.0239034],[174.3549867,62.0243972],[174.3350196,62.0343508],[174.3584178,62.0737745],[174.3048729,62.0933566],[174.1606707,62.0833397],[174.1081632,62.1569988],[174.1458875,62.1974721],[174.0003095,62.2813292],[174.1510942,62.3378602],[174.1592911,62.4228131],[174.132055,62.4489326],[174.0422671,62.4722496],[173.8984867,62.4353797],[173.8395802,62.5098815],[173.67219,62.5468191],[173.6132258,62.4993425],[173.5009882,62.523735],[173.3297365,62.4487198],[173.1615237,62.4474564],[173.1801777,62.4219902],[173.0957662,62.4183405],[173.0700087,62.3830735],[172.9243086,62.399059],[172.8545321,62.3476436],[172.7546959,62.3578897],[172.7561713,62.4125844],[172.5610241,62.4452724],[172.4522122,62.4389648],[172.2898901,62.3716984],[172.2394689,62.3996062],[172.2591004,62.4246082],[172.2189386,62.4614868],[172.0779099,62.465021],[171.9954132,62.4546332],[171.978614,62.4162433],[171.8422108,62.405775],[171.8933896,62.3592248],[171.6762663,62.3541629],[171.4824699,62.2942055],[171.4026792,62.3017811],[171.3827443,62.3543195],[171.2481545,62.3198659],[171.3149583,62.3725764],[171.2584044,62.3933516],[171.171339,62.3390475],[171.1077634,62.34708],[171.0571572,62.2772644],[170.8817033,62.2807542],[170.8428042,62.2497855],[170.5442385,62.3038047],[170.4907544,62.2856212],[170.3975731,62.3134081],[170.3090538,62.2732269],[170.1942938,62.2953291],[170.20513,62.3445649],[170.1409177,62.3662007],[170.1508208,62.4081244],[170.0741832,62.4409273],[170.1187597,62.4908399],[169.9889636,62.5263312],[170.0445716,62.5787314],[170.0280082,62.6232793],[170.0931604,62.6364787],[170.0480493,62.6746041],[169.8327451,62.6594698],[169.5794824,62.7505726],[169.6014282,62.7636679],[169.5780095,62.7929739],[169.155907,62.973741],[168.9222446,62.9435813],[168.4663679,63.0834855],[168.6198705,63.1782673],[168.7582906,63.1875546],[168.7732955,63.2035425],[168.7094445,63.2267505],[168.8001608,63.2374198],[168.8274491,63.3049415],[169.0941533,63.4139996],[169.2272149,63.5138094],[169.5274218,63.5644738],[169.554445,63.6318201],[169.6416746,63.6544127],[169.5708386,63.6915122],[169.5749812,63.8054542],[169.3764502,63.8732406],[169.387495,63.9400755],[169.0902495,63.9354086],[169.0667292,63.9741829],[168.876823,63.9847234],[168.8901237,64.0477704],[168.8087362,64.1082323],[168.8001789,64.1836166],[168.6520264,64.1936828],[168.6485239,64.2246729],[168.5298735,64.3037379],[168.3670446,64.2970276],[168.2465531,64.3311367],[168.182753,64.27669],[168.0380531,64.2654954],[167.8473391,64.2942162],[167.8095676,64.3459856],[167.6876459,64.318892],[167.5874743,64.4286916],[167.4835636,64.4524756],[167.4765894,64.4822589],[167.339302,64.5016768],[167.333357,64.5401555],[167.231553,64.6231826],[167.1268546,64.6196908],[167.1354023,64.5925244],[166.992047,64.5363176],[166.7878039,64.5188628],[166.7299938,64.549762],[166.5918558,64.5219145],[166.4079407,64.590268],[166.2905923,64.5808026],[166.1857394,64.6200141],[166.0407282,64.5490838],[165.8508484,64.5474653],[165.8209718,64.5865116],[165.9028344,64.6121099],[165.7296958,64.6615127],[165.758397,64.7147982],[165.6850517,64.7503139],[165.336542,64.7543395],[165.3290893,64.8071033],[165.1913678,64.8467322],[165.006569,64.8319065],[165.0387387,64.7472502],[165.0074844,64.7252439],[165.0125853,64.6759384],[164.9104472,64.6727995],[164.8625713,64.6816478],[164.8692429,64.7143603],[164.8003012,64.7672172],[164.64371,64.8135885],[164.6075915,64.7955277],[164.5164251,64.8250194],[164.4718332,64.8747985],[164.224707,64.9374689],[164.1510008,64.8931375],[164.0650077,64.897634],[164.0446491,64.8675897],[163.9077422,64.8480283],[163.8058524,64.8921849],[163.6778535,64.8849894],[163.5501016,64.9287037],[163.3634678,64.801563],[163.1259134,64.793097],[163.1693341,64.7403673],[163.2666248,64.7117934],[163.262959,64.6759769],[163.1773606,64.6190654],[163.2038026,64.5914709],[163.171991,64.5744806],[163.2209176,64.5501433],[163.1925557,64.5368577],[163.4144516,64.445768],[163.4264562,64.3999053],[163.3974542,64.3723117],[163.4956937,64.3581298],[163.3720292,64.3433127],[163.3532457,64.2969396],[163.2624146,64.2978354],[163.2796589,64.2737541],[163.2208915,64.2529317],[163.2288079,64.2047697],[163.1797474,64.1573111],[163.0021756,64.186505],[162.8085378,64.1295534],[162.8060425,64.0990191],[162.8519472,64.0873863],[162.8234832,64.0086622],[162.9327871,63.9665535],[162.9542109,63.9229048],[162.9034177,63.897907],[162.9460721,63.872114],[162.7730628,63.8497966],[162.7045729,63.7928121],[162.7571851,63.7840267],[162.7256362,63.7495053],[162.7776857,63.7247764],[162.8752291,63.7141873],[162.860147,63.672424],[162.8926829,63.6454408],[162.99962,63.620242],[162.9480277,63.5285812],[162.9710385,63.4803691],[162.8765934,63.4150965],[162.6582126,63.3845805],[162.6769944,63.3449646],[162.7841289,63.3062745],[162.7357153,63.2656029],[162.7769809,63.237826],[162.7559445,63.1660049],[162.5742064,63.1530125],[162.5972188,63.1234502],[162.5781712,63.1117448],[162.379768,63.1080776],[162.2986173,63.059272],[162.3192485,63.024353],[162.2608133,62.9529788],[162.2795585,62.9033284],[162.5645587,62.8302128],[162.6285396,62.7780816],[162.5539378,62.7471817],[162.6095872,62.7134525],[162.8059058,62.6999084],[162.8274295,62.6611701],[162.8005428,62.6204486],[162.6811902,62.5712773],[162.7813842,62.4509641],[162.7609464,62.4209065],[162.7862347,62.3117851],[162.7353409,62.2651614],[162.3975046,62.2389529],[162.3094075,62.1819124],[162.2604023,62.2007618],[162.1628755,62.1662808],[162.2897351,62.1038045],[162.5244722,62.0832153],[162.5140962,62.0359807],[162.5423391,62.0035862],[162.4847312,61.9980019],[162.5086663,61.976698],[162.4914303,61.9549959],[162.3695137,61.9639341],[162.2887651,61.9307434],[162.3762111,61.8958745],[162.3864191,61.8255807],[162.474504,61.7998875],[162.3902443,61.7611914],[162.4639677,61.7407644],[162.4409857,61.700711],[162.4659339,61.6648445]]],[[[162.7689592,60.7960573],[162.782425,60.8209828],[162.7689592,60.7960573]]],[[[163.2709076,60.852175],[163.3002204,60.863298],[163.2709076,60.852175]]],[[[172.4623816,61.0965412],[172.4973577,61.1104827],[172.4623816,61.0965412]]],[[[162.9956716,61.4500873],[163.0256916,61.4615308],[162.9956716,61.4500873]]],[[[162.6501575,61.5717806],[162.5088934,61.5726044],[162.6501575,61.5717806]]],[[[163.4864772,62.3396141],[163.4615215,62.3433067],[163.4864772,62.3396141]]],[[[163.1899261,62.4220348],[163.1586263,62.4174189],[163.1899261,62.4220348]]]]}},{"type":"Feature","properties":{"name":"Karachay-Cherkessia"},"geometry":{"type":"Polygon","coordinates":[[[42.6782891,43.809695],[42.628037,43.8908686],[42.6609315,43.9361603],[42.579146,43.9733541],[42.5845675,44.0263773],[42.4817966,44.0157385],[42.4802239,43.966421],[42.3762448,43.9724671],[42.3582841,44.0378041],[42.2929788,44.0399613],[42.3793683,44.1694297],[42.4411547,44.1700926],[42.4402523,44.2021413],[42.5520233,44.2237952],[42.5531353,44.269106],[42.6100616,44.269443],[42.5534177,44.3683184],[42.4084443,44.308226],[42.2145351,44.3512738],[42.0296533,44.3527496],[41.9208206,44.4098745],[41.9277453,44.4941535],[41.8653492,44.4976366],[41.736078,44.4736649],[41.6939037,44.4098806],[41.6282018,44.4070964],[41.6336952,44.3778918],[41.5977803,44.3741208],[41.6904961,44.3334061],[41.7439797,44.2683772],[41.6989117,44.1711852],[41.6376676,44.1174282],[41.5507843,44.0961583],[41.5453686,44.0419827],[41.4831433,44.0538578],[41.4797499,44.0009256],[41.4052629,43.9811448],[41.3579554,44.0113879],[41.3601188,43.9779945],[41.3150387,43.9797845],[41.2927634,44.0008153],[41.3203576,44.0283803],[41.2465925,44.0099492],[41.2768736,44.0725801],[41.3014705,44.0617186],[41.2911159,44.0854616],[41.1703049,44.0886842],[41.1245095,44.1262572],[41.0847882,44.0947128],[40.8912762,44.1429954],[40.9354588,44.0173529],[40.8857488,43.9446234],[40.7657711,43.8722289],[40.7228059,43.7948998],[40.7577084,43.7497766],[40.6751802,43.7153294],[40.7423973,43.6054304],[40.713345,43.532475],[40.8909577,43.489544],[40.932859,43.425875],[41.0042948,43.4322223],[41.096373,43.385163],[41.1526422,43.4033335],[41.291003,43.337043],[41.393641,43.366229],[41.4229808,43.3155525],[41.6142394,43.2209902],[41.7281118,43.2415066],[41.803944,43.2020382],[41.8850927,43.2498475],[42.0454397,43.1870335],[42.4103252,43.2503387],[42.3972675,43.2903699],[42.4378759,43.3525468],[42.4028305,43.3928315],[42.4562965,43.4433805],[42.4762116,43.5219595],[42.4534763,43.6163829],[42.6755276,43.6978596],[42.6782891,43.809695]]]}},{"type":"Feature","properties":{"name":"Kemerovo Oblast"},"geometry":{"type":"MultiPolygon","coordinates":[[[[87.1269496,52.6153393],[87.1971364,52.5732102],[87.3711903,52.5736912],[87.3718064,52.498746],[87.6116214,52.47148],[87.6533271,52.4224157],[87.7553048,52.4848677],[87.8451219,52.4910262],[87.8913689,52.5394791],[88.0211118,52.5110549],[88.2315291,52.4000575],[88.3172713,52.4642438],[88.4130687,52.4446988],[88.4483394,52.4257971],[88.4060315,52.3783412],[88.4639445,52.3415028],[88.3914737,52.293725],[88.3751113,52.1813947],[88.4357635,52.1630445],[88.7037566,52.2516647],[88.7154421,52.308354],[88.6763059,52.3342035],[88.6994793,52.3637881],[88.9867593,52.4956255],[89.062215,52.5953602],[89.1168953,52.5910048],[89.1292686,52.610529],[89.0767557,52.636382],[89.0530538,52.7058156],[89.137409,52.7068221],[89.1880281,52.7829787],[89.2397495,52.8006885],[89.1844356,52.8815353],[89.1033643,52.8802637],[89.1166792,52.9033406],[89.0754334,52.9581891],[88.9567053,52.9504505],[88.9117969,52.9904325],[88.941928,53.0309701],[88.9194759,53.0451913],[89.0081807,53.0767922],[89.0762092,53.1544236],[89.0057377,53.1961904],[89.0547814,53.2318689],[89.0364546,53.2800566],[88.9458759,53.3174291],[88.9105209,53.3921386],[88.8009985,53.3428196],[88.7569036,53.3723776],[88.8202629,53.4264341],[88.8196303,53.4652154],[88.8749467,53.4925467],[88.8572353,53.5321895],[88.8889528,53.5608305],[88.8388288,53.5956852],[88.9943297,53.6542648],[89.0440566,53.7918176],[89.2391094,53.8188981],[89.1650885,53.8853762],[89.2065001,53.9145459],[89.1968385,53.9518328],[89.0446259,53.9389096],[89.0616923,53.9724642],[89.0054838,54.0039703],[89.0123199,54.0807409],[89.1637885,54.1386447],[89.2383938,54.2656028],[89.1258037,54.3457145],[89.0297324,54.3313746],[88.9751715,54.2877394],[88.9747058,54.3162283],[88.9360212,54.3219096],[88.9275413,54.3863203],[88.8512878,54.419086],[88.6621339,54.3275411],[88.6326253,54.2810926],[88.5815875,54.2882538],[88.558052,54.3377893],[88.4067296,54.3503566],[88.3638129,54.3820623],[88.5465505,54.4324701],[88.5180399,54.4557216],[88.5687407,54.4793905],[88.592253,54.5405583],[88.5782301,54.6169611],[88.6228474,54.6672034],[88.5954009,54.6830502],[88.6486472,54.7258566],[88.6458253,54.7651929],[88.7479103,54.7815408],[88.7599309,54.8498566],[88.7368301,54.8925192],[88.6475209,54.8953687],[88.6772677,54.9310484],[88.6618315,54.9622937],[88.5483391,55.003475],[88.560741,55.1190484],[88.5082644,55.1590339],[88.5139101,55.2127542],[88.4331911,55.2567726],[88.4414098,55.3048421],[88.5350418,55.3426334],[88.670979,55.5177244],[88.9126273,55.6596836],[89.1300536,55.6917709],[89.1814546,55.734029],[89.3485812,55.770388],[89.3325347,55.8114529],[89.4001386,55.840745],[89.4008955,55.869439],[89.2710983,55.8967258],[89.2806242,55.942477],[89.2416471,55.995096],[89.282448,56.0565948],[89.1929787,56.0808914],[89.2016078,56.1395264],[89.104815,56.1510223],[89.1266894,56.1845317],[89.0366523,56.201266],[89.0398982,56.3004836],[88.9007955,56.3020702],[88.9207634,56.3338934],[88.8609217,56.3729083],[88.695147,56.3664302],[88.6964836,56.4181825],[88.5934159,56.4306641],[88.605597,56.5312515],[88.5463883,56.5299224],[88.5008785,56.6218904],[88.6631493,56.6197674],[88.6740133,56.6800677],[88.7184873,56.6821364],[88.7360764,56.7147011],[88.6244128,56.7192977],[88.6481606,56.8197863],[88.5239526,56.768973],[88.4244158,56.8344202],[88.363476,56.8279399],[88.0508806,56.6682091],[87.6543095,56.5436072],[87.6326117,56.5889867],[87.6539995,56.6006114],[87.5966646,56.663656],[87.3645797,56.5929574],[87.347585,56.6109596],[87.4033726,56.6270604],[87.3839772,56.6456107],[87.2427865,56.6302709],[87.1387341,56.6580244],[87.1564153,56.6069459],[87.1818211,56.6110083],[87.1585984,56.5873311],[87.2266248,56.5710268],[87.0920826,56.5343196],[87.0004942,56.5419096],[86.9696348,56.5788977],[86.9094657,56.5409031],[86.8593025,56.5531262],[86.804658,56.6262119],[86.7462448,56.6031764],[86.6781902,56.6432646],[86.6222001,56.5881228],[86.5912583,56.6135921],[86.4401318,56.5482687],[86.3826754,56.5480358],[86.3641359,56.5945632],[86.3344385,56.5920114],[86.3388874,56.6360745],[86.2046226,56.623997],[86.195642,56.5787586],[86.1070766,56.5392075],[86.1158984,56.5010615],[86.000625,56.4823184],[85.9865786,56.4367364],[85.8042964,56.4120629],[85.794741,56.334497],[85.7282957,56.3439195],[85.5624924,56.280707],[85.6845185,56.211708],[85.4530734,56.1949665],[85.2281841,56.2282121],[85.2077804,56.1978317],[85.1161256,56.1941005],[85.0026305,56.1089576],[84.8850015,56.1615517],[84.4478947,56.0415709],[84.5711958,56.004842],[84.5284828,55.9527857],[84.4807604,55.9553241],[84.5362378,55.9221702],[84.4560665,55.8943035],[84.5748506,55.8328536],[84.5520873,55.8016047],[84.6077714,55.7996464],[84.607746,55.765559],[84.5272851,55.7610334],[84.5400453,55.7180522],[84.7113569,55.6690357],[84.6792849,55.6529884],[84.741812,55.6422076],[84.7854771,55.529376],[84.7277488,55.5230451],[84.7556479,55.467454],[84.620791,55.4042164],[84.6938533,55.3728054],[84.859235,55.3752637],[84.9168723,55.3242911],[84.915761,55.277748],[84.8182678,55.2270907],[84.9271886,55.1636081],[84.9055964,55.0586782],[84.8370133,54.99691],[84.8875369,54.9521494],[84.971513,54.9448037],[85.0790921,54.855581],[85.0471536,54.8442813],[85.088096,54.81637],[84.9028556,54.7455389],[85.0040514,54.6798591],[85.0111578,54.6375015],[84.9311654,54.6087717],[85.1159569,54.43783],[85.1599718,54.4531098],[85.4177842,54.1855444],[85.5384776,54.2245634],[85.563206,54.1988106],[85.6242221,54.2145007],[85.6904694,54.1447689],[85.7490447,54.1642941],[85.8712534,54.0375565],[86.1242538,53.9808962],[86.1841392,53.8116257],[86.3003849,53.8299518],[86.3937329,53.5972874],[86.4265509,53.6080089],[86.5388654,53.527643],[86.8136325,53.4514472],[86.9303287,53.5036744],[86.9290216,53.4735152],[86.86818,53.4512878],[86.9051824,53.4137198],[86.8584183,53.3776331],[86.8486999,53.319581],[86.7532976,53.2444442],[86.6541023,53.2606564],[86.6273426,53.2385164],[86.64421,53.1804644],[86.7115892,53.1935395],[86.7197834,53.1524847],[86.8493122,53.1473425],[86.8745476,53.0830147],[87.0545776,53.0412227],[87.0079139,52.8991838],[86.9124241,52.8469714],[86.9483367,52.8309331],[86.9748361,52.7560583],[87.0697167,52.7238076],[87.0664919,52.6959146],[87.1636819,52.7102102],[87.1269496,52.6153393]]],[[[86.7512353,53.3498057],[86.8109367,53.3466118],[86.7512353,53.3498057]]]]}},{"type":"Feature","properties":{"name":"Khabarovsk Krai"},"geometry":{"type":"MultiPolygon","coordinates":[[[[137.5489236,54.4105289],[137.6571741,54.3793317],[137.6051385,54.43232],[137.6622485,54.4887436],[137.6235929,54.5586836],[137.5538717,54.5089706],[137.5914806,54.4523642],[137.5489236,54.4105289]]],[[[137.0709978,54.5951761],[137.0966569,54.6139813],[137.0709978,54.5951761]]],[[[139.7861944,54.3408843],[139.8086224,54.3536674],[139.7541603,54.3469861],[139.7861944,54.3408843]]],[[[137.9042806,54.4501965],[137.9550844,54.4610644],[137.9156578,54.4958777],[137.8432326,54.486229],[137.8228416,54.431045],[137.7026289,54.3722623],[137.8123692,54.3755191],[137.8548827,54.4401549],[137.9042806,54.4501965]]],[[[137.8125998,54.3530375],[137.7845995,54.3408359],[137.8125998,54.3530375]]],[[[141.1980104,52.3849204],[141.2194225,52.389368],[141.1980104,52.3849204]]],[[[141.3304935,52.4573821],[141.3894026,52.4643012],[141.3304935,52.4573821]]],[[[141.4353909,53.3116182],[141.4806525,53.2980668],[141.3866598,53.3484449],[141.3180273,53.345807],[141.4353909,53.3116182]]],[[[141.15042277671958,53.4374],[141.3273683,53.3717258],[141.1101684,53.4472814],[141.15042277671958,53.4374]]],[[[139.21885,54.591814312569824],[139.2781341,54.6149624],[139.21885,54.591814312569824]]],[[[131.4200281,49.2554531],[131.4873698,49.2097858],[131.5143056,49.2490403],[131.6647598,49.3124156],[131.8015489,49.3388299],[131.8844292,49.2732286],[131.9886284,49.255894],[132.0031508,49.2848185],[131.9742145,49.3082832],[132.0235584,49.3379201],[131.9931811,49.3768572],[132.0949255,49.3848104],[132.063027,49.4115375],[132.066048,49.4632723],[132.1113706,49.4941038],[132.2403184,49.489318],[132.2774475,49.4347621],[132.3846292,49.4139062],[132.407715,49.3702993],[132.3665256,49.3342527],[132.3850112,49.2959931],[132.4880847,49.2649087],[132.5636942,49.3096179],[132.6589311,49.2825053],[132.7734127,49.3348222],[132.8111252,49.2362649],[132.9085321,49.2555114],[132.9360398,49.2270145],[133.0552267,49.2146386],[133.2803087,49.0317305],[133.2746014,48.9841265],[133.2235933,48.9611168],[133.2813506,48.8484584],[133.463447,48.8290972],[133.5892766,48.7295026],[133.6971648,48.7466699],[133.7019541,48.7186654],[133.7190693,48.7600238],[133.9253488,48.6355291],[133.9612235,48.6624886],[133.9624197,48.6374473],[134.1144554,48.6325516],[134.2405619,48.6831829],[134.2659517,48.6663037],[134.252861,48.7148908],[134.2924231,48.7420109],[134.3398597,48.7233237],[134.4079078,48.7462038],[134.4148153,48.7181627],[134.4575035,48.7219923],[134.4936866,48.6508896],[134.5786294,48.63086],[134.5588103,48.5984564],[134.6613744,48.6257221],[134.7257954,48.5725115],[134.7688581,48.5740084],[134.8687246,48.6360739],[134.9769738,48.6026189],[134.9924244,48.5270208],[134.9362023,48.5139261],[134.8512274,48.3966089],[134.7743589,48.3748135],[134.7230192,48.2745707],[134.6760736,48.2573316],[134.667496,48.1521969],[134.5446555,48.0324175],[134.6012592,47.9035681],[134.6698204,47.8817313],[134.6633455,47.8248592],[134.7608739,47.7635194],[134.7703977,47.7151355],[134.5631321,47.4784451],[134.4861697,47.4430053],[134.3111775,47.433286],[134.1693339,47.3183854],[134.150077,47.2529601],[134.2197881,47.1869171],[134.2222345,47.1179925],[134.139837,47.092521],[134.055723,46.9750543],[134.0680826,46.9328718],[134.0141809,46.8237464],[134.0467966,46.7741561],[134.0162408,46.7240494],[134.0208528,46.6349613],[134.4327455,46.6974972],[134.4730999,46.7718525],[134.4074271,46.8609995],[134.4528455,46.9202426],[134.432107,46.966705],[134.5488257,46.9652571],[134.5770413,46.993713],[134.5666725,47.0408185],[134.64545,47.069274],[134.66213,47.1242906],[134.7591959,47.1457991],[134.7735844,47.1239344],[134.8403045,47.1684669],[134.9971345,47.1292379],[135.0887747,47.214284],[135.2165051,47.1613095],[135.2333863,47.182129],[135.2970507,47.1618715],[135.2942365,47.1227243],[135.4304874,47.0502967],[135.3908571,47.0154905],[135.3996183,46.9741728],[135.3505031,46.9690286],[135.361515,46.9207174],[135.5745356,46.9800394],[135.608779,46.9495734],[135.7359482,46.9675755],[135.7554811,46.9456333],[135.7045167,46.9173384],[135.7893222,46.8980454],[135.8366676,46.8285927],[135.9494468,46.7972418],[135.9971955,46.8022252],[136.0632607,46.8701554],[136.2341986,46.7754579],[136.3600786,46.7633695],[136.3836106,46.8136497],[136.4491973,46.828955],[136.6189204,46.7949803],[136.6416644,46.8344814],[136.7381501,46.8571325],[136.7337162,46.8850263],[136.7947255,46.901476],[136.8227635,46.9533297],[136.8855604,46.9443173],[136.9010816,46.9878745],[136.9781124,47.0249226],[136.9253296,47.0794948],[136.9487907,47.1678251],[137.0469939,47.2891982],[137.0975609,47.3048612],[137.1861769,47.2612316],[137.2803728,47.2811856],[137.3355872,47.2123088],[137.4651865,47.2094468],[137.5899243,47.3126529],[137.8747295,47.3753042],[137.9177869,47.4069883],[137.9203627,47.4559813],[137.9967492,47.4604866],[138.0778571,47.5119821],[138.0674163,47.591873],[137.9723629,47.6161916],[138.0563323,47.6958671],[137.9934636,47.6884293],[137.9921769,47.722331],[137.8963368,47.7518708],[137.7831867,47.7023781],[137.5988028,47.8049433],[137.4530388,47.7844176],[137.413487,47.8058032],[137.5119039,47.8742495],[137.6007355,47.8867652],[137.6052422,47.9240284],[137.4251489,47.9881144],[137.3082672,48.104368],[137.4513236,48.2029607],[137.5523696,48.2097845],[137.5919272,48.2452992],[137.6638191,48.2531834],[137.7045016,48.2113071],[137.7825558,48.2324431],[137.8828061,48.2108417],[137.9995567,48.2733894],[138.0123456,48.3096995],[138.1763385,48.3352741],[138.1982061,48.4253203],[138.307999,48.4645449],[138.4741107,48.4144513],[138.5003487,48.378936],[138.4626458,48.3187729],[138.5454027,48.2572171],[138.5223282,48.2139398],[138.6319361,48.178699],[138.703497,48.2101053],[138.7235723,48.1409303],[138.6829545,48.1081323],[138.623056,48.1138312],[138.5769376,48.0317362],[138.6962697,47.9625604],[138.7487458,47.8917949],[138.8322323,47.8670794],[138.7582189,47.7962488],[138.7750483,47.7696124],[138.5541379,47.717137],[138.5066953,47.6770505],[138.6314605,47.6026401],[138.5907764,47.5623548],[138.5976003,47.5210089],[138.5368395,47.4819826],[138.7253471,47.4405688],[138.8609809,47.4701192],[138.9958837,47.3907393],[139.0481572,47.4036529],[139.0712999,47.5095195],[139.1969428,47.65548],[139.2762411,47.815062],[139.4027398,47.9236345],[139.5389467,47.9706727],[139.7208164,48.1626364],[139.9237687,48.301153],[140.0327562,48.3300693],[140.0826579,48.402841],[140.1741069,48.4467804],[140.1585474,48.5532544],[140.1931846,48.5951519],[140.1703976,48.6056506],[140.1927636,48.7591731],[140.235218,48.8430104],[140.360747,48.9199499],[140.3908924,48.9756101],[140.3334941,49.0234086],[140.2535662,48.9492465],[140.2619535,48.9733682],[140.2152234,48.9702727],[140.2863801,49.0169365],[140.2004651,49.0141634],[140.3314845,49.0443176],[140.323292,49.0705604],[140.2601358,49.0775715],[140.3513435,49.1035801],[140.3270583,49.10655],[140.3616092,49.1499675],[140.33231,49.1674269],[140.3457426,49.2034482],[140.3105189,49.2165105],[140.3378448,49.2597162],[140.3873178,49.2668391],[140.3721649,49.287594],[140.4241603,49.2954745],[140.4179486,49.4026332],[140.5119452,49.4881138],[140.5035579,49.5322654],[140.5468205,49.5645829],[140.499399,49.6791866],[140.5287868,49.7860554],[140.4480128,49.8083354],[140.3994151,49.8811839],[140.4827976,49.995526],[140.6872793,50.0902525],[140.5108134,50.1499689],[140.4927828,50.3024105],[140.530499,50.3416852],[140.4130829,50.5417422],[140.4918741,50.6289256],[140.4294788,50.7158448],[140.5133784,50.8178267],[140.499522,50.8698958],[140.6487486,50.9571038],[140.6356661,51.004265],[140.679467,51.0357145],[140.6666366,51.1018609],[140.6286364,51.1181844],[140.663177,51.1498314],[140.6584267,51.2213782],[140.5371752,51.2353632],[140.7031271,51.249753],[140.670656,51.3272198],[140.8590886,51.3710557],[140.8652591,51.4221091],[140.7907845,51.4208527],[140.7849174,51.4553869],[140.7273808,51.4660084],[140.784872,51.4650003],[140.8248045,51.5023913],[140.8812673,51.4913759],[140.8760745,51.6279476],[141.1063616,51.682333],[141.1028714,51.7202051],[141.179828,51.7845999],[141.1599165,51.8076011],[141.1847487,51.8431414],[141.3904649,51.9159545],[141.421821,51.9567958],[141.3460736,51.9954008],[141.3481347,52.1006704],[141.4614365,52.159927],[141.5459423,52.1522913],[141.528376,52.2364378],[141.3832722,52.2235572],[141.3179231,52.290936],[141.2594981,52.2935964],[141.1307864,52.3843973],[141.1039708,52.4717217],[141.1485075,52.5092509],[141.2135635,52.5096505],[141.2675597,52.591793],[141.2543773,52.6408789],[141.2843354,52.6573483],[141.2464881,52.7377228],[141.1631059,52.7929053],[141.2398247,52.8658121],[141.1978195,53.0103058],[141.2563025,53.0419048],[141.220756,53.070368],[141.3693775,53.0832088],[141.3429644,53.1027528],[141.3588068,53.136709],[141.4427338,53.1632327],[141.4138254,53.2262184],[141.3275844,53.2264156],[141.4167687,53.2954611],[141.1931534,53.313646],[141.0841805,53.370499],[141.1073009,53.3980474],[140.9916174,53.4125014],[140.9960737,53.4452148],[140.9088021,53.4275452],[140.9033426,53.4638634],[140.944683,53.4970496],[141.1309338,53.4475143],[140.7323103,53.5630115],[140.5467879,53.648169],[140.5059261,53.6846078],[140.5195326,53.7122078],[140.3466593,53.7801992],[140.2562801,53.870787],[140.3276834,53.9562194],[140.207608,53.9993166],[140.1961139,54.0556256],[139.9498522,54.1274107],[139.8795,54.1985],[139.79175,54.203],[139.7895,54.28975],[139.7292242,54.2962723],[139.58425,54.23125],[139.3040871,54.1769421],[139.0098923,54.2189439],[138.75,54.3035],[138.660954,54.286381],[138.7375983,54.2474521],[138.7323957,54.1556438],[138.66225,54.06],[138.7715872,54.0800335],[138.76875,53.97825],[138.69175,53.90375],[138.70875,53.83375],[138.6462309,53.6866058],[138.4625903,53.5235936],[138.2709221,53.5101902],[138.2598913,53.5321558],[138.36625,53.605],[138.3394155,53.6252141],[138.3557954,53.6435235],[138.58575,53.80525],[138.58225,53.9945],[138.37075,53.902],[138.3049238,53.7417501],[137.95025,53.581],[137.3144853,53.532828],[137.2197544,53.5952783],[137.363905,53.6659913],[137.49725,53.6535],[137.4975,53.69125],[137.599,53.77275],[137.60675,53.83175],[137.80325,53.90325],[137.8551456,53.9648099],[137.59575,53.95325],[137.4313029,54.0385649],[137.3008038,54.0519899],[137.3183864,54.11289],[137.3659761,54.1359749],[137.4517248,54.1418397],[137.429,54.081],[137.477,54.09375],[137.4905186,54.1333849],[137.7348086,54.3198484],[137.6307552,54.292761],[137.3942325,54.3054079],[137.375,54.27175],[137.2655,54.2465],[137.2893827,54.2360519],[137.2675,54.21375],[137.1895,54.21],[137.083,54.1265],[137.122729,54.1119628],[137.1587507,54.035892],[137.2700283,54.053418],[137.3047496,54.0296793],[137.1938539,53.8477721],[137.1166795,53.8060696],[137.0660593,53.8460176],[136.9436331,53.8534795],[136.8511541,53.8273057],[136.8579483,53.7980761],[136.7935181,53.7620131],[136.7109387,53.794385],[136.6752026,53.9518636],[136.6997519,54.0198096],[136.7857425,54.0623219],[136.7702329,54.0850069],[136.8004753,54.1109778],[136.7704968,54.1242413],[136.8160514,54.1341152],[136.7545,54.2145],[136.8085,54.235],[136.8044452,54.2589712],[136.7485201,54.2879842],[136.8192277,54.320977],[136.7477917,54.3575829],[136.7404724,54.4126634],[136.7858167,54.4336823],[136.7945,54.4],[136.8315,54.429],[136.8011399,54.4649177],[136.849287,54.4895038],[136.8027177,54.5136752],[136.8820596,54.5644007],[136.80925,54.59875],[136.8309977,54.644583],[136.68425,54.60425],[136.643,54.6235],[136.6663893,54.6842651],[136.6045,54.61775],[136.50975,54.58675],[136.2109568,54.6144322],[135.9595,54.56725],[135.7445,54.56575],[135.668192,54.6569683],[135.2612136,54.7376613],[135.1752325,54.816791],[135.1805509,54.8620865],[135.522,55.083],[135.6981687,55.1140349],[136.0627921,55.2869974],[136.1356367,55.2903081],[136.4202657,55.5681781],[136.5387773,55.5834537],[136.5533156,55.6227288],[136.6011359,55.6144481],[136.7165885,55.6686029],[136.7573508,55.6440695],[136.852289,55.7400379],[136.9806354,55.7958238],[137.053289,55.7874018],[137.0930817,55.8572799],[137.3027307,55.9665242],[137.3948706,55.946723],[137.4361855,56.0433875],[137.5544454,56.1081547],[137.7241283,56.1368531],[137.7775119,56.2157815],[137.8437525,56.2338037],[137.9190827,56.3662985],[138.041578,56.3789899],[138.065024,56.438749],[138.1557955,56.4592481],[138.2268314,56.424575],[138.2572354,56.4658169],[138.1433632,56.4847807],[138.1110015,56.5807979],[138.2721601,56.6201297],[138.2565517,56.6642652],[138.3933888,56.7330067],[138.4690967,56.8146621],[138.4339262,56.8329183],[138.4554618,56.8476515],[138.5622669,56.8665049],[138.5454268,56.7999195],[138.5787382,56.7846733],[138.5553759,56.8272176],[138.6267164,56.9665463],[138.7921801,57.0039549],[138.7955211,57.030373],[138.8728976,57.0137696],[138.9285996,57.0644332],[138.9270703,57.1434126],[139.0276465,57.138065],[139.0584082,57.1989751],[139.1829619,57.2719004],[139.4935906,57.33544],[139.6098003,57.4635711],[139.7937534,57.4864552],[139.8792972,57.6046136],[140.0059353,57.7049702],[140.240718,57.7645666],[140.3065009,57.7470629],[140.4885803,57.8430468],[140.6709612,58.1937976],[140.7772091,58.3039018],[141.0340854,58.4407334],[141.3159339,58.5071795],[141.5623695,58.6121306],[141.6805577,58.6810519],[141.8755125,58.851223],[141.8110227,58.8056102],[141.8459483,58.8615472],[141.9067205,58.9028868],[141.880606,58.8560867],[142.0552781,59.0152204],[142.4228247,59.1884512],[143.0560947,59.3234656],[143.2466518,59.4065924],[143.2753641,59.4007831],[143.2275171,59.3821378],[143.2502812,59.3715263],[143.1582532,59.3466538],[143.3069229,59.3618335],[143.4810883,59.3191796],[143.8837979,59.4011083],[144.9802727,59.3673328],[145.2575405,59.4163191],[145.3247078,59.3857657],[145.6979614,59.4266528],[145.8025595,59.3655847],[145.8222956,59.4119218],[145.9680305,59.4068592],[145.9466951,59.3466749],[145.8512414,59.302082],[145.8265437,59.2463738],[145.9900969,59.1818863],[145.9804551,59.1443179],[146.0472595,59.1411237],[146.2010787,59.209355],[146.3097841,59.1844696],[146.3518509,59.2057245],[146.312952,59.2420147],[146.3381296,59.2650424],[146.3021394,59.2744843],[146.3264478,59.3210655],[146.3031694,59.3914617],[146.4390313,59.4609821],[146.678007,59.4332492],[146.6984063,59.3906199],[146.8503374,59.3599448],[147.1097053,59.4089208],[147.0936363,59.4547304],[147.1484585,59.5045154],[147.1433984,59.606033],[147.1768234,59.6438901],[147.1260499,59.6960045],[147.2167891,59.7353255],[147.1464676,59.7966606],[147.165654,59.8389279],[147.1160253,59.8888139],[147.0281125,59.9149961],[147.062568,59.9332184],[146.9459301,59.9523865],[146.8007701,59.9050548],[146.6974949,59.9790759],[146.6722887,60.0383495],[146.6891123,60.0872943],[146.6159228,60.1159425],[146.5374689,60.0972243],[146.5336771,60.1249838],[146.5004422,60.1233499],[146.4958136,60.1852715],[146.3815886,60.2489624],[145.8574111,60.1702718],[145.5619337,60.3116413],[145.6587997,60.3603095],[145.6573226,60.3881403],[145.6373271,60.4146454],[145.5296572,60.4238887],[145.5305536,60.496357],[145.6407215,60.5175418],[145.6452819,60.5569809],[145.7144867,60.5953835],[145.9285211,60.6179615],[145.9203074,60.6558049],[145.9824248,60.6583755],[146.0817215,60.7360389],[146.1579613,60.7427696],[146.3361034,60.652664],[146.4440248,60.671125],[146.4693135,60.7366638],[146.4512589,60.7808908],[146.4952101,60.7829173],[146.480923,60.8093349],[146.5351924,60.843728],[146.4954217,60.8549113],[146.522454,60.8685562],[146.4792676,60.9147291],[146.4982894,60.9402036],[146.7029707,60.9487133],[146.7567468,61.0064388],[146.6614906,61.0611419],[146.6893047,61.0936084],[146.7637762,61.0966014],[146.7289216,61.1543198],[146.7534366,61.2351676],[146.6977199,61.3051449],[146.7515449,61.4018133],[146.686745,61.4041023],[146.7403706,61.4680327],[146.5789162,61.5328311],[146.6064488,61.5751975],[146.5954826,61.6372783],[146.3883056,61.7434058],[146.3629236,61.7811534],[146.3886507,61.8060011],[146.3476967,61.8414452],[146.2436098,61.8558984],[146.2382141,61.8990872],[146.1402715,61.9069773],[146.1574113,61.9331108],[146.0915331,61.9574714],[146.0187459,61.9446644],[145.9639437,62.0048359],[145.820575,62.0011722],[145.6489397,62.0581832],[145.6410792,61.9827785],[145.4505427,61.9493329],[145.4619182,61.9882649],[145.2906137,62.0053602],[145.2108034,61.9641447],[145.144669,62.0021541],[145.0524805,61.9968427],[144.9562461,62.0668508],[144.7265259,62.046293],[144.5795033,61.9698585],[144.6100945,61.9384431],[144.5848799,61.9189696],[144.619817,61.9054386],[144.5270147,61.8786188],[144.5450429,61.8448033],[144.4119543,61.8332999],[144.3633107,61.7862196],[144.2466099,61.7667428],[144.223743,61.7278033],[144.1480654,61.7563588],[144.115485,61.7338481],[143.944683,61.7549859],[143.9504296,61.8387855],[143.9994889,61.8952274],[143.9414372,61.9171561],[143.9591026,61.9297499],[143.9200012,61.9499438],[143.9222567,61.9942764],[143.7770932,61.9548264],[143.7697928,61.9058648],[143.6989268,61.9039998],[143.6961858,61.8678384],[143.6443179,61.8572084],[143.5980021,61.9445066],[143.636251,61.9777131],[143.6110578,62.0039197],[143.6457881,62.0187038],[143.5062463,62.0538439],[143.4133334,62.0218777],[143.3325459,62.0341584],[143.2296934,62.1174713],[143.1142812,62.0889812],[143.1534175,62.059373],[143.011443,61.9721663],[143.0064718,61.9148424],[142.9541337,61.8967609],[142.7133422,61.9730906],[142.4505708,61.8715801],[142.3941558,61.9036327],[142.4250552,61.9271362],[142.397509,61.9585734],[142.2659906,61.9664996],[142.2669647,62.017924],[142.1898418,62.0394082],[142.1734022,62.0742131],[142.00171,62.0201763],[141.93119,62.0386572],[141.8437355,62.0112039],[141.8539308,62.0838448],[141.7321687,62.0771574],[141.5592833,62.1555293],[141.5075184,62.2769883],[141.4210166,62.3025412],[141.3143786,62.4163143],[141.1274321,62.3968114],[141.07591,62.4332069],[141.0613248,62.4898341],[140.9948423,62.4758979],[140.7879826,62.5262885],[140.6433922,62.4073462],[140.4220949,62.4162126],[140.3413796,62.3737933],[140.281914,62.2466083],[140.3358277,62.2188276],[140.315923,62.1102558],[140.2413248,62.068294],[140.2759878,62.0378078],[140.1173199,61.968638],[139.9876409,61.9766143],[139.9520848,61.9336892],[139.9800783,61.861453],[139.9375587,61.8040244],[139.7813821,61.6989638],[139.7757557,61.6395387],[139.6922933,61.6622423],[139.6441933,61.5562139],[139.5537578,61.4736093],[139.4457549,61.4949652],[139.3014569,61.4304938],[139.0566958,61.4320703],[139.0626977,61.3646981],[138.9700947,61.3155801],[138.7334182,61.3366874],[138.6359893,61.2798257],[138.651092,61.2269866],[138.7032547,61.2070809],[138.3971307,61.0993807],[138.3364595,61.1074316],[138.3562248,60.9918227],[138.2690917,60.9549151],[138.2069218,60.8570347],[138.2829884,60.8181673],[138.3127989,60.7380833],[138.4289559,60.7036557],[138.3918559,60.6704215],[138.3968392,60.6206545],[138.3319968,60.6042168],[138.3282991,60.5718542],[138.3599178,60.5611354],[138.318036,60.4929937],[138.2674452,60.4811668],[138.3356269,60.4015489],[138.3074658,60.3715208],[138.3192655,60.319131],[138.2132163,60.2778135],[138.1780951,60.2082246],[138.2394753,60.1730354],[138.2116545,60.1019688],[138.2624216,60.0688055],[138.2247594,59.9737231],[138.2659027,59.9351427],[138.1943553,59.91419],[138.1757035,59.8267875],[138.2197447,59.8146007],[138.2200165,59.7306016],[138.2720092,59.7096989],[138.210209,59.6835848],[138.2084782,59.6433843],[138.0315419,59.6564539],[138.0287209,59.6993739],[138.0808922,59.7487415],[138.0340085,59.782405],[138.0311746,59.8247634],[137.8987693,59.7408108],[137.6135782,59.7479263],[137.4498113,59.6455832],[137.4489964,59.5925325],[137.4995444,59.5550899],[137.3547255,59.5416727],[137.1786145,59.4402049],[137.1032761,59.4518979],[136.8211743,59.388431],[136.7630746,59.3372422],[136.605137,59.3814058],[136.3899522,59.3832542],[136.3173511,59.4238105],[136.0853608,59.4203018],[135.8336741,59.5251697],[135.6875359,59.5086745],[135.5080421,59.439284],[135.3491395,59.335389],[135.3624865,59.3113545],[135.2612925,59.2359198],[135.3039462,59.1960278],[135.2382982,59.1802451],[135.2480687,59.1390611],[135.1777553,59.1111386],[134.9526228,59.1688249],[134.8471317,59.1369043],[134.7486451,59.1530275],[134.7212813,59.2187298],[134.5648126,59.2041037],[134.4861613,59.1389909],[134.365691,59.2022581],[134.0317234,59.2618636],[133.6341313,59.2294604],[133.5724884,59.2510181],[133.5706161,59.2957331],[133.4771494,59.3085667],[133.2835811,59.2275562],[133.1709727,59.2414102],[133.1590376,59.2046417],[133.0577872,59.1984747],[132.9338927,59.1050654],[132.8274835,59.1180643],[132.8219193,59.0454751],[132.7488188,59.0187922],[132.8457838,58.9902177],[132.7738962,58.8837601],[132.6643047,58.9105291],[132.5915607,58.8927325],[132.4890231,58.7961066],[132.5363909,58.7821028],[132.5448619,58.7302028],[132.5016667,58.6806975],[132.5463543,58.658676],[132.386507,58.5612508],[132.4309175,58.5108544],[132.3044341,58.5369087],[132.1399293,58.5148625],[132.1850001,58.4698521],[132.1795206,58.4150458],[132.2263051,58.3862284],[132.1984008,58.2546284],[132.1114361,58.2784304],[131.9847212,58.1574403],[132.1022995,58.1236079],[132.1372393,58.0802304],[131.9848232,58.0516905],[131.8630005,58.1492775],[131.7680368,58.1523746],[131.7054896,58.2011909],[131.4533009,58.1968656],[131.5282856,58.1105121],[131.644714,58.0789693],[131.5753245,58.0242028],[131.6980521,57.9495423],[131.798608,57.9342209],[131.7548947,57.8736561],[131.8777579,57.8478455],[131.8793323,57.8154827],[132.023597,57.751953],[132.0712133,57.6870752],[131.9867525,57.664212],[131.9507068,57.6178669],[131.8491163,57.622865],[131.7240493,57.578063],[131.7807729,57.5386161],[131.6054812,57.4273463],[131.6087507,57.3093624],[131.5398864,57.3125396],[131.4879118,57.2641196],[131.347382,57.2767614],[131.2806279,57.3365334],[131.2076791,57.2622119],[131.1217023,57.2594065],[131.201063,57.2071171],[131.192289,57.1678357],[131.3132567,57.1920289],[131.3432647,57.1522297],[131.4978815,57.1093693],[131.5065168,57.0896297],[131.4690621,57.0837622],[131.5004258,57.0244621],[131.6115839,56.9765985],[131.6073813,56.9497848],[131.6401925,56.9515633],[131.7235664,56.8608374],[131.7730091,56.8652772],[131.8116437,56.819534],[131.8025129,56.7765476],[131.8371121,56.7695222],[131.8273464,56.740257],[131.7713034,56.7452389],[131.8016904,56.720038],[131.6796746,56.6811059],[131.720395,56.665584],[131.6645119,56.6199489],[131.7091921,56.6099243],[131.7032474,56.5719672],[131.6438532,56.538629],[131.7537024,56.4899834],[131.731299,56.4736108],[131.6824748,56.4961699],[131.6484131,56.4554361],[131.6171734,56.4789185],[131.6337508,56.5266058],[131.4920974,56.5658779],[131.4082785,56.5092434],[131.4499912,56.4738091],[131.4279609,56.4532533],[131.383884,56.4604804],[131.3882093,56.4997399],[131.3405101,56.5282578],[131.2221156,56.5208445],[131.1543297,56.4199667],[131.1036288,56.4099364],[131.1317084,56.2682082],[130.9912868,56.1675847],[130.9715212,56.0802176],[130.895199,56.0144222],[130.9359397,55.960754],[130.8599307,55.9168149],[130.8919434,55.8425744],[130.9633973,55.8101422],[130.952768,55.7121765],[131.1425416,55.6437137],[131.2267976,55.694649],[131.3352452,55.6510162],[131.4932736,55.6971939],[131.5781922,55.6550917],[131.6376745,55.7091821],[131.7701694,55.6959762],[131.8274372,55.6478143],[131.9400548,55.6590206],[131.9414868,55.7047137],[131.9711239,55.7136328],[132.1557174,55.6793258],[132.1597168,55.7106218],[132.2209822,55.7076015],[132.2636189,55.7426918],[132.4410574,55.7427815],[132.5581523,55.709942],[132.56441,55.6734199],[132.663448,55.6246822],[132.6881097,55.5851016],[132.6393721,55.5566418],[132.6611804,55.521493],[132.7632575,55.4562953],[132.9720593,55.4018583],[132.7736198,55.3478347],[132.6794143,55.3563023],[132.6926484,55.3011197],[132.6114887,55.235266],[132.3612241,55.2446795],[132.3371762,55.2223234],[132.3931512,55.1881255],[132.3502395,55.1772397],[132.4035174,55.162202],[132.374153,55.1564768],[132.4385778,55.1181554],[132.4257981,55.0852679],[132.0862813,55.0615852],[131.9711123,55.0188996],[132.0888644,55.0009782],[131.9388214,54.8919469],[131.8211761,54.89004],[131.6715376,54.7754465],[131.6184095,54.7937909],[131.5511957,54.7429551],[131.3948903,54.73728],[131.2866467,54.6588115],[131.1712602,54.6364205],[131.1905215,54.5679935],[131.2330444,54.553191],[131.1068222,54.3544179],[131.1207982,54.335786],[131.0346862,54.2913014],[130.9391629,54.339254],[130.8149519,54.2845829],[130.7359828,54.2988266],[130.7222291,54.2664412],[130.6686074,54.2566122],[130.635677,54.1866071],[130.511178,54.1224156],[130.4962743,53.9873168],[130.3910223,53.9199677],[130.4415988,53.8881555],[130.6869692,53.9001788],[130.7454462,53.848979],[130.8518485,53.8491673],[130.8485043,53.7983783],[130.9004492,53.7743158],[131.0174445,53.8251967],[131.1075582,53.8223384],[131.4197401,53.7544764],[131.4441388,53.739173],[131.4275733,53.6625429],[131.4917251,53.6009198],[131.4552219,53.5766373],[131.4804708,53.5675521],[131.4512727,53.5101096],[131.5049894,53.4482136],[131.4955487,53.3993456],[131.5334407,53.3336604],[131.5138857,53.2719704],[131.4415488,53.2213154],[131.8064259,53.2575283],[131.8546878,53.2315784],[131.8286407,53.1627868],[131.8967949,53.1358082],[131.9582854,53.1612405],[132.0131132,53.1392318],[132.1056028,53.2405343],[132.2489833,53.22612],[132.2796759,53.2554383],[132.5095019,53.2149908],[132.6614685,53.2455138],[132.8618931,53.2352533],[132.8980124,53.2529367],[132.8886453,53.2983424],[133.1348728,53.303421],[133.1224359,53.3402678],[133.1983652,53.4318699],[133.5670761,53.5498353],[133.7068054,53.4673334],[133.7877036,53.4930375],[133.9464775,53.438939],[134.0966164,53.4558982],[134.1132709,53.4989364],[134.1952848,53.4822346],[134.2059767,53.5213546],[134.4084309,53.5812825],[134.4455066,53.5584606],[134.4563066,53.6080365],[134.5327692,53.6217088],[134.7219805,53.5310898],[134.7297923,53.4913558],[134.8041523,53.4904353],[134.8015724,53.4555478],[134.8902709,53.4354717],[134.9150952,53.401786],[134.7971636,53.3999082],[134.7827041,53.3404705],[134.8686898,53.317917],[134.8638166,53.2781411],[134.9209128,53.2607202],[134.8875541,53.2096176],[134.8248994,53.1938309],[134.8476034,53.173481],[134.8097291,53.1477706],[134.86055,53.0941796],[134.7717703,53.0702486],[134.5945986,52.9008741],[134.6415365,52.8892991],[134.5900344,52.8510164],[134.6060561,52.8029833],[134.664882,52.7832113],[134.6461581,52.7221832],[134.7322826,52.718633],[134.752147,52.6796783],[134.7411087,52.6240515],[134.6727907,52.627651],[134.5984674,52.5400412],[134.643588,52.4588203],[134.6006436,52.4254413],[134.5221525,52.4247385],[134.4679768,52.4645342],[134.3057299,52.4576564],[134.1671888,52.5135733],[134.10066,52.4809289],[133.9985101,52.5403582],[133.8697049,52.514491],[133.8191426,52.566742],[133.7084842,52.5586459],[133.5011031,52.6417756],[133.2621423,52.6822321],[133.2292838,52.616671],[133.2453181,52.5578693],[133.3002908,52.5168092],[133.2338038,52.4474528],[133.3046695,52.4112904],[133.3069836,52.3611106],[133.4008653,52.3001367],[133.4204497,52.233701],[133.0926961,52.1531264],[133.0421323,52.1748077],[132.9364677,52.1477415],[132.8181342,52.1834119],[132.7593271,52.1220527],[132.5728469,52.0807946],[132.5210596,52.0191675],[132.5214611,51.9581351],[132.3947077,51.9782834],[132.4505997,51.8856843],[132.2865161,51.8045336],[132.2188754,51.8397837],[132.0975936,51.7701632],[132.0657055,51.8005089],[131.9562903,51.7453142],[131.8584914,51.7582656],[131.7798768,51.7004241],[131.6043229,51.6659604],[131.4009112,51.6919478],[131.4402541,51.6688884],[131.3914328,51.6501435],[131.3901401,51.5946682],[131.4704318,51.4831289],[131.490443,51.3467111],[131.4088618,51.3452652],[131.3605953,51.389378],[131.2555579,51.3647974],[131.2244038,51.2875673],[131.1739566,51.2559157],[131.042859,51.2391232],[131.0289842,51.1757723],[130.9601586,51.1216227],[130.9465097,51.0397571],[130.7984809,51.0255923],[130.7654321,50.9927909],[130.7573532,50.9535913],[130.8833069,50.8914837],[130.7873866,50.8649136],[130.6741667,50.7455928],[130.7117366,50.7216676],[130.7038263,50.6947751],[130.6447516,50.6620019],[130.723473,50.6059538],[130.7751116,50.6590176],[130.9679053,50.6477102],[131.0276418,50.579042],[130.8763324,50.4556921],[130.9366854,50.4183521],[130.9421234,50.3623366],[131.0236516,50.434764],[131.1305502,50.4318434],[131.1749249,50.3554025],[131.3048387,50.3764598],[131.3239347,50.2893319],[131.4215135,50.2577085],[131.4128288,50.2162398],[131.4550243,50.1892348],[131.3903076,50.1645245],[131.3755539,50.0986041],[131.4300659,50.0516596],[131.4240542,49.9910276],[131.3866753,49.9742502],[131.5238787,49.9021429],[131.4655186,49.8018279],[131.5204148,49.7578033],[131.4894026,49.7243785],[131.3524145,49.6988008],[131.3755062,49.6611436],[131.4457226,49.6702726],[131.5103497,49.6148581],[131.503814,49.4604037],[131.5278838,49.4278651],[131.4200281,49.2554531]]],[[[136.40635,54.63341693144743],[136.4661142,54.6417013],[136.353259,54.6488093],[136.3302019,54.6974765],[136.2576774,54.686224],[136.287918,54.649705],[136.40635,54.63341693144743]]],[[[138.244,54.71825],[138.18075,54.711],[138.244,54.71825]]],[[[138.3231789,55.0650428],[138.4050761,55.0432845],[138.429235,55.0783965],[138.3481262,55.0945858],[138.3231789,55.0650428]]],[[[143.1471137,59.3447145],[143.0622848,59.3251602],[143.1471137,59.3447145]]],[[[144.6237444,59.3723077],[144.777796,59.372971],[144.6237444,59.3723077]]],[[[137.26784747228956,54.84365],[137.236,54.76175],[137.49075,54.866],[137.7113167,54.6161585],[137.891,54.75875],[137.949844,54.7521853],[138.0005,54.786],[137.9972381,54.9205096],[138.0779874,54.9811637],[138.222,55.02425],[138.05475,55.05425],[137.9360196,55.1412265],[137.763095,55.1421189],[137.6316268,55.1968216],[137.5569878,55.1828779],[137.49075,55.0455],[137.3025,54.90575],[137.26784747228956,54.84365]]],[[[136.5338889,54.96036987404399],[136.5003387,54.9547652],[136.5672704,54.9500912],[136.5338889,54.96036987404399]]],[[[136.7780041,54.8944281],[136.7630522,54.9318956],[136.9003693,54.9607597],[136.9415221,54.9461077],[136.9414568,54.9139893],[137.0637774,54.9159914],[137.0922671,54.9451703],[137.0565419,54.9756777],[137.0715103,55.0063435],[137.19682,55.1105148],[137.0139881,55.1057292],[136.6817778,54.9507431],[136.6742365,54.8970904],[136.7780041,54.8944281]]]]}},{"type":"Feature","properties":{"name":"Chukotka Autonomous Okrug"},"geometry":{"type":"MultiPolygon","coordinates":[[[[-169.0364064,65.8139425],[-169.0847419,65.8180363],[-169.1202118,65.7607904],[-169.0493405,65.7507472],[-168.9973342,65.7992219],[-169.0364064,65.8139425]]],[[[-177.1874288067219,65.52149652903577],[-177.1666699,65.53111],[-177.22808,65.5401301],[-177.19451,65.52833],[-177.299,65.4820199],[-177.60808,65.44425],[-178.4263212,65.4461128],[-178.7467099,65.4771299],[-178.4141218,65.4447428],[-177.5884799,65.44368],[-177.36938,65.46491],[-177.1874288067219,65.52149652903577]]],[[[-174.06167,66.2345699],[-174.0264501,66.2265599],[-174.03696,66.2506701],[-174.07622,66.2498999],[-174.06167,66.2345699]]],[[[-174.0060001,66.2305401],[-173.97115,66.2632101],[-174.0204899,66.2509901],[-174.0060001,66.2305401]]],[[[-172.5685199,64.6360301],[-172.6876999,64.6533901],[-172.7331799,64.62268],[-172.6221099,64.59452],[-172.4466599,64.6099],[-172.48183,64.6430599],[-172.5685199,64.6360301]]],[[[-172.59092,64.68746],[-172.0626256,64.7568345],[-172.39336,64.8371601],[-172.50439,64.810079],[-172.6410901,64.69228],[-172.59092,64.68746]]],[[[-172.23575,65.48625],[-172.212,65.487],[-172.23575,65.48625]]],[[[-172.24729,66.9716699],[-172.4036301,66.9877501],[-172.18554,66.9639601],[-172.24729,66.9716699]]],[[[-172.5826499,66.9974499],[-172.42027,66.9873499],[-172.6275499,67.0140099],[-172.5826499,66.9974499]]],[[[-174.69402,67.0148801],[-174.6697904,67.0609538],[-174.72063,67.1457301],[-174.7025,67.1133901],[-174.7480001,67.0611],[-174.72572,67.0805801],[-174.6967799,67.05233],[-174.7400299,67.01163],[-174.69402,67.0148801]]],[[[-174.6655044,67.164027],[-174.69948,67.22687],[-174.67889,67.1461901],[-174.6655044,67.164027]]],[[[-174.70624,67.1849801],[-174.6950801,67.2111001],[-174.70624,67.1849801]]],[[[-180,65.03847],[-179.760689,65.1353162],[-179.6674077,65.1394448],[-179.5369039,65.2382941],[-179.5222575,65.327113],[-179.4793422,65.3637763],[-179.4877536,65.410605],[-179.2718036,65.5274184],[-179.3384082,65.5728904],[-179.2736738,65.6297262],[-179.41857,65.66069],[-179.461146,65.6296077],[-179.4579938,65.662888],[-179.424643,65.66346],[-179.7551999,65.7867499],[-179.7162799,65.8133099],[-179.681518,65.7818781],[-179.79506,65.93989],[-179.7512999,66.03751],[-179.76181,66.0835501],[-179.6601194,66.1479628],[-179.6805879,66.1667838],[-179.5957301,66.17213],[-179.5297782,66.122562],[-179.6384287,66.1110616],[-179.30109,66.12644],[-179.1954657,66.194112],[-179.3808735,66.2818599],[-179.3894968,66.3184838],[-179.1604365,66.2635908],[-179.1197016,66.2746212],[-179.1203151,66.343139],[-179.073899,66.3673542],[-179.0430806,66.2679691],[-179.104985,66.2483841],[-178.9621305,66.1607799],[-178.844955,66.156369],[-178.7279403,66.1872625],[-178.7009124,66.2518935],[-178.6322475,66.2764944],[-178.5993022,66.3561932],[-178.5359705,66.3477823],[-178.5365371,66.3780802],[-178.4772164,66.3883882],[-178.4419043,66.3497001],[-178.46149,66.3208101],[-178.43848,66.2791399],[-178.4997,66.25172],[-178.44412,66.2216501],[-178.5249504,66.1598456],[-178.4825081,66.1308402],[-178.6577679,66.0863995],[-178.6523259,66.0251973],[-178.7345292,65.9754835],[-178.8831439,66.0014708],[-178.9234859,66.0415163],[-178.8213388,65.9445232],[-178.8281393,65.9106399],[-178.8814499,65.9081],[-178.7157911,65.8442288],[-178.681629,65.7885865],[-178.6208454,65.8040505],[-178.6516386,65.7796746],[-178.6036001,65.7410301],[-178.4790375,65.7508342],[-178.404745,65.702915],[-178.53498,65.49306],[-178.2608699,65.4530701],[-177.4292599,65.4676401],[-177.3207201,65.4872001],[-176.9157399,65.6685401],[-176.87909,65.65514],[-176.9848899,65.63614],[-176.8017899,65.59232],[-177.02084,65.61767],[-176.99285,65.60848],[-177.1600901,65.57832],[-176.91733,65.6009799],[-175.9191499,65.4118201],[-175.8880101,65.35875],[-175.9152501,65.33197],[-175.8606699,65.27902],[-176.0436799,65.39954],[-175.73298,65.1338099],[-175.78623,65.09828],[-175.79823,65.02665],[-175.8928601,65.0017045],[-175.7779699,64.97117],[-175.7853999,64.9450399],[-175.48184,64.87916],[-175.4723499,64.83666],[-175.3559299,64.8332],[-175.45339,64.80033],[-175.4290799,64.7749199],[-175.04703,64.76151],[-174.9335333,64.788414],[-174.3712598,64.6342851],[-174.2318823,64.6505396],[-174.2458205,64.6348195],[-174.2132203,64.6318007],[-174.3385562,64.629393],[-174.0417099,64.53138],[-174.0450599,64.4814001],[-173.99219,64.4159299],[-173.653759,64.3261641],[-173.53334,64.33116],[-173.2998159,64.4367794],[-173.2794629,64.4785341],[-173.3664756,64.585494],[-173.34177,64.60354],[-173.3274922,64.5744305],[-173.27465,64.5741399],[-173.2802255,64.5203574],[-173.2160778,64.5215021],[-173.2550155,64.4181664],[-173.1550091,64.438868],[-173.2454854,64.3852],[-173.261171,64.4060829],[-173.3550095,64.3730295],[-173.3721541,64.2964038],[-173.1089168,64.2414385],[-172.9321,64.26255],[-172.9669601,64.31428],[-172.9244999,64.4069399],[-172.93625,64.33004],[-172.88621,64.3015299],[-172.92565,64.27978],[-172.8368999,64.2998501],[-172.79092,64.42654],[-172.8531199,64.46235],[-173.0259032,64.4377],[-172.96479,64.49058],[-172.760815,64.5078122],[-172.7592368,64.4639248],[-172.7131084,64.4351906],[-172.7246199,64.39817],[-172.59303,64.3720299],[-172.2292972,64.4037339],[-172.3574701,64.4700601],[-172.41901,64.54237],[-172.57912,64.5515],[-172.77267,64.61121],[-172.8433399,64.60778],[-172.8904799,64.56574],[-172.97957,64.56765],[-172.8277799,64.6552999],[-173.0841834,64.6493802],[-172.84296,64.68991],[-172.83841,64.72859],[-172.77726,64.72704],[-172.74089,64.76175],[-172.9204061,64.8140607],[-172.91009,64.83692],[-173.1817419,64.7493774],[-173.1854643,64.7742974],[-173.07523,64.7912943],[-173.0544003,64.8031573],[-173.0846651,64.8301792],[-172.9855187,64.8585033],[-172.7596299,64.8331501],[-172.5361949,64.9085037],[-172.5058317,64.9101007],[-172.6542299,64.86813],[-172.38877,64.9228901],[-172.2593903,64.9669322],[-172.0856501,65.0805201],[-172.19788,65.18989],[-172.1765099,65.2913399],[-172.22144,65.32475],[-172.0824201,65.48539],[-172.3043599,65.4175299],[-172.4607601,65.45817],[-172.27786,65.45957],[-172.4011601,65.5339299],[-172.36043,65.57497],[-172.6587103,65.6272035],[-172.6249999,65.68618],[-172.32317,65.65637],[-172.3112599,65.6782101],[-172.25916,65.6525599],[-172.31417,65.6255001],[-172.20955,65.5851899],[-172.2579838,65.5462506],[-172.0495399,65.5558199],[-171.9661401,65.5206999],[-171.7383396,65.5072323],[-172.0711679,65.4757837],[-171.28445,65.52684],[-171.0457399,65.4662299],[-170.98729,65.5002499],[-170.98106,65.5888499],[-171.2381202,65.6537994],[-171.3303101,65.7162201],[-171.25956,65.7206999],[-171.3934584,65.7551466],[-171.4193463,65.8156577],[-171.47612,65.82681],[-171.4258996,65.8352816],[-171.2357793,65.7660348],[-171.1771301,65.7029199],[-170.8837599,65.6536301],[-170.84244,65.6206],[-170.58281,65.6049],[-170.5011999,65.6523399],[-170.5294399,65.7690401],[-170.47487,65.8051701],[-170.5083099,65.8490099],[-170.6122401,65.8290999],[-170.5945,65.8464499],[-170.5277301,65.84549],[-170.39541,65.92455],[-170.4181499,65.93401],[-170.26254,65.9510699],[-170.1933101,65.9798699],[-170.18793,66.01104],[-170.00749,66.04681],[-169.7265001,66.00383],[-169.6518901,66.0782879],[-169.6733472,66.1308393],[-169.7253103,66.1528955],[-170.0807093,66.1981085],[-170.2121201,66.28528],[-170.57048,66.34933],[-170.7019,66.43375],[-171.32964,66.6594501],[-171.38763,66.71965],[-171.3377701,66.75914],[-171.6800099,66.8590299],[-171.6960542,66.8835407],[-171.63068,66.9119],[-171.6725201,66.9413901],[-171.9262599,66.9774399],[-171.9995474,66.9494841],[-172.1848499,66.9632001],[-172.0196299,66.94568],[-172.06838,66.94191],[-173.6447801,67.11369],[-173.7395399,67.07422],[-174.61565,67.06033],[-174.55753,67.0354],[-174.1544301,67.0803701],[-174.5603301,67.0321399],[-174.2056071,67.0548007],[-174.29549,67.04117],[-174.19398,67.0243],[-174.21955,66.9874399],[-174.2795419,66.9804766],[-174.00209,66.9794301],[-174.04711,66.9734399],[-174.0238736,66.8997444],[-173.9618801,66.8422401],[-173.92125,66.6784601],[-174.2644005,66.568947],[-174.2612999,66.4977199],[-174.23707,66.52587],[-174.2617683,66.5668694],[-174.2202932,66.573857],[-174.16305,66.5570701],[-174.1677099,66.5336722],[-173.83585,66.51088],[-173.8114501,66.4708901],[-173.6887562,66.4308806],[-173.73224,66.3497299],[-173.89465,66.33247],[-173.7943,66.3061499],[-173.91011,66.2735701],[-173.9817999,66.20824],[-174.0817,66.2480001],[-174.03529,66.25787],[-174.0175701,66.3193701],[-173.93215,66.33458],[-173.9846,66.4195699],[-173.94173,66.4462301],[-174.0005899,66.46763],[-174.2079169,66.4695416],[-174.1453201,66.42204],[-174.3862201,66.33636],[-174.3027,66.35044],[-174.2959,66.31808],[-174.41,66.27696],[-174.4622899,66.33366],[-174.3946999,66.3520501],[-174.47571,66.39147],[-174.46445,66.46238],[-174.3824,66.4593],[-174.44168,66.5317399],[-174.70336,66.59848],[-174.89062,66.5893299],[-174.8590701,66.61829],[-175.0000699,66.6611101],[-174.7741399,66.7502999],[-174.7012299,66.7222],[-174.7640172,66.900257],[-174.6917406,66.9150618],[-174.85333,66.9784499],[-174.9128601,67.0883899],[-174.88472,67.1075099],[-174.8648908,67.2764678],[-174.74908,67.3097],[-174.8300501,67.3910001],[-175.244,67.55736],[-175.3118901,67.63188],[-175.2584168,67.6524449],[-175.2813626,67.6692112],[-175.8299799,67.8099101],[-175.8011846,67.8492931],[-176.2014201,67.91139],[-177.3295201,68.24012],[-177.5553101,68.1976801],[-177.66131,68.22677],[-177.6754128,68.259406],[-177.60976,68.2666499],[-177.6640501,68.32584],[-177.4323501,68.25925],[-178.4439463,68.5698192],[-178.8812199,68.7658001],[-179.2719416,68.8484937],[-179.4820905,68.9321788],[-179.6786493,68.8990379],[-180,68.97719],[-180,65.03847]]],[[[-174.61875,67.45175],[-174.5871103,67.4603822],[-174.6496296,67.4817428],[-174.61875,67.45175]]],[[[180,68.97719],[179.4004155,69.2305823],[180,68.97719]]],[[[166.6115763,69.4535983],[166.6321942,69.4663176],[166.5825552,69.4647302],[166.6115763,69.4535983]]],[[[180,71.5342],[179.8471747,71.5009064],[179.9295768,71.5129557],[179.8793193,71.4735653],[179.7827745,71.47347],[179.8105679,71.4600164],[179.7861349,71.4411941],[179.5057775,71.4177961],[179.2169464,71.2794766],[178.906028,71.2202128],[178.8433776,71.157696],[178.6278372,71.0720176],[178.6354437,71.0072796],[178.7603955,70.8828834],[178.789812,70.7854656],[179.2502965,70.8727758],[179.6055331,70.8716666],[179.3723888,70.8686691],[179.5605562,70.861554],[179.7475759,70.9061844],[179.6674597,70.8856171],[179.8001377,70.9519485],[179.8685272,70.9590886],[179.7486031,70.9079597],[180,70.97585],[180,71.5342]]],[[[-175.555685,71.3741985],[-175.7459014,71.4087911],[-175.5895101,71.350672],[-175.5175429,71.3717401],[-175.555685,71.3741985]]],[[[-177.97664,71.44501],[-178.21888,71.5161099],[-177.9135201,71.4159],[-177.97664,71.44501]]],[[[-179.1459496,71.6054999],[-179.2820099,71.59898],[-179.0950299,71.6019201],[-179.1459496,71.6054999]]],[[[-180,70.97585],[-179.6712227,70.9478065],[-179.4534566,70.8813532],[-179.5777775,70.86327],[-179.3981165,70.8839856],[-179.45436,70.90233],[-179.1801,70.89354],[-179.4294656,70.8732615],[-179.2325575,70.8838575],[-178.70826,70.9607799],[-177.9055201,71.0240101],[-177.5836701,71.1026],[-177.4764801,71.1543301],[-177.43262,71.2245901],[-177.51023,71.2430401],[-177.51547,71.2696101],[-177.7102901,71.2926399],[-177.8940801,71.4043501],[-177.73026,71.30294],[-177.83776,71.32882],[-177.8129299,71.34036],[-177.91759,71.3914],[-178.0099101,71.3866999],[-177.9683301,71.3682399],[-178.0917699,71.40395],[-178.0070201,71.4055801],[-178.0552999,71.4240201],[-177.98617,71.4362899],[-178.0907699,71.44878],[-178.03823,71.4558499],[-178.1274201,71.48201],[-178.1348701,71.45692],[-178.2578301,71.4632901],[-178.2088399,71.48204],[-178.3144201,71.51183],[-178.1583599,71.49356],[-178.28456,71.5216],[-178.9893999,71.5876901],[-179.06225,71.5879299],[-178.99047,71.57107],[-179.0402099,71.56341],[-179.0223901,71.55382],[-179.12019,71.5699199],[-179.1861701,71.5272199],[-179.3016999,71.52259],[-179.34131,71.5517701],[-179.4935899,71.53672],[-179.4760101,71.56198],[-179.5488923,71.5538348],[-179.5750472,71.5833513],[-179.696785,71.5521515],[-179.6782015,71.5747331],[-179.8606,71.5413201],[-179.76402,71.51959],[-179.98481,71.5122199],[-179.9496928,71.5375301],[-180,71.5342],[-180,70.97585]]],[[[-178.59365,71.5630083512699],[-178.21977,71.5174201],[-179.0207599,71.59654],[-178.59365,71.5630083512699]]],[[[-179.24703,71.58321],[-179.12275,71.58917],[-179.3847,71.59585],[-179.24703,71.58321]]],[[[158.5434444,66.3352353],[158.7231004,66.3159943],[158.7172012,66.2943885],[158.7830079,66.265943],[159.2325707,66.2321394],[159.2155221,66.2162326],[159.2575385,66.1496302],[159.0969695,66.0492347],[159.1088604,66.0242589],[159.035411,66.0045644],[159.0249063,65.9475494],[158.926682,65.888878],[158.9609726,65.8711369],[158.921327,65.8566675],[158.948976,65.8269342],[158.8982301,65.8138525],[158.9341038,65.7666757],[158.9108555,65.7404634],[159.2274611,65.6591371],[159.5775159,65.6181001],[159.7289529,65.5752823],[159.811506,65.5112562],[160.0926818,65.5022327],[160.2409447,65.4329527],[160.2042712,65.4048061],[160.2088264,65.3621889],[160.4159594,65.2759602],[160.4564921,65.2380006],[160.4393448,65.2244228],[160.5122882,65.2034104],[160.5019784,65.1780385],[160.8528262,65.1427498],[161.0370757,65.1779308],[161.3613115,65.1351102],[161.475827,65.0629565],[161.7180851,65.0030012],[161.7561465,64.907003],[161.824628,64.8647316],[161.7989067,64.8404502],[161.8481135,64.8246414],[162.224432,64.7859329],[162.3189794,64.7436611],[162.5455963,64.7572355],[162.6501067,64.7409798],[162.6725999,64.6873611],[162.7524805,64.6621859],[162.9619,64.6568306],[163.2661649,64.6937319],[163.1259134,64.793097],[163.3634678,64.801563],[163.5448916,64.9285873],[163.6778535,64.8849894],[163.8058524,64.8921849],[163.9077422,64.8480283],[164.0446491,64.8675897],[164.0650077,64.897634],[164.1510008,64.8931375],[164.224707,64.9374689],[164.4718332,64.8747985],[164.5164251,64.8250194],[164.6075915,64.7955277],[164.64371,64.8135885],[164.8003012,64.7672172],[164.894991,64.6746481],[165.0125853,64.6759384],[165.0074844,64.7252439],[165.0387387,64.7472502],[165.0051006,64.8304618],[165.1379465,64.8545768],[165.2866152,64.8275978],[165.3483093,64.7831882],[165.336542,64.7543395],[165.4454954,64.7333354],[165.6850517,64.7503139],[165.758397,64.7147982],[165.7296958,64.6615127],[165.9028344,64.6121099],[165.8209718,64.5865116],[165.8484904,64.5477653],[166.0407282,64.5490838],[166.1857394,64.6200141],[166.2905923,64.5808026],[166.4079407,64.590268],[166.5918558,64.5219145],[166.7299938,64.549762],[166.7878039,64.5188628],[166.992047,64.5363176],[167.1354023,64.5925244],[167.1268546,64.6196908],[167.231553,64.6231826],[167.333357,64.5401555],[167.339302,64.5016768],[167.4765894,64.4822589],[167.4835636,64.4524756],[167.5874743,64.4286916],[167.6876459,64.318892],[167.8095676,64.3459856],[167.8473391,64.2942162],[168.0380531,64.2654954],[168.182753,64.27669],[168.2465531,64.3311367],[168.3670446,64.2970276],[168.5298735,64.3037379],[168.6485239,64.2246729],[168.6520264,64.1936828],[168.8001789,64.1836166],[168.8087362,64.1082323],[168.8901237,64.0477704],[168.876823,63.9847234],[169.0667292,63.9741829],[169.0902495,63.9354086],[169.387495,63.9400755],[169.3764502,63.8732406],[169.5749812,63.8054542],[169.5708386,63.6915122],[169.6416746,63.6544127],[169.554445,63.6318201],[169.5274218,63.5644738],[169.2272149,63.5138094],[169.0941533,63.4139996],[168.8274491,63.3049415],[168.8001608,63.2374198],[168.7094445,63.2267505],[168.7732955,63.2035425],[168.7582906,63.1875546],[168.6198705,63.1782673],[168.4663679,63.0834855],[168.9222446,62.9435813],[169.155907,62.973741],[169.5780095,62.7929739],[169.6014282,62.7636679],[169.5794824,62.7505726],[169.8327451,62.6594698],[170.0480493,62.6746041],[170.0931604,62.6364787],[170.0280082,62.6232793],[170.0445716,62.5787314],[169.9889636,62.5263312],[170.1187597,62.4908399],[170.0741832,62.4409273],[170.1508208,62.4081244],[170.1409177,62.3662007],[170.2137494,62.3285541],[170.187012,62.3006796],[170.2457177,62.2813245],[170.3122915,62.273744],[170.400371,62.3136015],[170.8428042,62.2497855],[170.8817033,62.2807542],[171.0571572,62.2772644],[171.1077634,62.34708],[171.171339,62.3390475],[171.2584044,62.3933516],[171.3149583,62.3725764],[171.2481545,62.3198659],[171.3827443,62.3543195],[171.4026792,62.3017811],[171.4824699,62.2942055],[171.6762663,62.3541629],[171.8933896,62.3592248],[171.8422108,62.405775],[171.978614,62.4162433],[171.9954132,62.4546332],[172.0779099,62.465021],[172.2189386,62.4614868],[172.2591004,62.4246082],[172.2394689,62.3996062],[172.2898901,62.3716984],[172.4522122,62.4389648],[172.5610241,62.4452724],[172.7561713,62.4125844],[172.7546959,62.3578897],[172.8545321,62.3476436],[172.9243086,62.399059],[173.0700087,62.3830735],[173.0957662,62.4183405],[173.1801777,62.4219902],[173.1615237,62.4474564],[173.3297365,62.4487198],[173.5009882,62.523735],[173.6132258,62.4993425],[173.67219,62.5468191],[173.8395802,62.5098815],[173.8984867,62.4353797],[174.0422671,62.4722496],[174.132055,62.4489326],[174.1592911,62.4228131],[174.1510942,62.3378602],[173.9993863,62.2829136],[174.1458875,62.1974721],[174.1081632,62.1569988],[174.1606707,62.0833397],[174.3048729,62.0933566],[174.3584178,62.0737745],[174.3350196,62.0343508],[174.3549867,62.0243972],[174.4518976,62.0239034],[174.447632,61.9867866],[174.4908704,61.9739756],[174.4373362,61.9108477],[174.5188722,61.8701615],[174.4969642,61.8379805],[174.4409169,61.8484144],[174.484761,61.8079367],[175.2128186,62.0076688],[175.5659714,62.1532286],[176.2786922,62.2922592],[176.5448429,62.4160817],[177.1250648,62.5405273],[177.6189864,62.5595709],[178.0894734,62.5312262],[178.3244414,62.4592181],[179.0065179,62.3441817],[179.1125969,62.2753584],[179.1842517,62.3202177],[179.1488294,62.3492683],[179.188115,62.3911081],[179.1192502,62.4173713],[179.133465,62.4521524],[179.2147801,62.492436],[179.4089649,62.4969128],[179.4610048,62.5907498],[179.5968353,62.6261797],[179.6264328,62.7333921],[179.5654707,62.8388109],[179.3635264,62.8781471],[179.2871042,62.9500502],[179.2880002,63.0076463],[179.3355433,63.0533792],[179.4624725,63.0546088],[179.4533122,63.1155032],[179.3275439,63.1957369],[179.0561898,63.2937434],[178.8710295,63.4596566],[178.6865762,63.9735902],[178.2810285,64.4014208],[178.2281585,64.4328913],[178.2401686,64.3800498],[178.2652411,64.4062413],[178.3318811,64.3230927],[178.1214704,64.2301739],[178.1631299,64.1954865],[177.9747294,64.203132],[177.6184084,64.3371432],[177.4215964,64.4781999],[177.4298717,64.5654982],[177.4992775,64.6301731],[177.4835923,64.6574448],[177.5361318,64.7353649],[177.3560488,64.7514611],[177.2233454,64.70351],[177.0864653,64.7051876],[176.7719579,64.5386048],[176.6900586,64.6168496],[176.5389153,64.6684358],[176.4734981,64.6639203],[176.4366877,64.6177003],[176.3520624,64.5930573],[176.2133776,64.6174985],[176.4385548,64.6859911],[176.2481152,64.8214597],[176.2221269,64.87938],[176.4427221,64.8466118],[176.4650802,64.8252121],[176.4479814,64.7952282],[176.5528847,64.7989055],[176.6836005,64.8548629],[176.8316056,64.8221251],[176.9157554,64.8374381],[176.9682306,64.8187856],[176.9710809,64.7795446],[177.0691492,64.7516048],[177.3433275,64.808388],[177.2653611,64.8339375],[177.2792737,64.9106486],[177.0409528,64.9822016],[177.0099883,65.0371243],[176.6272165,64.9763329],[176.5226298,64.9847214],[176.4141293,65.0655059],[176.5809896,65.0363065],[176.6032716,65.0053595],[176.9809459,65.0645678],[177.2185852,65.0084674],[177.2550556,64.9809164],[177.2508545,64.9216431],[177.5322113,64.9263158],[177.4924856,64.8545377],[177.5389078,64.8430169],[177.4055308,64.8146247],[177.5615672,64.7939644],[177.5332431,64.7596558],[177.6177005,64.7565812],[177.6800821,64.7076233],[177.6318413,64.6964883],[177.9966437,64.6788043],[178.0336466,64.6590539],[178.0112616,64.6370119],[178.1374283,64.6663515],[178.3376209,64.636805],[178.2387726,64.6370453],[178.2647719,64.6322719],[178.7543994,64.6764023],[178.8202924,64.6524543],[178.6498913,64.5883287],[178.5165066,64.5825971],[178.5515387,64.5602337],[179.1398197,64.7604986],[179.5121623,64.7962875],[179.8490853,64.9978324],[180,65.03847],[180,68.9698101],[179.7006991,69.0006674],[179.6944766,69.044485],[179.5879198,69.0678845],[179.6013167,69.0879884],[179.5762897,69.094681],[179.6301681,69.1083913],[179.7433928,69.0313701],[179.9804268,68.9792826],[179.2061264,69.2861486],[179.3986658,69.2321268],[178.7611905,69.4052339],[178.4381561,69.456225],[178.0587755,69.46121],[177.5062698,69.5869103],[176.8932383,69.6438158],[176.4343419,69.7363346],[176.1067904,69.8764117],[174.8299124,69.8356998],[174.1004254,69.8757723],[173.8723418,69.8375799],[173.7641118,69.8643149],[173.7568182,69.8075806],[173.6678265,69.8579214],[173.7156537,69.8654692],[173.4809467,69.933088],[173.2871959,69.9135299],[173.1881317,69.8697351],[173.2067674,69.8529838],[173.2887437,69.9045515],[173.5270281,69.8022356],[173.3745843,69.7712693],[173.377059,69.7382767],[173.3378414,69.7272504],[173.3627532,69.7381309],[173.3254252,69.7689712],[173.20614,69.7577388],[173.2285607,69.7605245],[173.1954225,69.7864358],[173.297255,69.7988429],[173.2190831,69.8320001],[172.8462562,69.8965861],[172.7525708,69.9648136],[172.4631876,69.938567],[171.4256205,70.0524884],[170.7732687,70.0815563],[170.5499325,70.1245912],[170.4267738,70.1029242],[170.5817833,70.0690373],[170.5231626,69.9080298],[170.5718104,69.881777],[170.5664238,69.8076188],[170.6288057,69.7603278],[170.5812978,69.7351308],[170.6106581,69.7309582],[170.5692464,69.7354914],[170.610314,69.7628224],[170.2485426,69.7054871],[170.2764751,69.6955144],[170.1993188,69.6674354],[170.1556792,69.5925997],[170.5392827,69.5984214],[170.6486989,69.5652019],[170.6916799,69.52243],[170.6924851,69.4674634],[170.7655364,69.4441462],[170.7678351,69.3620404],[170.8134869,69.3753463],[170.7856013,69.3740189],[170.9270746,69.2799277],[170.9362556,69.2341899],[170.8890389,69.1642198],[170.9876914,69.1402745],[171.0329201,69.0942874],[171.0218082,69.0448886],[170.9454216,69.0033437],[170.4317333,68.8495386],[170.4289004,68.8208367],[170.5788266,68.8065733],[170.4241303,68.7839726],[170.3694044,68.8226804],[169.9744793,68.7742502],[169.5903045,68.7717732],[169.4667846,68.8082429],[169.4143955,68.8585227],[169.4451396,68.932996],[169.4214995,69.0157512],[169.3318687,69.079628],[169.1040268,69.0870099],[168.7127837,69.1987322],[168.3047227,69.2192224],[168.2301497,69.3016905],[168.2393892,69.4094268],[168.2124046,69.4180056],[168.2679272,69.4668162],[168.284185,69.5429494],[167.9375845,69.6413188],[168.0505539,69.6860821],[168.1018894,69.6745654],[168.0619386,69.7409181],[167.9448294,69.7678335],[167.7329564,69.7640829],[167.2139619,69.5527227],[167.2411937,69.5508414],[166.9795699,69.4778028],[166.6917415,69.4826234],[166.6063609,69.4519852],[166.5228354,69.4646228],[166.7294247,69.5070535],[166.2365798,69.5057891],[165.8067083,69.5703708],[165.2421175,69.5898257],[164.9558628,69.5604678],[164.6074759,69.577157],[164.2694318,69.6605465],[164.0906964,69.7508325],[163.9932868,69.7509425],[163.7842615,69.6771569],[163.4888539,69.6738424],[163.3010576,69.7048515],[162.7642186,69.6338929],[162.5845199,69.6710233],[162.32411,69.5909937],[162.4140585,69.5554538],[162.3223333,69.5285336],[162.4320791,69.4542064],[162.3478895,69.408152],[162.5427808,69.3737271],[162.5135333,69.3285052],[162.5629968,69.2887697],[162.6989639,69.2440106],[162.7724733,69.1813515],[162.8264636,69.183649],[162.6853167,69.1238388],[162.5357319,69.1074622],[162.5108443,69.0675569],[162.5770962,69.0353017],[162.539667,68.9825843],[162.7517995,68.9171881],[162.7636066,68.8801644],[162.8552088,68.8312292],[162.7381037,68.7698636],[162.5916083,68.7776316],[162.6032436,68.6853695],[162.7095875,68.6582413],[162.7516852,68.5839546],[162.5638244,68.483344],[162.6165632,68.4373204],[162.5560079,68.3930501],[162.5479502,68.3330411],[162.4475257,68.2841032],[161.9804952,68.3594827],[161.7139804,68.3452927],[161.6441368,68.3756935],[161.449741,68.3779357],[160.7317102,68.2479893],[160.0638246,68.2671387],[159.8315588,68.2495179],[159.7929428,68.2262409],[159.8043807,68.187606],[159.7625161,68.1799638],[159.6370405,68.2230306],[159.2448844,68.1897733],[158.8979713,68.1017705],[158.6469845,68.1274068],[158.3251455,68.0605556],[158.215908,67.9348214],[158.1035656,67.9140215],[158.0568028,67.8735269],[158.1060308,67.8217213],[158.2590225,67.820674],[158.3639401,67.724236],[158.1698673,67.6948152],[157.9420388,67.7239696],[157.8100906,67.6745681],[157.8481205,67.6594775],[157.7775568,67.6222533],[157.757754,67.5922046],[157.78304,67.5746872],[157.7307809,67.5167466],[157.7994468,67.489086],[157.7930541,67.4490082],[157.9093462,67.4193938],[157.8077269,67.3514988],[157.8426059,67.3332607],[157.8226205,67.298411],[158.0931552,67.2276823],[158.3808977,67.1011852],[158.7139604,67.0373571],[158.8117918,66.9627645],[158.787335,66.8938705],[158.8631998,66.869575],[158.8818804,66.8433909],[158.8471269,66.8372389],[158.8582433,66.8173527],[158.9600363,66.7605868],[158.7204987,66.7024931],[158.7421043,66.6706821],[158.7225905,66.6417646],[158.6362401,66.5664245],[158.5350208,66.5484311],[158.4907416,66.5029672],[158.5043914,66.4629005],[158.3686645,66.4321023],[158.5434444,66.3352353]]],[[[166.5637945,69.4571018],[166.5436019,69.4648239],[166.5637945,69.4571018]]],[[[166.7706675,69.4851634],[166.7166819,69.4800787],[166.8406394,69.4680753],[166.7706675,69.4851634]]],[[[166.90176,69.4837829],[166.8115831,69.4862771],[166.90176,69.4837829]]],[[[166.5674035,69.4666567],[166.6591235,69.4755227],[166.5861999,69.4943529],[166.6042862,69.4778256],[166.5674035,69.4666567]]],[[[166.6803468,69.4767251],[166.7454031,69.497179],[166.6803468,69.4767251]]],[[[166.6543323,69.4795304],[166.6666742,69.4976933],[166.6154253,69.4951074],[166.6543323,69.4795304]]],[[[169.1727169,69.9412326],[169.3733283,69.8979783],[169.1727169,69.9412326]]],[[[168.2372735,69.6356573],[168.2587459,69.6415291],[168.23871,69.6595565],[168.208117,69.6445098],[168.2372735,69.6356573]]],[[[170.0487622,69.6876126],[170.1056068,69.6864407],[170.0487622,69.6876126]]],[[[173.343559,69.7454148],[173.3619998,69.7756172],[173.343559,69.7454148]]],[[[167.7393677,69.7793311],[167.7831847,69.7975745],[167.7393677,69.7793311]]],[[[170.09933,69.7221701],[170.1261941,69.7019052],[170.2249324,69.7712931],[170.3092937,69.76646],[170.1282893,69.7714436],[169.9716338,69.7322381],[170.09933,69.7221701]]],[[[168.7501,69.57368341116135],[169.1832704,69.5536443],[169.3030847,69.6494191],[169.2630373,69.7126825],[169.3178318,69.7261998],[169.2680634,69.7540508],[169.4104055,69.7592502],[169.4537202,69.8387761],[169.0414271,69.9258361],[168.8663,69.926265],[168.4674616,70.0335566],[168.1070982,69.9836009],[167.9279388,69.9117146],[167.7905812,69.8115267],[168.0989588,69.7479719],[168.1680974,69.6792683],[168.7501,69.57368341116135]]]]}},{"type":"Feature","properties":{"name":"Dagestan"},"geometry":{"type":"MultiPolygon","coordinates":[[[[47.6840096,43.9085911],[47.7195177,43.8963122],[47.6840096,43.9085911]]],[[[47.7180414,43.9190714],[47.7180414,43.9190714]]],[[[45.7735261,42.4882012],[45.781574,42.446946],[45.734701,42.378317],[45.752271,42.308012],[45.652429,42.292216],[45.608612,42.212313],[45.78603,42.102069],[45.897218,42.106021],[45.927909,42.031495],[46.073375,42.04061],[46.10629,41.986029],[46.2565038,42.0061291],[46.282439,41.945439],[46.399361,41.940573],[46.4766983,41.8827374],[46.5370359,41.8804545],[46.582208,41.8032352],[46.7599041,41.8616888],[46.7922704,41.7736363],[46.8641528,41.7200804],[46.9149742,41.7265823],[46.9274145,41.6766516],[46.9995115,41.6413435],[47.0186459,41.5558645],[47.1241199,41.5831322],[47.1730683,41.5300024],[47.158089,41.4991218],[47.2421247,41.4463479],[47.2187646,41.4000375],[47.26012,41.3956475],[47.2709731,41.3280565],[47.3745102,41.2727728],[47.4983595,41.2684393],[47.5038814,41.227439],[47.556836,41.1985138],[47.6204912,41.2371352],[47.7482544,41.1874478],[47.8856094,41.2194184],[47.8984036,41.2988281],[47.9706294,41.3229378],[47.9501433,41.3511242],[48.0014051,41.3731814],[48.0022289,41.4299591],[48.0637341,41.4575127],[48.0647888,41.4922877],[48.2242755,41.5169331],[48.3773438,41.5910141],[48.5920872,41.8424876],[48.3609499,41.9568384],[48.2907844,42.1058086],[47.9953112,42.4104321],[47.8874438,42.5812172],[47.7925603,42.6076548],[47.7335588,42.6688673],[47.6975152,42.8699436],[47.4685955,43.0060497],[47.4817388,43.1518806],[47.5560961,43.2826369],[47.5157826,43.3599066],[47.5515066,43.2959909],[47.5108395,43.2793263],[47.4838857,43.3095146],[47.4849123,43.384358],[47.510623,43.3645564],[47.4865861,43.3981239],[47.5017871,43.4709199],[47.5885299,43.7165182],[47.7002797,43.8880874],[47.580132,43.880659],[47.5474577,43.7859234],[47.459556,43.8199416],[47.4695124,43.8590676],[47.4310602,43.8758987],[47.22438,44.2198894],[47.1124567,44.2208736],[47.004607,44.3656447],[46.9490351,44.3739598],[46.9641413,44.3413119],[46.9007983,44.3237532],[46.889922,44.3624584],[46.7746271,44.3704013],[46.6798701,44.4679965],[46.6978945,44.6868681],[46.7318835,44.6528077],[46.7322268,44.6846712],[46.8657793,44.7440787],[46.9073214,44.7986748],[46.8136805,44.8077237],[46.8376584,44.7685058],[46.8179566,44.7603273],[46.7560616,44.7988013],[46.7698152,44.8263101],[46.5045787,44.9342965],[45.9824738,44.9891213],[45.7051159,44.9773628],[45.6134741,44.8739849],[45.6555365,44.8036917],[45.5219162,44.6793978],[45.4123297,44.5941606],[45.2607203,44.5893439],[45.2394718,44.5567733],[45.2681234,44.517956],[45.2311166,44.5067937],[45.2267404,44.4675183],[45.3584139,44.4646549],[45.4290863,44.4288026],[45.3715098,44.2901445],[45.1366723,44.2537973],[45.1034215,44.1909081],[45.5029861,44.1756877],[45.4906809,44.0076503],[45.7151247,43.9529351],[45.8588196,43.9713796],[46.0711977,43.9305458],[46.0580213,43.8853949],[46.0026361,43.8809795],[46.0440427,43.8198426],[46.0782907,43.8171674],[46.0948785,43.8610809],[46.2158834,43.8592094],[46.2501308,43.8819524],[46.2520022,43.9449294],[46.3588932,43.9438604],[46.3210815,44.0085956],[46.4401773,44.0021263],[46.4491967,43.8756992],[46.5901582,43.8736768],[46.6194413,43.8299601],[46.6620412,43.8362951],[46.6305129,43.7704272],[46.5553953,43.75889],[46.4551281,43.6631409],[46.4125308,43.5941775],[46.4332256,43.5362457],[46.3275714,43.4497803],[46.369918,43.3417467],[46.4240663,43.2951477],[46.3921707,43.2028402],[46.4368393,43.1862372],[46.3861927,43.1483129],[46.4330158,43.0829614],[46.5044513,43.0859518],[46.5228954,43.040563],[46.4892285,43.0291608],[46.5198522,43.0237903],[46.4664588,43.0129067],[46.5338588,42.9234564],[46.3680797,42.8409702],[46.3086888,42.9120962],[46.3021173,42.8658767],[46.1833108,42.887829],[46.1147686,42.8015228],[46.1675622,42.7774683],[46.1746161,42.733151],[46.0772515,42.7185218],[46.0773346,42.6811603],[46.015303,42.6750381],[46.0012266,42.5942333],[45.9258085,42.6045513],[45.8953233,42.5840393],[45.9133479,42.5534237],[45.7735261,42.4882012]]],[[[47.7939619,43.9498959],[47.7129613,43.9981556],[47.6354165,43.9750305],[47.6526116,43.9445103],[47.7457571,43.9784521],[47.7637288,43.9542232],[47.7342913,43.9393808],[47.7939619,43.9498959]]],[[[47.4832789,44.4518153],[47.5643506,44.4253457],[47.5428571,44.4883729],[47.5464393,44.4295868],[47.5201175,44.4416389],[47.5255688,44.4943932],[47.4832789,44.4518153]]]]}},{"type":"Feature","properties":{"name":"Kaliningrad"},"geometry":{"type":"MultiPolygon","coordinates":[[[[19.648615891827397,54.4532277146658],[19.8872153,54.6332278],[19.86531,54.6467],[19.648615891827397,54.4532277146658]]],[[[20.9537024,55.2808334],[20.68016,55.05776],[20.49989,54.96931],[20.35393,54.93724],[20.2708051,54.9631718],[19.9772554,54.9604594],[19.9314362,54.901593],[19.95755,54.7561853],[19.8686837,54.6491964],[19.9638444,54.6396727],[19.946764,54.7030663],[20.02184,54.72653],[20.082361,54.6520382],[20.1739388,54.6946894],[20.2740413,54.6922264],[20.2872423,54.6319655],[20.06749,54.54952],[19.9933163,54.5768548],[19.94407,54.5006],[19.8038606,54.4424045],[21.4461125,54.3182154],[22.7919888,54.3633414],[22.7010873,54.4535972],[22.6805898,54.533372],[22.7137585,54.5636592],[22.6838586,54.585972],[22.7487738,54.6308947],[22.7233379,54.686016],[22.743582,54.7314983],[22.886659,54.8140818],[22.8396881,54.8642311],[22.8463134,54.897382],[22.7544855,54.9186055],[22.7663508,54.9354772],[22.6780717,54.9875007],[22.6440633,54.9698957],[22.5892361,55.070243],[22.4705972,55.0445261],[22.1585655,55.0556385],[22.072708,55.0255641],[22.0324081,55.084098],[21.9163905,55.0809924],[21.6491949,55.1808113],[21.5015124,55.1868198],[21.3805534,55.2935086],[21.2712057,55.2440891],[21.28927,55.22405],[21.25863,55.19749],[21.28766,55.18718],[21.17915,55.19712],[21.21419,55.00908],[21.2809349,55.024525],[21.2133,55.00781],[21.24841,54.95779],[21.2075171,54.9192566],[20.99673,54.89081],[20.8690851,54.8998058],[20.7801025,54.948075],[20.511703,54.9539965],[20.863705,55.1532372],[20.9130991,55.224356],[20.9983452,55.2653056],[20.9537024,55.2808334]]]]}},{"type":"Feature","properties":{"name":"Orenburg Oblast"},"geometry":{"type":"Polygon","coordinates":[[[50.7681628,51.7730366],[50.871413,51.7534621],[50.8936136,51.6813752],[51.2531067,51.6870451],[51.303713,51.6410569],[51.380206,51.6412431],[51.3803263,51.56343],[51.2404395,51.5631243],[51.2477329,51.5252261],[51.2856128,51.5319089],[51.286546,51.4877849],[51.3801758,51.4761548],[51.566159,51.5058022],[51.6041271,51.550782],[51.6571112,51.505099],[51.6298564,51.4749742],[51.6558683,51.4486144],[51.7385855,51.4651349],[51.8135514,51.4970155],[51.7710736,51.5820159],[51.856608,51.6738058],[52.0900606,51.6583765],[52.1739702,51.687327],[52.1798509,51.7332749],[52.3353647,51.7433187],[52.3195061,51.7663392],[52.3586696,51.7758986],[52.3843702,51.6831874],[52.5088762,51.5417933],[52.5049031,51.5058873],[52.5540624,51.4872476],[52.5458791,51.4601079],[52.5864911,51.4777712],[52.6198541,51.4546801],[52.6552295,51.4906539],[52.687832,51.4567125],[52.6752106,51.4781988],[52.7471282,51.4862738],[52.7712595,51.5220202],[52.8332954,51.4864313],[52.8986322,51.5034314],[52.8717266,51.4746568],[52.9247247,51.4979816],[52.9501306,51.455108],[52.9461824,51.4771379],[53.0704652,51.5047137],[53.1557809,51.4874006],[53.1422197,51.5210589],[53.1887399,51.5353695],[53.1822168,51.5120858],[53.2550012,51.5118721],[53.2761156,51.4820557],[53.4264155,51.482231],[53.4372971,51.4385425],[53.4871869,51.4542203],[53.628629,51.3932756],[53.595623,51.3061877],[53.6697837,51.2598553],[53.6683819,51.2254202],[54.0548711,51.15297],[54.036675,51.1414475],[54.1450117,51.0986187],[54.1300105,51.0625678],[54.1944318,51.0316783],[54.158051,51.0099182],[54.2041142,50.9879398],[54.1947751,50.9670755],[54.2885022,50.9492345],[54.2900009,50.9005188],[54.5342429,50.8489222],[54.4735976,50.7784113],[54.4139409,50.6209511],[54.5436939,50.5274156],[54.5928772,50.5596198],[54.6145442,50.5386862],[54.7313548,50.6193289],[54.6571347,50.8230389],[54.6983996,50.8925763],[54.5265299,50.9300007],[54.5942178,50.9423772],[54.5477967,51.0009625],[54.591044,51.0296014],[54.7377907,51.0342874],[54.7850576,50.9849502],[54.8970411,50.9581374],[54.8937687,50.9210352],[54.9243021,50.9141349],[55.0866442,50.9205627],[55.1296619,50.8794654],[55.0561406,50.8194689],[55.1466719,50.7971336],[55.384687,50.6546415],[55.405212,50.6811364],[55.5012703,50.6700957],[55.5348622,50.6140567],[55.707958,50.5490744],[55.829796,50.6224184],[55.9024634,50.620524],[56.0535877,50.6938707],[56.1364537,50.7533688],[56.1329906,50.8300875],[56.1813404,50.9378649],[56.3624428,50.9008085],[56.3929937,50.9456359],[56.3765478,50.9648053],[56.4602166,50.9649922],[56.4490912,51.0573679],[56.5135142,51.0860014],[56.6183219,50.9865312],[56.7213938,50.9743223],[56.7518039,50.9815181],[56.704428,51.077521],[56.7847483,51.0938071],[56.8881298,51.0603432],[56.9431416,51.0875605],[56.9842463,51.0626138],[57.1848637,51.114933],[57.2193288,51.0388567],[57.2894212,51.0378381],[57.3262297,50.9407972],[57.5070278,50.8759514],[57.5590535,50.9358247],[57.7609153,50.9198329],[57.7710682,51.1383543],[57.8690913,51.0989694],[57.9190434,51.1180515],[57.9487408,51.0862528],[58.0879705,51.1212107],[58.0943156,51.0736094],[58.1684839,51.0623425],[58.2160176,51.0967111],[58.2030161,51.128184],[58.3244751,51.1637695],[58.3836744,51.0748381],[58.5216839,51.0835324],[58.6146481,51.0472938],[58.6370453,50.985422],[58.5786111,50.93983],[58.5920341,50.8687071],[58.6890878,50.8857572],[58.6974443,50.8470639],[58.6569681,50.8087994],[58.7743243,50.8155081],[58.8746353,50.6997444],[59.1928817,50.6729181],[59.2783753,50.6333333],[59.47817,50.6417692],[59.5693276,50.581354],[59.4628336,50.584026],[59.4570812,50.5437303],[59.5169415,50.5280741],[59.5099349,50.4947569],[59.6142289,50.5306579],[59.814103,50.5361125],[59.9061992,50.6338697],[59.9975098,50.6748481],[59.9727453,50.7686995],[60.0153456,50.8219131],[60.1880213,50.8392814],[60.2169528,50.8125378],[60.1828422,50.778362],[60.3255457,50.6699979],[60.8086474,50.6562994],[61.449163,50.8063336],[61.567968,51.237725],[61.689558,51.255677],[61.549005,51.323379],[61.500527,51.409259],[60.9991904,51.4675272],[60.9106078,51.5532476],[60.9356265,51.6152641],[60.538034,51.618012],[60.3550043,51.6846657],[60.518878,51.7733024],[60.518456,51.797917],[60.428865,51.79832],[60.144722,51.906717],[60.156951,51.857665],[60.059702,51.869999],[60.074519,51.888273],[60.009622,51.940114],[59.9755675,52.0335692],[59.9077372,52.0399459],[59.9035494,52.0834057],[59.9653598,52.1518157],[60.0615543,52.1731878],[60.173892,52.2602818],[60.1629979,52.4001195],[59.9182594,52.4220205],[59.8241659,52.4800584],[59.7256208,52.4204509],[59.547646,52.4421671],[59.5017357,52.3989777],[59.4145309,52.4608519],[59.4184901,52.487087],[59.2640905,52.483909],[59.2274208,52.4248797],[59.2162566,52.2974766],[59.1656737,52.2765025],[59.0019077,52.3618883],[58.9987501,52.4266302],[58.8590349,52.4467999],[58.8370058,52.3557839],[58.9454276,52.3396888],[58.9524771,52.2816698],[58.8847084,52.2444774],[58.7425545,52.2586696],[58.6684423,52.2986245],[58.6612153,52.1994669],[58.6167245,52.1365927],[58.6515114,52.1300653],[58.6527155,52.0787872],[58.7130984,52.0797327],[58.71282,52.0379833],[58.6591861,52.0305548],[58.6556414,51.8930007],[58.6144128,51.8847545],[58.6154453,51.826519],[58.5747318,51.8270339],[58.5749052,51.7716974],[58.3207468,51.7794249],[58.3134466,51.7522611],[58.1593551,51.7181599],[58.1095348,51.7918769],[57.9551845,51.7937863],[57.9550978,51.8215512],[57.9067394,51.8371402],[57.7543651,51.8253711],[57.6553289,51.8688104],[57.6390096,51.8538648],[57.6697601,51.8303734],[57.6109246,51.7851072],[57.6352333,51.7545725],[57.5737346,51.7256473],[57.3959355,51.7272772],[57.3991149,51.6806374],[57.2109261,51.571272],[57.1605066,51.5757378],[57.0955686,51.6670198],[57.0026863,51.6669837],[56.9968569,51.7205481],[56.958461,51.7457873],[56.8782428,51.7375588],[56.8424808,51.7647727],[56.8009177,51.7506552],[56.8861294,51.6771382],[56.8923021,51.6064332],[56.7311751,51.5867551],[56.7734364,51.6729489],[56.7458375,51.7359207],[56.8066636,51.7426355],[56.6124518,51.8345547],[56.6349095,51.8984993],[56.7380484,51.9119272],[56.7211358,51.9461204],[56.6489109,51.96073],[56.7045979,52.0600578],[56.6440289,52.0971842],[56.6031249,52.0647702],[56.5854695,52.0788253],[56.6223897,52.1241541],[56.5376446,52.1576288],[56.3985202,52.160876],[56.4723458,52.2139027],[56.340797,52.1297978],[56.2013518,52.1402014],[56.2379483,52.2186666],[56.260863,52.2033386],[56.3592062,52.280525],[56.4550195,52.298115],[56.4330794,52.3815271],[56.4908415,52.4436197],[56.4431895,52.4723297],[56.4323923,52.4284067],[56.3826542,52.4198619],[56.3510953,52.4969409],[56.4293178,52.5437454],[56.4059962,52.5597265],[56.4415866,52.5965381],[56.3674237,52.5956127],[56.2640728,52.5440162],[56.1890047,52.598095],[56.156405,52.5893794],[56.1484437,52.6317004],[56.0739659,52.6213038],[56.1268807,52.6456695],[56.0360318,52.6470308],[56.0678334,52.6238632],[56.0064148,52.5489071],[55.9662665,52.5577878],[55.9203326,52.5096664],[55.9221101,52.5528415],[55.8675919,52.5457814],[55.8482364,52.4703085],[55.8866492,52.4085583],[55.8234173,52.3649617],[55.7331899,52.3514994],[55.6779098,52.4043975],[55.6749837,52.3678737],[55.5693596,52.4062421],[55.5250966,52.3875601],[55.4961958,52.416898],[55.5430608,52.4526321],[55.4957743,52.4724966],[55.5251918,52.5139384],[55.4745267,52.5231587],[55.5448443,52.5348394],[55.5100613,52.555206],[55.5241018,52.6042158],[55.4370278,52.5853601],[55.4707624,52.6254772],[55.3721377,52.6753068],[55.3528653,52.6383664],[55.2806184,52.6304185],[55.2690453,52.7001145],[55.2189229,52.7236654],[55.3031014,52.7310147],[55.3154968,52.6939844],[55.3673111,52.6830866],[55.4270817,52.7331121],[55.3390693,52.7685658],[55.4239891,52.792077],[55.4002079,52.8292636],[55.266616,52.8574508],[55.242201,52.8202863],[55.1898949,52.8381667],[55.138172,52.8119184],[55.1527635,52.8405889],[55.1273575,52.8495303],[55.1551221,52.8529672],[55.1231867,52.8709946],[55.1284849,52.907043],[54.9413062,53.1013919],[54.9272619,53.2121668],[54.8317359,53.275137],[54.7428842,53.2264253],[54.6161977,53.2169024],[54.6269367,53.2588481],[54.5516816,53.2631586],[54.5713166,53.3192708],[54.5475721,53.3551775],[54.2961904,53.4058975],[54.2537106,53.3618512],[54.151671,53.3879779],[53.8541623,53.6870376],[53.6423748,53.7554668],[53.5690887,53.9465245],[53.4987091,54.0244101],[53.5109877,54.0542456],[53.4144882,54.0305309],[53.3688603,53.9742444],[53.2868158,54.0295385],[53.2872436,54.0873666],[53.2257713,54.0872746],[53.2543035,54.0980344],[53.2363509,54.1131747],[53.062389,54.0653768],[53.0970165,54.1256899],[52.9689005,54.1825466],[52.9492926,54.2266872],[53.051917,54.2174547],[53.0749253,54.2211048],[53.0331128,54.2448897],[53.1400911,54.2472001],[53.1164262,54.2672193],[53.1546784,54.2889999],[53.0562969,54.3527385],[52.9906464,54.318612],[53.0294656,54.291641],[52.9672773,54.2660905],[52.8905578,54.2769826],[52.9522388,54.3069507],[52.9176558,54.3200392],[52.6964251,54.3607571],[52.6286145,54.3393409],[52.603342,54.3656388],[52.5211383,54.3005194],[52.4293831,54.3108969],[52.3307864,54.2790753],[52.3732146,54.2554672],[52.3625532,54.191199],[52.3047865,54.1737484],[52.3058146,54.1318344],[52.3721922,54.1486579],[52.381433,54.0784023],[52.4888138,54.0543958],[52.3719706,53.9743871],[52.3925009,53.9475283],[52.4208421,53.9662331],[52.4121766,53.9002542],[52.2778863,53.7414357],[52.2646598,53.6623083],[52.2338881,53.6536863],[52.1888369,53.5558802],[52.0976691,53.5582733],[52.0783614,53.4987885],[52.1163641,53.4917663],[52.0952334,53.4644772],[52.1594314,53.4291097],[52.1529814,53.3867858],[52.2118624,53.3808471],[52.173312,53.2973835],[52.1424778,53.3014495],[52.1717715,53.2352454],[52.1269179,53.2332007],[52.1365193,53.1659882],[52.0667174,53.1493166],[52.0802471,53.1228804],[52.1665838,53.1219438],[52.1622667,53.0877586],[52.0500116,53.0905673],[52.0418152,52.964568],[51.887143,52.9497739],[51.8384955,52.865248],[51.7150145,52.8763475],[51.7257378,52.8043812],[51.7665115,52.8003329],[51.7243193,52.6532467],[51.5232279,52.6767634],[51.5304921,52.6319995],[51.4717095,52.6285338],[51.5137509,52.5608448],[51.4516725,52.5687622],[51.461006,52.510296],[51.5490754,52.4637872],[51.5480647,52.4288666],[51.4731521,52.4286634],[51.4610278,52.3656237],[51.3710804,52.3651578],[51.4078182,52.2253836],[51.4617113,52.2251795],[51.3914202,52.0692577],[51.2100237,51.9879367],[51.1437596,51.988392],[51.1268821,51.9261197],[51.0334738,51.9234953],[50.7681628,51.7730366]],[[52.2230539,53.3491069],[52.2467303,53.4011453],[52.3143104,53.3893283],[52.2850979,53.3397746],[52.3037242,53.3280387],[52.2230539,53.3491069]]]}},{"type":"Feature","properties":{"name":"Primorsky Krai"},"geometry":{"type":"MultiPolygon","coordinates":[[[[132.4063493,44.545623],[132.4355839,44.557235],[132.4063493,44.545623]]],[[[131.7795499,43.32791],[131.7795499,43.32791]]],[[[131.8005201,43.3327799],[131.77814,43.35462],[131.7790999,43.31791],[131.8005201,43.3327799]]],[[[131.8360375,43.05845793010252],[131.8360375,43.05845793010252]]],[[[130.9170101,42.4571401],[130.93386,42.47534],[130.9170101,42.4571401]]],[[[131.4618343,42.6729309],[131.4360378,42.6438422],[131.4618343,42.6729309]]],[[[131.52042,42.71557],[131.49951,42.73182],[131.52042,42.71557]]],[[[132.3400128,42.7287113],[132.3705557,42.7319065],[132.3491306,42.7819076],[132.3077784,42.7580832],[132.3400128,42.7287113]]],[[[131.4418801,42.7979901],[131.4418801,42.7979901]]],[[[131.44505,42.8253799],[131.44505,42.8253799]]],[[[132.4240643,42.8372329],[132.4776169,42.8030784],[132.4398503,42.8302003],[132.4584165,42.8600132],[132.4270025,42.9045413],[132.3920557,42.8596913],[132.3970306,42.8260455],[132.4240643,42.8372329]]],[[[131.6664601,42.8906201],[131.6390901,42.8629],[131.67909,42.87198],[131.6664601,42.8906201]]],[[[131.83601626490662,42.93374516641588],[131.8314221,42.9532905],[131.83601626490662,42.93374516641588]]],[[[131.7250699,42.8981],[131.7433149,42.9208124],[131.7089097,42.9212447],[131.7250699,42.8981]]],[[[131.7325231,42.9296346],[131.7620885,42.9616396],[131.7271385,42.9939624],[131.706631,42.9783323],[131.7325231,42.9296346]]],[[[131.8360331,42.9545514],[131.9069599,42.95816],[131.9340601,42.99532],[131.9368177,43.0211424],[131.8924774,43.0330105],[131.9032152,43.0602959],[131.8430995,43.058506],[131.8995516,42.9825789],[131.8058077,43.0624877],[131.804346,43.0224281],[131.7736629,43.011219],[131.8018553,42.9951902],[131.7454851,42.9877338],[131.8360331,42.9545514]]],[[[134.0056443,46.6549283],[133.9130956,46.5961777],[133.8415316,46.4723322],[133.9401648,46.3995158],[133.8615561,46.3435795],[133.9168304,46.3310022],[133.9107072,46.2634815],[133.8536125,46.2485872],[133.8731405,46.2348514],[133.8464964,46.2030769],[133.8066128,46.2292246],[133.7779827,46.1840454],[133.6880023,46.15563],[133.735593,46.0540838],[133.6684747,45.9409946],[133.597739,45.9327202],[133.5847201,45.8672222],[133.504872,45.8887458],[133.4897066,45.8370817],[133.4598966,45.8330083],[133.4976924,45.7780768],[133.4624174,45.777348],[133.479866,45.7381615],[133.4207124,45.6955354],[133.4769609,45.6895987],[133.4802591,45.6573967],[133.4387623,45.6442041],[133.4693452,45.6194379],[133.4046414,45.6170992],[133.4129426,45.5714114],[133.1935684,45.5143389],[133.1339229,45.4272582],[133.1413558,45.375518],[133.0861491,45.2525539],[133.1307251,45.1899739],[133.1328245,45.1257226],[132.9522041,45.0151509],[132.8470664,45.0579392],[132.6481122,44.8549751],[132.6469105,44.742424],[132.6047708,44.6772772],[132.3950833,44.580889],[132.5013417,44.5955593],[132.5322407,44.5537393],[132.320085,44.5389965],[132.2415891,44.572884],[132.2720021,44.6195128],[132.2184437,44.6378378],[132.3102826,44.6259883],[132.079913,44.7041261],[132.0367453,44.8134095],[132.1410401,44.877406],[132.1132153,44.8963348],[132.1307757,44.9679305],[132.1075626,45.0234185],[131.9959242,45.0496594],[132.0577166,45.1117766],[131.9913444,45.1802546],[132.0039963,45.252044],[131.927341,45.280334],[131.909689,45.338238],[131.824245,45.308838],[131.785722,45.210002],[131.673978,45.21957],[131.647047,45.155148],[131.6801768,45.1490385],[131.680045,45.116035],[131.476186,44.993497],[131.484995,44.965596],[131.349244,44.987801],[131.285996,44.926638],[131.210572,44.91477],[131.142807,44.944972],[131.081815,44.92221],[131.071333,44.87928],[130.960509,44.852819],[130.9591261,44.8227039],[131.057196,44.784002],[131.1044767,44.7075263],[131.3032214,44.0439331],[131.2557281,44.0305325],[131.2359598,43.984699],[131.261229,43.9366797],[131.2034061,43.7834921],[131.2333648,43.6635582],[131.207174,43.609291],[131.236837,43.600074],[131.186897,43.558276],[131.296936,43.468961],[131.311365,43.395416],[131.272877,43.375379],[131.247919,43.26232],[131.198564,43.233019],[131.210391,43.143803],[131.095619,43.021124],[131.137532,42.934039],[131.026361,42.925863],[131.035367,42.860293],[130.941738,42.874691],[130.883698,42.850347],[130.826974,42.880665],[130.771956,42.836053],[130.658965,42.845129],[130.394809,42.725705],[130.459173,42.685219],[130.5532698,42.6901398],[130.6155135,42.6290294],[130.6161557,42.5713487],[130.5634567,42.5551144],[130.5529531,42.5189833],[130.6695596,42.3781863],[130.6465382,42.3496818],[130.6652535374871,42.316072882669566],[130.7012443,42.2948632],[130.7783999,42.46477],[130.83835,42.4697299],[130.83122,42.52836],[130.8707701,42.52823],[130.7739218,42.5775766],[130.7944026,42.6339643],[130.6854301,42.55857],[130.6741199,42.59031],[130.71984,42.58552],[130.73887,42.6265601],[130.6522901,42.65787],[130.7214377,42.7014806],[130.7593799,42.6821899],[130.8412618,42.7060537],[130.8337499,42.6738399],[130.77988,42.65698],[130.8799099,42.67643],[130.89607,42.64742],[130.9460766,42.6554115],[130.9238199,42.61154],[130.85617,42.6496099],[130.8080601,42.6336999],[130.92185,42.5924499],[130.9851729,42.6478898],[131.10127,42.61894],[131.0770256,42.638709],[131.1126817,42.6714679],[131.1208374,42.6166977],[131.1848065,42.6024785],[131.14866,42.5821299],[131.2180921,42.5543612],[131.2334709,42.5889289],[131.2012999,42.63708],[131.2517501,42.6915199],[131.2586601,42.77173],[131.3267299,42.7941001],[131.3630756,42.7637763],[131.3596939,42.8228597],[131.4695763,42.8777546],[131.3842866,42.8675692],[131.4096638,42.904445],[131.3763084,42.9431895],[131.4523018,42.9258501],[131.5073172,42.9498272],[131.4957566,42.9833565],[131.4180174,42.982362],[131.5536764,43.0222569],[131.5760402,43.0103619],[131.5363137,42.9902886],[131.5718401,42.99865],[131.561713,43.0392361],[131.6981699,43.18076],[131.6330199,43.1702201],[131.6854099,43.2022193],[131.7283565,43.1617167],[131.7776637,43.1795946],[131.6952231,43.2041152],[131.7608699,43.23367],[131.7552999,43.3472299],[131.7887301,43.3632301],[131.81207,43.3278801],[131.8482101,43.3377701],[131.8225843,43.293454],[131.9728799,43.3124299],[131.99213,43.28327],[131.9682872,43.2578939],[132.0118291,43.2811272],[132.0146727,43.3274013],[132.0720522,43.3132317],[132.002372,43.2619823],[132.0102044,43.237114],[131.9212212,43.2037973],[131.8430539,43.0730396],[131.9072834,43.114377],[131.9333676,43.1069292],[131.8800168,43.0863752],[131.9628052,43.0576199],[132.1132221,43.1934326],[132.2313401,43.2293686],[132.2984341,43.2881027],[132.2882895,43.3146986],[132.3330262,43.3098649],[132.3525015,43.2791073],[132.3058096,43.228347],[132.3900376,43.1894977],[132.3134976,43.16679],[132.3414593,43.120444],[132.3165146,43.1181191],[132.3209963,43.07609],[132.2836945,43.0707647],[132.317152,43.0485624],[132.2905317,42.9151025],[132.3177366,42.8429981],[132.3609145,42.8510573],[132.3745602,42.8845953],[132.3411511,42.9108971],[132.4098537,42.9167495],[132.40508,42.9483187],[132.5200214,42.9040699],[132.5115177,42.8613941],[132.5692634,42.8616115],[132.5700538,42.8378403],[132.6932641,42.8483875],[132.6833276,42.8727539],[132.7630206,42.909671],[132.7852598,42.8910856],[132.7636305,42.8413874],[132.849265,42.7339512],[132.9115632,42.7868389],[132.9063665,42.8099511],[132.8625085,42.7857915],[132.9000843,42.8301024],[133.004596,42.8409447],[132.9882575,42.8073757],[133.0974299,42.7480546],[132.9999671,42.715577],[133.0396764,42.6720869],[133.1492099,42.6848196],[133.2946059,42.7743305],[133.4730228,42.792104],[133.5164715,42.8161799],[133.5041412,42.8341853],[133.5818199,42.8250209],[133.6097701,42.8582202],[133.6850436,42.851324],[133.7248959,42.8071184],[133.86601,42.9080195],[133.9226813,42.8671693],[134.022012,42.9582815],[134.1236384,42.9933692],[134.1865012,43.0715732],[134.3082516,43.0976329],[134.5572966,43.2365718],[134.7783054,43.3086187],[134.793422,43.3490142],[134.9791273,43.4679156],[135.1412472,43.5052188],[135.1744931,43.6093229],[135.2254821,43.635654],[135.2205598,43.7201137],[135.2897675,43.7397317],[135.2507428,43.71212],[135.2781622,43.6864664],[135.4356924,43.7647615],[135.5274994,43.8966129],[135.4592171,43.877545],[135.4895042,43.9035682],[135.452815,43.9482098],[135.5197847,43.9213989],[135.5261708,44.0052639],[135.6323413,44.0353227],[135.6481633,44.1758391],[135.7960806,44.2661538],[135.8779372,44.4107411],[136.1485519,44.4966063],[136.2289284,44.5860514],[136.2109781,44.6297978],[136.2418933,44.6770989],[136.3378363,44.722844],[136.303639,44.7487045],[136.3405511,44.7519459],[136.3712858,44.8049602],[136.4504391,44.7717093],[136.4427058,44.8287039],[136.5430385,44.9016562],[136.5536684,44.9509789],[136.6346372,45.0269485],[136.7650666,45.0925174],[136.8016365,45.1986603],[137.138798,45.3752553],[137.3591489,45.6132753],[137.6875762,45.8100448],[137.7702048,45.9453808],[138.1038145,46.2395335],[138.0963654,46.2898023],[138.1803789,46.4526],[138.3432813,46.5402824],[138.3475965,46.6917404],[138.4844463,46.8575375],[138.5724025,47.0436743],[138.8568354,47.2882973],[138.9905118,47.3166441],[138.9864291,47.3527359],[139.0329652,47.3960422],[138.8609809,47.4701192],[138.7253471,47.4405688],[138.5368395,47.4819826],[138.5976003,47.5210089],[138.5907764,47.5623548],[138.6314605,47.6026401],[138.5066953,47.6770505],[138.5541379,47.717137],[138.7750483,47.7696124],[138.7582189,47.7962488],[138.8322323,47.8670794],[138.7487458,47.8917949],[138.6962697,47.9625604],[138.5769376,48.0317362],[138.623056,48.1138312],[138.6829545,48.1081323],[138.7235723,48.1409303],[138.703497,48.2101053],[138.6319361,48.178699],[138.5223282,48.2139398],[138.5454027,48.2572171],[138.4626458,48.3187729],[138.5003487,48.378936],[138.4741107,48.4144513],[138.307999,48.4645449],[138.1982061,48.4253203],[138.1763385,48.3352741],[138.0123456,48.3096995],[137.9995567,48.2733894],[137.8828061,48.2108417],[137.7825558,48.2324431],[137.7045016,48.2113071],[137.6638191,48.2531834],[137.5919272,48.2452992],[137.5523696,48.2097845],[137.4513236,48.2029607],[137.3082672,48.104368],[137.4251489,47.9881144],[137.6052422,47.9240284],[137.6007355,47.8867652],[137.5119039,47.8742495],[137.413487,47.8058032],[137.4530388,47.7844176],[137.5988028,47.8049433],[137.7831867,47.7023781],[137.8963368,47.7518708],[137.9921769,47.722331],[137.9934636,47.6884293],[138.0563323,47.6958671],[137.9723629,47.6161916],[138.0674163,47.591873],[138.0778571,47.5119821],[137.9967492,47.4604866],[137.9203627,47.4559813],[137.9177869,47.4069883],[137.8747295,47.3753042],[137.5899243,47.3126529],[137.4651865,47.2094468],[137.3355872,47.2123088],[137.2803728,47.2811856],[137.1861769,47.2612316],[137.0975609,47.3048612],[137.0469939,47.2891982],[136.9487907,47.1678251],[136.9253296,47.0794948],[136.9781124,47.0249226],[136.9010816,46.9878745],[136.8855604,46.9443173],[136.8227635,46.9533297],[136.7947255,46.901476],[136.7337162,46.8850263],[136.7381501,46.8571325],[136.6416644,46.8344814],[136.6189204,46.7949803],[136.4491973,46.828955],[136.3836106,46.8136497],[136.3600786,46.7633695],[136.2341986,46.7754579],[136.0632607,46.8701554],[135.9971955,46.8022252],[135.9494468,46.7972418],[135.8366676,46.8285927],[135.7893222,46.8980454],[135.7045167,46.9173384],[135.7554811,46.9456333],[135.7359482,46.9675755],[135.608779,46.9495734],[135.5745356,46.9800394],[135.361515,46.9207174],[135.3505031,46.9690286],[135.3996183,46.9741728],[135.3908571,47.0154905],[135.4304874,47.0502967],[135.2942365,47.1227243],[135.2970507,47.1618715],[135.2333863,47.182129],[135.2165051,47.1613095],[135.0887747,47.214284],[134.9971345,47.1292379],[134.8403045,47.1684669],[134.7735844,47.1239344],[134.7591959,47.1457991],[134.66213,47.1242906],[134.64545,47.069274],[134.5666725,47.0408185],[134.5770413,46.993713],[134.5488257,46.9652571],[134.432107,46.966705],[134.4528455,46.9202426],[134.4074271,46.8609995],[134.4730999,46.7718525],[134.4327455,46.6974972],[134.2086132,46.6523228],[134.0056443,46.6549283]]],[[[131.4175506,42.8503458],[131.417566,42.8503438],[131.4175618,42.8503575],[131.4175506,42.8503458]]],[[[131.4205281,42.852103],[131.4205281,42.852103]]],[[[131.429282,42.8577577],[131.429282,42.8577577]]]]}},{"type":"Feature","properties":{"name":"Bashkortostan"},"geometry":{"type":"Polygon","coordinates":[[[57.4062372,56.3426599],[57.2988185,56.3208356],[57.2980415,56.2722781],[57.1952857,56.2506023],[57.2277882,56.2297634],[57.200482,56.1963901],[57.2354808,56.193584],[57.2037934,56.1693415],[57.0645341,56.1590728],[57.0459641,56.126737],[56.9213333,56.1038833],[56.8779525,56.115109],[56.8499581,56.1663017],[56.7830045,56.1643459],[56.7581603,56.2190497],[56.5947476,56.2629806],[56.506254,56.3440408],[56.5722438,56.389021],[56.5326315,56.3970311],[56.4608273,56.3655929],[56.4056074,56.4053475],[56.3620713,56.3886029],[56.3778036,56.3616239],[56.3246818,56.3652068],[56.2859534,56.3044218],[56.2242351,56.3250292],[56.0811129,56.2903161],[56.0420795,56.3399314],[55.9525358,56.3737547],[55.9198666,56.4495474],[55.8792365,56.4566822],[55.8368102,56.4206498],[55.7073177,56.4357149],[55.6919546,56.4084864],[55.5220327,56.3807459],[55.3852403,56.3170938],[55.2818539,56.3207688],[55.2053143,56.3722263],[55.1857503,56.3048097],[55.139539,56.3110601],[55.1135961,56.3538737],[55.0116891,56.3204017],[54.9435923,56.3372135],[54.9296186,56.3802484],[54.7338208,56.4304092],[54.6821844,56.501397],[54.577733,56.5346435],[54.5025,56.4604],[54.4490009,56.3454123],[54.3942412,56.3819853],[54.3589615,56.35295],[54.362895,56.3119709],[54.4161486,56.3112388],[54.3923222,56.2583217],[54.1951773,56.1982266],[54.0357823,56.0220814],[53.9741646,56.0053886],[53.8453601,56.044852],[53.8017303,55.9882993],[53.8221959,55.9743746],[53.7066133,55.9663651],[53.7102245,55.8930266],[53.7607926,55.9085212],[53.8937193,55.8743277],[53.8561331,55.8497989],[53.9917501,55.8474494],[53.9423121,55.8128676],[53.9562474,55.7805163],[54.053887,55.8074732],[54.0465266,55.7767288],[54.1299271,55.7804508],[54.119054,55.7544598],[54.2087353,55.7027448],[54.2481044,55.7251826],[54.2587991,55.6856163],[54.042572,55.5460772],[53.9664942,55.5310012],[53.9786236,55.4658699],[53.926926,55.4550986],[53.8727613,55.3943657],[53.895764,55.3546509],[53.6903854,55.3271327],[53.6856286,55.2770416],[53.6022691,55.2626421],[53.616626,55.2143228],[53.4269723,55.2300368],[53.3622388,55.2020654],[53.398238,55.1918831],[53.3713329,55.1731098],[53.1582942,55.1657165],[53.164626,55.1091031],[53.2587989,55.1027226],[53.2940451,55.0706749],[53.2763835,55.0409764],[53.4751097,54.978258],[53.5533616,54.8785033],[53.6493044,54.9065858],[53.5889515,54.81584],[53.6287734,54.8106219],[53.6391587,54.747266],[53.5755611,54.6780762],[53.6091005,54.6723918],[53.4234906,54.566018],[53.4346416,54.4809171],[53.4033333,54.4507025],[53.4295404,54.4304591],[53.3876346,54.4193996],[53.4125769,54.3980321],[53.3817647,54.3748462],[53.4320477,54.3287597],[53.4460985,54.2585778],[53.423514,54.2307946],[53.4664668,54.0886749],[53.5165726,54.0495551],[53.4987091,54.0244101],[53.5690887,53.9465245],[53.6423748,53.7554668],[53.8541623,53.6870376],[54.151671,53.3879779],[54.2537106,53.3618512],[54.2961904,53.4058975],[54.5475721,53.3551775],[54.5713166,53.3192708],[54.5516816,53.2631586],[54.6269367,53.2588481],[54.6161977,53.2169024],[54.7428842,53.2264253],[54.8317359,53.275137],[54.9272619,53.2121668],[54.9413062,53.1013919],[55.1284849,52.907043],[55.1231867,52.8709946],[55.1551221,52.8529672],[55.1273575,52.8495303],[55.1527635,52.8405889],[55.138172,52.8119184],[55.1898949,52.8381667],[55.242201,52.8202863],[55.266616,52.8574508],[55.4002079,52.8292636],[55.4239891,52.792077],[55.3390693,52.7685658],[55.4270817,52.7331121],[55.3673111,52.6830866],[55.3154968,52.6939844],[55.3031014,52.7310147],[55.2189229,52.7236654],[55.2690453,52.7001145],[55.2806184,52.6304185],[55.3528653,52.6383664],[55.3721377,52.6753068],[55.4707624,52.6254772],[55.4370278,52.5853601],[55.5241018,52.6042158],[55.5100613,52.555206],[55.5448443,52.5348394],[55.4745267,52.5231587],[55.5251918,52.5139384],[55.4957743,52.4724966],[55.5430608,52.4526321],[55.4961958,52.416898],[55.5250966,52.3875601],[55.5693596,52.4062421],[55.6749837,52.3678737],[55.6779098,52.4043975],[55.7331899,52.3514994],[55.8234173,52.3649617],[55.8866492,52.4085583],[55.8482364,52.4703085],[55.8675919,52.5457814],[55.9221101,52.5528415],[55.9203326,52.5096664],[55.9662665,52.5577878],[56.0064148,52.5489071],[56.0678334,52.6238632],[56.0360318,52.6470308],[56.1268807,52.6456695],[56.0739659,52.6213038],[56.1484437,52.6317004],[56.156405,52.5893794],[56.1890047,52.598095],[56.2640728,52.5440162],[56.3674237,52.5956127],[56.4415866,52.5965381],[56.4059962,52.5597265],[56.4293178,52.5437454],[56.3510953,52.4969409],[56.3826542,52.4198619],[56.4323923,52.4284067],[56.4431895,52.4723297],[56.4908415,52.4436197],[56.4330794,52.3815271],[56.4550195,52.298115],[56.3592062,52.280525],[56.260863,52.2033386],[56.2379483,52.2186666],[56.2013518,52.1402014],[56.340797,52.1297978],[56.4723458,52.2139027],[56.3985202,52.160876],[56.5376446,52.1576288],[56.6223897,52.1241541],[56.5854695,52.0788253],[56.6031249,52.0647702],[56.6440289,52.0971842],[56.7045979,52.0600578],[56.6489109,51.96073],[56.7211358,51.9461204],[56.7380484,51.9119272],[56.6349095,51.8984993],[56.6124518,51.8345547],[56.8066636,51.7426355],[56.7458375,51.7359207],[56.7734364,51.6729489],[56.7311751,51.5867551],[56.8923021,51.6064332],[56.8861294,51.6771382],[56.8009177,51.7506552],[56.8424808,51.7647727],[56.8782428,51.7375588],[56.958461,51.7457873],[56.9968569,51.7205481],[57.0026863,51.6669837],[57.0955686,51.6670198],[57.1605066,51.5757378],[57.2109261,51.571272],[57.3991149,51.6806374],[57.3959355,51.7272772],[57.5737346,51.7256473],[57.6352333,51.7545725],[57.6109246,51.7851072],[57.6697601,51.8303734],[57.6390096,51.8538648],[57.6553289,51.8688104],[57.7543651,51.8253711],[57.9067394,51.8371402],[57.9550978,51.8215512],[57.9551845,51.7937863],[58.1095348,51.7918769],[58.1593551,51.7181599],[58.3134466,51.7522611],[58.3207468,51.7794249],[58.5749052,51.7716974],[58.5747318,51.8270339],[58.6154453,51.826519],[58.6144128,51.8847545],[58.6556414,51.8930007],[58.6591861,52.0305548],[58.71282,52.0379833],[58.7130984,52.0797327],[58.6527155,52.0787872],[58.6515114,52.1300653],[58.6167245,52.1365927],[58.6612153,52.1994669],[58.6684423,52.2986245],[58.7425545,52.2586696],[58.8847084,52.2444774],[58.9531642,52.2839889],[58.9454276,52.3396888],[58.8370058,52.3557839],[58.8549267,52.4258061],[58.7961479,52.4317922],[58.7978496,52.4686167],[58.7701779,52.4711707],[58.781245,52.5203942],[58.8382913,52.5208206],[58.8389284,52.5659998],[58.7510163,52.6110183],[58.7510148,52.6579003],[58.8046568,52.6950863],[58.7608004,52.8496324],[58.8123095,52.9403106],[58.8610541,52.9444087],[58.8391271,53.0240174],[58.9923853,53.0364181],[58.9134139,53.0560534],[58.9065975,53.2114398],[58.8722749,53.2018174],[58.8753052,53.2766805],[58.9002097,53.2765211],[58.9063739,53.5477025],[58.8131415,53.5496704],[58.8221286,53.6082928],[58.9114498,53.6566981],[58.8831657,53.7464586],[58.9255235,53.7848268],[58.907744,53.8626625],[58.9648984,53.9078593],[58.9106186,53.9287719],[58.9482934,53.9669272],[59.1398668,53.9650137],[59.3256543,54.1877931],[59.5268377,54.1874017],[59.7079825,54.1416393],[59.7107481,54.1900113],[59.7892914,54.2443443],[59.7550187,54.3142678],[59.6717898,54.3396502],[59.7360713,54.400688],[59.7399009,54.4556587],[59.6464888,54.484027],[59.8537755,54.6090243],[59.9469169,54.7698728],[59.9382736,54.8178924],[60.0018089,54.8641348],[59.842486,54.8418379],[59.6179759,54.9061115],[59.5368198,54.8414086],[59.5227732,54.779786],[59.2888449,54.6582413],[59.2662835,54.6115187],[59.0653429,54.6496712],[58.9536968,54.5843707],[58.7392463,54.5369058],[58.7149824,54.4778905],[58.6085533,54.4593174],[58.3852605,54.5601031],[58.1634628,54.5102385],[58.0121238,54.3967833],[57.7533609,54.5016684],[57.7633857,54.5629285],[57.6270537,54.6176723],[57.6031516,54.6785901],[57.5206229,54.6537505],[57.4848621,54.6652444],[57.5161514,54.6922777],[57.4761333,54.7099977],[57.2449659,54.7724688],[57.1413004,54.856919],[57.2596464,54.9605291],[57.1913181,54.9730869],[57.2055785,55.0056544],[57.1312877,55.0850495],[57.1564036,55.127249],[57.2641088,55.170088],[57.2125957,55.2008453],[57.2204702,55.2366056],[57.2632555,55.2191517],[57.246225,55.2660335],[57.3260475,55.2596488],[57.3939475,55.3172277],[57.5301008,55.3370193],[57.6412906,55.3014792],[57.9407839,55.2957356],[58.1366176,55.2111268],[58.0412587,55.1539733],[57.9874952,55.1572198],[57.9917897,55.091641],[58.0404104,55.0681914],[58.027003,54.9912963],[57.9329207,54.9486171],[58.0050815,54.9061528],[58.1289641,54.9483534],[58.1410959,54.9816658],[58.1010782,54.9871997],[58.1335249,54.9979366],[58.0874543,55.0129553],[58.1808472,55.0311483],[58.1492531,55.0560854],[58.2014761,55.0919936],[58.1398002,55.0862313],[58.1589717,55.1054962],[58.1288043,55.1259132],[58.2487009,55.1707911],[58.3616458,55.1422956],[58.3469265,55.1038488],[58.4003551,55.0795304],[58.3792851,55.0657791],[58.4297302,55.0662803],[58.422069,55.0179082],[58.4532786,54.99672],[58.5484648,55.026735],[58.4926191,54.9833267],[58.6726427,54.9610518],[58.7270877,54.9678638],[58.829204,55.0499254],[58.7334786,55.1201902],[58.5752569,55.1609642],[58.6223039,55.1950171],[58.7141077,55.1394537],[58.7554015,55.16372],[58.7730671,55.2125711],[58.6930313,55.2319403],[58.7094197,55.2796739],[58.9318581,55.2720137],[58.9333355,55.2944879],[58.8377735,55.2933516],[58.8469252,55.3268236],[58.9114216,55.3263987],[58.9652755,55.3159693],[58.9854995,55.2480145],[59.101292,55.3328399],[59.1781342,55.3345436],[59.1843053,55.38696],[59.1442868,55.4125557],[59.183238,55.4684315],[59.3803449,55.4980743],[59.4640736,55.4736187],[59.5789421,55.5165952],[59.6549303,55.5918947],[59.4684945,55.5948279],[59.4644191,55.6434574],[59.3909825,55.6447337],[59.2496461,55.5814599],[59.2504966,55.6070029],[59.3365851,55.6327946],[59.2756103,55.7091219],[59.3183929,55.7671262],[59.1377677,55.7887132],[59.133416,55.8200193],[59.2251193,55.8497628],[59.2043396,55.8854653],[59.2493793,55.942062],[59.2162135,55.9518327],[59.1925833,56.0251621],[59.3081653,56.0462896],[59.3326353,56.1646826],[59.2585615,56.1309999],[59.0418325,56.1718059],[59.0141804,56.1039087],[58.9004971,56.0532241],[58.8321552,56.0848434],[58.7326133,56.0808705],[58.7138684,56.1162008],[58.6435467,56.1173274],[58.5581059,56.1732285],[58.3845276,56.0817762],[58.3456322,56.0844532],[58.3490878,56.1215635],[58.2571304,56.1047805],[58.1645412,56.1407151],[57.9190855,56.105795],[57.8607113,56.1487727],[57.6862416,56.1366225],[57.5976238,56.0853868],[57.4664816,56.1269749],[57.5057578,56.1995851],[57.4102968,56.2613534],[57.4325038,56.3130922],[57.4062372,56.3426599]]]}}]}